galaxy_id,true_label,predicted_label,correct
74284,barred_spirals,barred_spirals,True
168140,barred_spirals,in_between_elliptical,False
47693,barred_spirals,barred_spirals,True
107704,barred_spirals,barred_spirals,True
252414,barred_spirals,barred_spirals,True
164456,barred_spirals,barred_spirals,True
59925,barred_spirals,barred_spirals,True
85672,barred_spirals,barred_spirals,True
193864,barred_spirals,barred_spirals,True
14883,barred_spirals,barred_spirals,True
160541,barred_spirals,barred_spirals,True
110602,barred_spirals,barred_spirals,True
105760,barred_spirals,barred_spirals,True
32882,barred_spirals,barred_spirals,True
195769,barred_spirals,barred_spirals,True
239189,barred_spirals,barred_spirals,True
71730,barred_spirals,barred_spirals,True
267173,barred_spirals,barred_spirals,True
112768,barred_spirals,barred_spirals,True
191862,barred_spirals,barred_spirals,True
35381,barred_spirals,in_between_elliptical,False
263430,barred_spirals,unbarred_spirals,False
247474,barred_spirals,barred_spirals,True
173617,barred_spirals,barred_spirals,True
16748,barred_spirals,unbarred_spirals,False
144186,barred_spirals,unbarred_spirals,False
192420,barred_spirals,unbarred_spirals,False
173497,barred_spirals,barred_spirals,True
46405,barred_spirals,barred_spirals,True
46475,barred_spirals,barred_spirals,True
64453,barred_spirals,barred_spirals,True
232318,barred_spirals,barred_spirals,True
151880,barred_spirals,barred_spirals,True
170710,barred_spirals,barred_spirals,True
16386,barred_spirals,barred_spirals,True
245461,barred_spirals,barred_spirals,True
201230,barred_spirals,barred_spirals,True
31669,barred_spirals,cigar_shaped_elliptical,False
110026,barred_spirals,barred_spirals,True
259007,barred_spirals,barred_spirals,True
123275,barred_spirals,unbarred_spirals,False
291052,barred_spirals,round_elliptical,False
24283,barred_spirals,barred_spirals,True
37831,barred_spirals,barred_spirals,True
117352,barred_spirals,barred_spirals,True
135332,barred_spirals,barred_spirals,True
178809,barred_spirals,barred_spirals,True
124657,barred_spirals,barred_spirals,True
251829,barred_spirals,barred_spirals,True
23341,barred_spirals,barred_spirals,True
30343,barred_spirals,barred_spirals,True
81675,barred_spirals,barred_spirals,True
230714,barred_spirals,barred_spirals,True
150191,barred_spirals,barred_spirals,True
228933,barred_spirals,barred_spirals,True
171299,barred_spirals,barred_spirals,True
86887,barred_spirals,barred_spirals,True
267983,barred_spirals,barred_spirals,True
105928,barred_spirals,barred_spirals,True
248454,barred_spirals,barred_spirals,True
121948,barred_spirals,barred_spirals,True
161915,barred_spirals,barred_spirals,True
272531,barred_spirals,barred_spirals,True
56038,barred_spirals,barred_spirals,True
186595,barred_spirals,in_between_elliptical,False
213869,barred_spirals,barred_spirals,True
88017,barred_spirals,barred_spirals,True
92608,barred_spirals,barred_spirals,True
1881,barred_spirals,barred_spirals,True
151392,barred_spirals,barred_spirals,True
135044,barred_spirals,barred_spirals,True
242947,barred_spirals,barred_spirals,True
253183,barred_spirals,irregular,False
1844,barred_spirals,unbarred_spirals,False
25564,barred_spirals,barred_spirals,True
2774,barred_spirals,barred_spirals,True
258063,barred_spirals,unbarred_spirals,False
206165,barred_spirals,barred_spirals,True
153255,barred_spirals,unbarred_spirals,False
103151,barred_spirals,barred_spirals,True
272626,barred_spirals,unbarred_spirals,False
23346,barred_spirals,barred_spirals,True
257907,barred_spirals,barred_spirals,True
113246,barred_spirals,barred_spirals,True
32458,barred_spirals,barred_spirals,True
180697,barred_spirals,barred_spirals,True
19872,barred_spirals,barred_spirals,True
216591,barred_spirals,round_elliptical,False
206056,barred_spirals,barred_spirals,True
175699,barred_spirals,barred_spirals,True
207482,barred_spirals,barred_spirals,True
213828,barred_spirals,unbarred_spirals,False
176413,barred_spirals,barred_spirals,True
169180,barred_spirals,barred_spirals,True
209879,barred_spirals,barred_spirals,True
96888,barred_spirals,barred_spirals,True
216272,barred_spirals,unbarred_spirals,False
60217,barred_spirals,barred_spirals,True
105913,barred_spirals,barred_spirals,True
243561,barred_spirals,barred_spirals,True
249109,barred_spirals,irregular,False
107682,barred_spirals,barred_spirals,True
267759,barred_spirals,barred_spirals,True
18307,barred_spirals,barred_spirals,True
176528,barred_spirals,barred_spirals,True
57908,barred_spirals,barred_spirals,True
121358,barred_spirals,barred_spirals,True
259447,barred_spirals,unbarred_spirals,False
133713,barred_spirals,barred_spirals,True
160450,barred_spirals,barred_spirals,True
10448,barred_spirals,barred_spirals,True
2344,barred_spirals,barred_spirals,True
185529,barred_spirals,barred_spirals,True
210331,barred_spirals,barred_spirals,True
242908,barred_spirals,barred_spirals,True
234214,barred_spirals,barred_spirals,True
164514,barred_spirals,barred_spirals,True
259573,barred_spirals,irregular,False
69715,barred_spirals,irregular,False
281308,barred_spirals,unbarred_spirals,False
161485,barred_spirals,barred_spirals,True
227427,barred_spirals,barred_spirals,True
60179,barred_spirals,barred_spirals,True
117044,barred_spirals,barred_spirals,True
31283,barred_spirals,unbarred_spirals,False
182097,barred_spirals,barred_spirals,True
120100,barred_spirals,barred_spirals,True
237462,barred_spirals,barred_spirals,True
266477,barred_spirals,barred_spirals,True
241808,barred_spirals,barred_spirals,True
3091,barred_spirals,barred_spirals,True
128724,barred_spirals,edge_on,False
27570,barred_spirals,cigar_shaped_elliptical,False
73276,barred_spirals,barred_spirals,True
43937,barred_spirals,barred_spirals,True
88496,barred_spirals,unbarred_spirals,False
78833,barred_spirals,barred_spirals,True
123106,barred_spirals,barred_spirals,True
291396,barred_spirals,barred_spirals,True
215334,barred_spirals,irregular,False
143591,barred_spirals,unbarred_spirals,False
109265,barred_spirals,unbarred_spirals,False
95048,barred_spirals,barred_spirals,True
37875,barred_spirals,barred_spirals,True
154188,barred_spirals,barred_spirals,True
156902,barred_spirals,unbarred_spirals,False
129958,barred_spirals,barred_spirals,True
68506,barred_spirals,barred_spirals,True
132997,barred_spirals,barred_spirals,True
113833,barred_spirals,barred_spirals,True
148314,barred_spirals,unbarred_spirals,False
215299,barred_spirals,barred_spirals,True
39066,barred_spirals,barred_spirals,True
207141,barred_spirals,barred_spirals,True
196450,barred_spirals,barred_spirals,True
238540,barred_spirals,unbarred_spirals,False
148456,barred_spirals,barred_spirals,True
91732,barred_spirals,barred_spirals,True
219517,barred_spirals,barred_spirals,True
92511,barred_spirals,barred_spirals,True
191596,barred_spirals,barred_spirals,True
219591,barred_spirals,barred_spirals,True
281916,barred_spirals,barred_spirals,True
149747,barred_spirals,barred_spirals,True
229295,barred_spirals,barred_spirals,True
224809,barred_spirals,barred_spirals,True
263837,barred_spirals,barred_spirals,True
195888,barred_spirals,barred_spirals,True
95478,barred_spirals,in_between_elliptical,False
97029,barred_spirals,barred_spirals,True
145513,barred_spirals,barred_spirals,True
264688,barred_spirals,barred_spirals,True
137255,barred_spirals,barred_spirals,True
262774,barred_spirals,barred_spirals,True
1641,barred_spirals,barred_spirals,True
180099,barred_spirals,barred_spirals,True
251486,barred_spirals,cigar_shaped_elliptical,False
108582,barred_spirals,barred_spirals,True
1817,barred_spirals,barred_spirals,True
171040,barred_spirals,barred_spirals,True
212323,barred_spirals,unbarred_spirals,False
211925,barred_spirals,barred_spirals,True
226189,barred_spirals,barred_spirals,True
15128,barred_spirals,barred_spirals,True
232864,barred_spirals,irregular,False
24202,barred_spirals,barred_spirals,True
71335,barred_spirals,barred_spirals,True
123573,barred_spirals,barred_spirals,True
69930,barred_spirals,barred_spirals,True
255789,barred_spirals,barred_spirals,True
205781,barred_spirals,barred_spirals,True
234637,barred_spirals,barred_spirals,True
47762,barred_spirals,barred_spirals,True
56490,barred_spirals,barred_spirals,True
208624,barred_spirals,barred_spirals,True
290076,barred_spirals,in_between_elliptical,False
195957,barred_spirals,barred_spirals,True
160891,barred_spirals,barred_spirals,True
53423,barred_spirals,barred_spirals,True
55891,barred_spirals,barred_spirals,True
185287,barred_spirals,barred_spirals,True
18797,barred_spirals,barred_spirals,True
171158,barred_spirals,barred_spirals,True
21884,barred_spirals,barred_spirals,True
103842,barred_spirals,barred_spirals,True
25206,barred_spirals,barred_spirals,True
75957,barred_spirals,irregular,False
161032,barred_spirals,barred_spirals,True
28139,barred_spirals,barred_spirals,True
152278,barred_spirals,barred_spirals,True
236361,barred_spirals,barred_spirals,True
1103,barred_spirals,barred_spirals,True
106681,barred_spirals,barred_spirals,True
157912,barred_spirals,cigar_shaped_elliptical,False
198763,barred_spirals,barred_spirals,True
257341,barred_spirals,barred_spirals,True
28828,barred_spirals,barred_spirals,True
103810,barred_spirals,merger,False
92912,barred_spirals,barred_spirals,True
228724,barred_spirals,barred_spirals,True
87514,barred_spirals,barred_spirals,True
162107,barred_spirals,barred_spirals,True
254958,barred_spirals,in_between_elliptical,False
32629,barred_spirals,barred_spirals,True
40820,barred_spirals,barred_spirals,True
102888,barred_spirals,barred_spirals,True
259245,barred_spirals,unbarred_spirals,False
51309,barred_spirals,in_between_elliptical,False
188924,barred_spirals,barred_spirals,True
227008,barred_spirals,unbarred_spirals,False
263535,barred_spirals,barred_spirals,True
40240,barred_spirals,cigar_shaped_elliptical,False
206402,barred_spirals,barred_spirals,True
141631,barred_spirals,barred_spirals,True
96562,barred_spirals,barred_spirals,True
39805,barred_spirals,barred_spirals,True
237661,barred_spirals,barred_spirals,True
61682,barred_spirals,merger,False
266826,barred_spirals,barred_spirals,True
165583,barred_spirals,barred_spirals,True
262344,barred_spirals,irregular,False
174724,barred_spirals,unbarred_spirals,False
222731,barred_spirals,barred_spirals,True
80125,barred_spirals,barred_spirals,True
34328,barred_spirals,barred_spirals,True
74053,barred_spirals,barred_spirals,True
265812,barred_spirals,barred_spirals,True
32171,barred_spirals,irregular,False
66278,barred_spirals,barred_spirals,True
278411,barred_spirals,barred_spirals,True
87708,barred_spirals,barred_spirals,True
154194,barred_spirals,barred_spirals,True
267889,barred_spirals,barred_spirals,True
238752,barred_spirals,merger,False
187528,barred_spirals,barred_spirals,True
36755,barred_spirals,barred_spirals,True
132873,barred_spirals,barred_spirals,True
137450,barred_spirals,barred_spirals,True
167101,barred_spirals,unbarred_spirals,False
119159,barred_spirals,in_between_elliptical,False
117675,barred_spirals,unbarred_spirals,False
159430,barred_spirals,unbarred_spirals,False
171151,barred_spirals,in_between_elliptical,False
219462,barred_spirals,barred_spirals,True
142376,barred_spirals,barred_spirals,True
92946,barred_spirals,barred_spirals,True
204328,barred_spirals,barred_spirals,True
179925,barred_spirals,irregular,False
118553,barred_spirals,barred_spirals,True
26608,barred_spirals,barred_spirals,True
114085,barred_spirals,irregular,False
179844,barred_spirals,barred_spirals,True
85162,barred_spirals,barred_spirals,True
108825,barred_spirals,barred_spirals,True
149144,barred_spirals,barred_spirals,True
15196,barred_spirals,barred_spirals,True
162089,barred_spirals,barred_spirals,True
19632,barred_spirals,barred_spirals,True
159316,barred_spirals,barred_spirals,True
32755,barred_spirals,barred_spirals,True
80461,barred_spirals,barred_spirals,True
235234,barred_spirals,barred_spirals,True
276855,barred_spirals,barred_spirals,True
269520,barred_spirals,unbarred_spirals,False
2842,barred_spirals,barred_spirals,True
1283,barred_spirals,barred_spirals,True
46497,barred_spirals,irregular,False
272042,barred_spirals,unbarred_spirals,False
163671,barred_spirals,barred_spirals,True
279580,barred_spirals,barred_spirals,True
185858,barred_spirals,barred_spirals,True
184248,barred_spirals,barred_spirals,True
119037,barred_spirals,unbarred_spirals,False
211745,barred_spirals,barred_spirals,True
234370,barred_spirals,barred_spirals,True
97469,barred_spirals,barred_spirals,True
84834,barred_spirals,barred_spirals,True
222077,barred_spirals,barred_spirals,True
143438,barred_spirals,barred_spirals,True
176573,barred_spirals,irregular,False
3164,barred_spirals,in_between_elliptical,False
133455,barred_spirals,barred_spirals,True
8261,barred_spirals,barred_spirals,True
242580,barred_spirals,barred_spirals,True
36965,barred_spirals,barred_spirals,True
108400,barred_spirals,barred_spirals,True
246565,barred_spirals,barred_spirals,True
230080,barred_spirals,barred_spirals,True
88522,barred_spirals,barred_spirals,True
36366,barred_spirals,barred_spirals,True
274671,barred_spirals,barred_spirals,True
55546,barred_spirals,barred_spirals,True
214260,barred_spirals,barred_spirals,True
126920,barred_spirals,barred_spirals,True
4293,barred_spirals,barred_spirals,True
255074,barred_spirals,barred_spirals,True
181440,barred_spirals,barred_spirals,True
111027,barred_spirals,barred_spirals,True
37431,barred_spirals,irregular,False
89480,barred_spirals,barred_spirals,True
37932,barred_spirals,unbarred_spirals,False
127981,barred_spirals,barred_spirals,True
79850,barred_spirals,barred_spirals,True
153750,barred_spirals,unbarred_spirals,False
89972,barred_spirals,barred_spirals,True
289973,barred_spirals,barred_spirals,True
136792,barred_spirals,barred_spirals,True
255813,barred_spirals,barred_spirals,True
52586,barred_spirals,barred_spirals,True
98368,barred_spirals,irregular,False
172675,barred_spirals,unbarred_spirals,False
264217,barred_spirals,barred_spirals,True
96362,barred_spirals,barred_spirals,True
87696,barred_spirals,barred_spirals,True
114935,barred_spirals,edge_on,False
250445,barred_spirals,barred_spirals,True
23924,barred_spirals,barred_spirals,True
177760,barred_spirals,barred_spirals,True
60612,barred_spirals,barred_spirals,True
116324,barred_spirals,barred_spirals,True
213683,barred_spirals,barred_spirals,True
60465,barred_spirals,barred_spirals,True
41299,barred_spirals,barred_spirals,True
148415,barred_spirals,barred_spirals,True
16172,barred_spirals,barred_spirals,True
154474,barred_spirals,barred_spirals,True
66969,barred_spirals,barred_spirals,True
212032,barred_spirals,barred_spirals,True
62478,barred_spirals,barred_spirals,True
178181,barred_spirals,barred_spirals,True
259217,barred_spirals,barred_spirals,True
237467,barred_spirals,barred_spirals,True
41566,barred_spirals,barred_spirals,True
207903,barred_spirals,barred_spirals,True
256502,barred_spirals,barred_spirals,True
162803,barred_spirals,in_between_elliptical,False
218304,barred_spirals,barred_spirals,True
203679,barred_spirals,unbarred_spirals,False
140906,barred_spirals,barred_spirals,True
56646,barred_spirals,barred_spirals,True
283058,barred_spirals,barred_spirals,True
193199,barred_spirals,barred_spirals,True
34341,barred_spirals,barred_spirals,True
20608,barred_spirals,in_between_elliptical,False
91678,barred_spirals,barred_spirals,True
198841,barred_spirals,barred_spirals,True
22109,barred_spirals,barred_spirals,True
103509,barred_spirals,barred_spirals,True
278734,barred_spirals,barred_spirals,True
150294,barred_spirals,barred_spirals,True
23205,barred_spirals,barred_spirals,True
103060,barred_spirals,barred_spirals,True
207079,barred_spirals,unbarred_spirals,False
278002,barred_spirals,barred_spirals,True
178317,barred_spirals,barred_spirals,True
161612,barred_spirals,barred_spirals,True
251825,barred_spirals,barred_spirals,True
259109,barred_spirals,barred_spirals,True
138976,barred_spirals,barred_spirals,True
133449,barred_spirals,barred_spirals,True
225768,barred_spirals,edge_on,False
65548,barred_spirals,barred_spirals,True
263086,barred_spirals,barred_spirals,True
232053,barred_spirals,barred_spirals,True
168710,barred_spirals,barred_spirals,True
25139,barred_spirals,barred_spirals,True
261,barred_spirals,barred_spirals,True
177485,barred_spirals,barred_spirals,True
105615,barred_spirals,barred_spirals,True
83379,barred_spirals,barred_spirals,True
167297,barred_spirals,barred_spirals,True
160731,barred_spirals,barred_spirals,True
173942,barred_spirals,barred_spirals,True
246974,barred_spirals,barred_spirals,True
277660,barred_spirals,in_between_elliptical,False
225091,barred_spirals,barred_spirals,True
292520,barred_spirals,barred_spirals,True
17227,barred_spirals,barred_spirals,True
77156,barred_spirals,barred_spirals,True
108002,barred_spirals,barred_spirals,True
8506,barred_spirals,unbarred_spirals,False
60589,barred_spirals,barred_spirals,True
166194,barred_spirals,barred_spirals,True
109569,barred_spirals,barred_spirals,True
256905,barred_spirals,barred_spirals,True
222612,barred_spirals,barred_spirals,True
137557,barred_spirals,barred_spirals,True
76660,barred_spirals,barred_spirals,True
205897,barred_spirals,barred_spirals,True
132960,barred_spirals,barred_spirals,True
142971,barred_spirals,barred_spirals,True
286756,barred_spirals,barred_spirals,True
90979,barred_spirals,unbarred_spirals,False
35964,barred_spirals,barred_spirals,True
39535,barred_spirals,irregular,False
34788,barred_spirals,barred_spirals,True
106523,barred_spirals,barred_spirals,True
61733,barred_spirals,barred_spirals,True
33344,barred_spirals,barred_spirals,True
245483,barred_spirals,barred_spirals,True
180790,barred_spirals,barred_spirals,True
112440,barred_spirals,barred_spirals,True
218625,barred_spirals,unbarred_spirals,False
223935,barred_spirals,barred_spirals,True
18002,barred_spirals,barred_spirals,True
148851,barred_spirals,barred_spirals,True
191934,barred_spirals,barred_spirals,True
7526,barred_spirals,barred_spirals,True
48140,barred_spirals,in_between_elliptical,False
228042,barred_spirals,barred_spirals,True
96695,barred_spirals,barred_spirals,True
226747,barred_spirals,barred_spirals,True
76743,barred_spirals,barred_spirals,True
112978,barred_spirals,barred_spirals,True
119442,barred_spirals,unbarred_spirals,False
164490,barred_spirals,barred_spirals,True
11890,barred_spirals,barred_spirals,True
211500,barred_spirals,barred_spirals,True
67636,barred_spirals,barred_spirals,True
40348,barred_spirals,barred_spirals,True
197772,barred_spirals,barred_spirals,True
253288,barred_spirals,irregular,False
191869,barred_spirals,barred_spirals,True
77763,barred_spirals,barred_spirals,True
137012,barred_spirals,barred_spirals,True
59566,barred_spirals,barred_spirals,True
256730,barred_spirals,barred_spirals,True
41666,barred_spirals,barred_spirals,True
242646,barred_spirals,barred_spirals,True
123052,barred_spirals,barred_spirals,True
5261,barred_spirals,barred_spirals,True
243978,barred_spirals,barred_spirals,True
253669,barred_spirals,barred_spirals,True
138874,barred_spirals,barred_spirals,True
73639,barred_spirals,barred_spirals,True
219508,barred_spirals,barred_spirals,True
69922,barred_spirals,barred_spirals,True
89213,barred_spirals,barred_spirals,True
181602,barred_spirals,barred_spirals,True
113194,barred_spirals,merger,False
137224,barred_spirals,barred_spirals,True
228049,barred_spirals,barred_spirals,True
15587,barred_spirals,barred_spirals,True
137506,barred_spirals,barred_spirals,True
250825,barred_spirals,irregular,False
85363,barred_spirals,barred_spirals,True
51468,barred_spirals,merger,False
195251,barred_spirals,barred_spirals,True
32041,barred_spirals,barred_spirals,True
120413,barred_spirals,unbarred_spirals,False
280272,barred_spirals,barred_spirals,True
219009,barred_spirals,barred_spirals,True
239292,barred_spirals,barred_spirals,True
149900,barred_spirals,barred_spirals,True
172534,barred_spirals,barred_spirals,True
223202,barred_spirals,irregular,False
164136,barred_spirals,barred_spirals,True
100094,barred_spirals,barred_spirals,True
111963,barred_spirals,unbarred_spirals,False
90705,barred_spirals,barred_spirals,True
190907,barred_spirals,unbarred_spirals,False
174182,barred_spirals,barred_spirals,True
265346,barred_spirals,unbarred_spirals,False
15896,barred_spirals,in_between_elliptical,False
245772,barred_spirals,barred_spirals,True
100637,barred_spirals,barred_spirals,True
1541,barred_spirals,barred_spirals,True
73408,barred_spirals,barred_spirals,True
66484,barred_spirals,barred_spirals,True
212847,barred_spirals,barred_spirals,True
160253,barred_spirals,barred_spirals,True
114762,barred_spirals,unbarred_spirals,False
40335,barred_spirals,barred_spirals,True
116269,barred_spirals,barred_spirals,True
80757,barred_spirals,barred_spirals,True
250761,barred_spirals,barred_spirals,True
36897,barred_spirals,barred_spirals,True
48186,barred_spirals,barred_spirals,True
57571,barred_spirals,barred_spirals,True
108797,barred_spirals,barred_spirals,True
231551,barred_spirals,barred_spirals,True
262749,barred_spirals,barred_spirals,True
32597,barred_spirals,barred_spirals,True
214975,barred_spirals,merger,False
140532,barred_spirals,barred_spirals,True
149638,barred_spirals,barred_spirals,True
170707,barred_spirals,irregular,False
164463,barred_spirals,barred_spirals,True
81750,barred_spirals,unbarred_spirals,False
151979,barred_spirals,barred_spirals,True
119974,barred_spirals,barred_spirals,True
234325,barred_spirals,barred_spirals,True
204351,barred_spirals,barred_spirals,True
282659,barred_spirals,barred_spirals,True
178854,barred_spirals,barred_spirals,True
72806,barred_spirals,irregular,False
177789,barred_spirals,barred_spirals,True
80579,barred_spirals,barred_spirals,True
140114,barred_spirals,barred_spirals,True
204078,barred_spirals,barred_spirals,True
173088,barred_spirals,barred_spirals,True
216874,barred_spirals,merger,False
233668,barred_spirals,barred_spirals,True
197895,barred_spirals,barred_spirals,True
100884,barred_spirals,barred_spirals,True
27166,barred_spirals,merger,False
194341,barred_spirals,barred_spirals,True
48042,barred_spirals,in_between_elliptical,False
98570,barred_spirals,barred_spirals,True
41399,barred_spirals,barred_spirals,True
93394,barred_spirals,barred_spirals,True
197060,barred_spirals,barred_spirals,True
95764,barred_spirals,barred_spirals,True
120851,barred_spirals,barred_spirals,True
260843,barred_spirals,in_between_elliptical,False
205585,barred_spirals,barred_spirals,True
182196,barred_spirals,barred_spirals,True
72911,barred_spirals,barred_spirals,True
128810,barred_spirals,barred_spirals,True
24905,barred_spirals,unbarred_spirals,False
16258,barred_spirals,barred_spirals,True
151353,barred_spirals,in_between_elliptical,False
185777,barred_spirals,barred_spirals,True
15043,barred_spirals,barred_spirals,True
263607,barred_spirals,irregular,False
47585,barred_spirals,barred_spirals,True
89889,barred_spirals,barred_spirals,True
153404,barred_spirals,barred_spirals,True
90690,barred_spirals,barred_spirals,True
162694,barred_spirals,barred_spirals,True
227153,barred_spirals,barred_spirals,True
204843,barred_spirals,barred_spirals,True
255035,barred_spirals,barred_spirals,True
197443,barred_spirals,barred_spirals,True
109221,barred_spirals,barred_spirals,True
83156,barred_spirals,barred_spirals,True
83896,barred_spirals,barred_spirals,True
93157,barred_spirals,barred_spirals,True
241894,barred_spirals,barred_spirals,True
56401,barred_spirals,barred_spirals,True
182402,barred_spirals,barred_spirals,True
287338,barred_spirals,barred_spirals,True
239936,barred_spirals,barred_spirals,True
45533,barred_spirals,barred_spirals,True
79505,barred_spirals,barred_spirals,True
166943,barred_spirals,barred_spirals,True
211285,barred_spirals,barred_spirals,True
130819,barred_spirals,barred_spirals,True
60571,barred_spirals,barred_spirals,True
142067,barred_spirals,barred_spirals,True
31115,barred_spirals,barred_spirals,True
55870,barred_spirals,barred_spirals,True
35300,barred_spirals,barred_spirals,True
85458,barred_spirals,barred_spirals,True
75609,barred_spirals,irregular,False
198652,barred_spirals,barred_spirals,True
166780,barred_spirals,barred_spirals,True
157221,barred_spirals,barred_spirals,True
266713,barred_spirals,barred_spirals,True
79555,barred_spirals,barred_spirals,True
207287,barred_spirals,barred_spirals,True
46569,barred_spirals,barred_spirals,True
218609,barred_spirals,barred_spirals,True
157882,barred_spirals,unbarred_spirals,False
275983,barred_spirals,barred_spirals,True
91505,barred_spirals,barred_spirals,True
187869,barred_spirals,barred_spirals,True
77740,barred_spirals,barred_spirals,True
220995,barred_spirals,barred_spirals,True
130633,barred_spirals,irregular,False
114686,barred_spirals,barred_spirals,True
15684,barred_spirals,barred_spirals,True
53680,barred_spirals,barred_spirals,True
244479,barred_spirals,barred_spirals,True
56463,barred_spirals,barred_spirals,True
191671,barred_spirals,barred_spirals,True
30856,barred_spirals,barred_spirals,True
80039,barred_spirals,barred_spirals,True
43888,barred_spirals,barred_spirals,True
241442,barred_spirals,barred_spirals,True
90524,barred_spirals,barred_spirals,True
76424,barred_spirals,barred_spirals,True
45010,barred_spirals,barred_spirals,True
24906,barred_spirals,barred_spirals,True
212805,barred_spirals,barred_spirals,True
213793,barred_spirals,barred_spirals,True
113479,barred_spirals,unbarred_spirals,False
222351,barred_spirals,barred_spirals,True
258229,barred_spirals,barred_spirals,True
213283,barred_spirals,barred_spirals,True
213728,barred_spirals,merger,False
201555,barred_spirals,barred_spirals,True
186112,barred_spirals,round_elliptical,False
67842,barred_spirals,barred_spirals,True
57959,barred_spirals,barred_spirals,True
169865,barred_spirals,barred_spirals,True
159874,barred_spirals,unbarred_spirals,False
192841,barred_spirals,barred_spirals,True
201105,barred_spirals,barred_spirals,True
156118,barred_spirals,barred_spirals,True
186184,barred_spirals,barred_spirals,True
241723,barred_spirals,barred_spirals,True
135154,barred_spirals,unbarred_spirals,False
143569,barred_spirals,unbarred_spirals,False
109950,barred_spirals,barred_spirals,True
55827,barred_spirals,irregular,False
139506,barred_spirals,barred_spirals,True
67102,barred_spirals,barred_spirals,True
233419,barred_spirals,barred_spirals,True
92601,barred_spirals,barred_spirals,True
217465,barred_spirals,barred_spirals,True
127092,barred_spirals,barred_spirals,True
79289,barred_spirals,barred_spirals,True
117587,barred_spirals,barred_spirals,True
221731,barred_spirals,barred_spirals,True
237890,barred_spirals,unbarred_spirals,False
109838,barred_spirals,barred_spirals,True
111222,barred_spirals,unbarred_spirals,False
82188,barred_spirals,barred_spirals,True
127374,barred_spirals,barred_spirals,True
95178,barred_spirals,unbarred_spirals,False
122891,barred_spirals,barred_spirals,True
16019,barred_spirals,unbarred_spirals,False
90214,barred_spirals,irregular,False
137032,barred_spirals,barred_spirals,True
79639,barred_spirals,barred_spirals,True
221840,barred_spirals,barred_spirals,True
186016,barred_spirals,barred_spirals,True
110549,barred_spirals,barred_spirals,True
286318,barred_spirals,barred_spirals,True
234405,barred_spirals,barred_spirals,True
259934,barred_spirals,cigar_shaped_elliptical,False
291199,barred_spirals,barred_spirals,True
156982,barred_spirals,barred_spirals,True
6850,barred_spirals,barred_spirals,True
191159,barred_spirals,barred_spirals,True
270771,barred_spirals,barred_spirals,True
90581,barred_spirals,barred_spirals,True
271708,barred_spirals,barred_spirals,True
139867,barred_spirals,barred_spirals,True
160054,barred_spirals,barred_spirals,True
292707,barred_spirals,barred_spirals,True
88065,barred_spirals,barred_spirals,True
168196,barred_spirals,barred_spirals,True
76778,barred_spirals,irregular,False
17749,barred_spirals,barred_spirals,True
265924,barred_spirals,barred_spirals,True
89299,barred_spirals,barred_spirals,True
51600,barred_spirals,barred_spirals,True
158188,barred_spirals,barred_spirals,True
197430,barred_spirals,in_between_elliptical,False
53722,barred_spirals,barred_spirals,True
13851,barred_spirals,barred_spirals,True
119603,barred_spirals,cigar_shaped_elliptical,False
247769,barred_spirals,irregular,False
262108,barred_spirals,unbarred_spirals,False
80960,barred_spirals,barred_spirals,True
128072,barred_spirals,in_between_elliptical,False
162597,barred_spirals,in_between_elliptical,False
26125,barred_spirals,barred_spirals,True
213599,barred_spirals,barred_spirals,True
106507,barred_spirals,in_between_elliptical,False
203750,barred_spirals,barred_spirals,True
184722,barred_spirals,barred_spirals,True
35887,barred_spirals,barred_spirals,True
254413,barred_spirals,barred_spirals,True
163979,barred_spirals,barred_spirals,True
130531,barred_spirals,barred_spirals,True
183870,barred_spirals,barred_spirals,True
58570,barred_spirals,barred_spirals,True
244347,barred_spirals,barred_spirals,True
181972,barred_spirals,barred_spirals,True
126870,barred_spirals,barred_spirals,True
15813,barred_spirals,barred_spirals,True
61320,barred_spirals,barred_spirals,True
47947,barred_spirals,barred_spirals,True
153371,barred_spirals,barred_spirals,True
58886,barred_spirals,barred_spirals,True
86200,barred_spirals,cigar_shaped_elliptical,False
143418,barred_spirals,barred_spirals,True
18537,barred_spirals,irregular,False
270002,barred_spirals,barred_spirals,True
205720,barred_spirals,barred_spirals,True
144684,barred_spirals,barred_spirals,True
188801,barred_spirals,barred_spirals,True
190760,barred_spirals,barred_spirals,True
216043,barred_spirals,barred_spirals,True
211304,barred_spirals,barred_spirals,True
161196,barred_spirals,barred_spirals,True
194582,barred_spirals,barred_spirals,True
34109,barred_spirals,barred_spirals,True
257148,barred_spirals,edge_on,False
107527,barred_spirals,round_elliptical,False
278809,barred_spirals,barred_spirals,True
215225,barred_spirals,barred_spirals,True
241263,barred_spirals,barred_spirals,True
211171,barred_spirals,round_elliptical,False
526,barred_spirals,barred_spirals,True
224214,barred_spirals,barred_spirals,True
53155,barred_spirals,barred_spirals,True
86521,barred_spirals,barred_spirals,True
286351,barred_spirals,edge_on,False
134223,barred_spirals,barred_spirals,True
228823,barred_spirals,barred_spirals,True
45781,barred_spirals,barred_spirals,True
286594,barred_spirals,barred_spirals,True
207431,barred_spirals,barred_spirals,True
108284,barred_spirals,barred_spirals,True
204914,barred_spirals,barred_spirals,True
56703,barred_spirals,barred_spirals,True
173448,barred_spirals,merger,False
208261,barred_spirals,barred_spirals,True
181219,barred_spirals,barred_spirals,True
243778,barred_spirals,barred_spirals,True
23325,barred_spirals,barred_spirals,True
180944,barred_spirals,barred_spirals,True
110057,barred_spirals,barred_spirals,True
213804,barred_spirals,barred_spirals,True
278952,barred_spirals,barred_spirals,True
42364,barred_spirals,in_between_elliptical,False
41628,barred_spirals,barred_spirals,True
255179,barred_spirals,barred_spirals,True
189241,barred_spirals,round_elliptical,False
55826,barred_spirals,barred_spirals,True
171350,barred_spirals,barred_spirals,True
237701,barred_spirals,in_between_elliptical,False
118367,barred_spirals,in_between_elliptical,False
103872,barred_spirals,barred_spirals,True
80521,barred_spirals,barred_spirals,True
91983,barred_spirals,barred_spirals,True
4169,barred_spirals,barred_spirals,True
217544,barred_spirals,barred_spirals,True
169603,barred_spirals,barred_spirals,True
193697,barred_spirals,barred_spirals,True
141542,barred_spirals,barred_spirals,True
53521,barred_spirals,barred_spirals,True
19194,barred_spirals,barred_spirals,True
204166,barred_spirals,in_between_elliptical,False
129340,barred_spirals,barred_spirals,True
36454,barred_spirals,barred_spirals,True
64400,barred_spirals,barred_spirals,True
121094,barred_spirals,barred_spirals,True
190784,barred_spirals,unbarred_spirals,False
281410,barred_spirals,unbarred_spirals,False
71145,barred_spirals,barred_spirals,True
264740,barred_spirals,barred_spirals,True
7660,barred_spirals,barred_spirals,True
119484,barred_spirals,barred_spirals,True
179909,barred_spirals,barred_spirals,True
61421,barred_spirals,irregular,False
94327,barred_spirals,barred_spirals,True
96386,barred_spirals,unbarred_spirals,False
67140,barred_spirals,unbarred_spirals,False
232205,barred_spirals,irregular,False
28835,barred_spirals,barred_spirals,True
218815,barred_spirals,barred_spirals,True
207571,barred_spirals,barred_spirals,True
82259,barred_spirals,barred_spirals,True
237190,barred_spirals,barred_spirals,True
239326,barred_spirals,barred_spirals,True
24587,barred_spirals,barred_spirals,True
55100,barred_spirals,barred_spirals,True
1782,barred_spirals,merger,False
55621,barred_spirals,barred_spirals,True
265752,barred_spirals,barred_spirals,True
150382,barred_spirals,barred_spirals,True
110484,barred_spirals,unbarred_spirals,False
213120,barred_spirals,merger,False
276400,barred_spirals,barred_spirals,True
16164,barred_spirals,barred_spirals,True
130304,barred_spirals,barred_spirals,True
69389,barred_spirals,barred_spirals,True
11452,barred_spirals,barred_spirals,True
254088,barred_spirals,barred_spirals,True
101652,barred_spirals,barred_spirals,True
116351,barred_spirals,barred_spirals,True
93433,barred_spirals,barred_spirals,True
159074,barred_spirals,barred_spirals,True
96147,barred_spirals,barred_spirals,True
134005,barred_spirals,barred_spirals,True
107651,barred_spirals,barred_spirals,True
213712,barred_spirals,barred_spirals,True
157307,barred_spirals,barred_spirals,True
274053,barred_spirals,barred_spirals,True
178119,barred_spirals,barred_spirals,True
26659,barred_spirals,barred_spirals,True
191112,barred_spirals,barred_spirals,True
117662,barred_spirals,barred_spirals,True
103015,barred_spirals,barred_spirals,True
173944,barred_spirals,barred_spirals,True
267240,barred_spirals,barred_spirals,True
85811,barred_spirals,barred_spirals,True
182182,barred_spirals,barred_spirals,True
48528,barred_spirals,barred_spirals,True
171357,barred_spirals,barred_spirals,True
209139,barred_spirals,barred_spirals,True
245833,barred_spirals,barred_spirals,True
164618,barred_spirals,barred_spirals,True
232501,barred_spirals,barred_spirals,True
218960,barred_spirals,barred_spirals,True
60364,barred_spirals,barred_spirals,True
60984,barred_spirals,barred_spirals,True
10048,barred_spirals,barred_spirals,True
197349,barred_spirals,barred_spirals,True
149883,barred_spirals,barred_spirals,True
248455,barred_spirals,barred_spirals,True
70814,barred_spirals,barred_spirals,True
186154,barred_spirals,round_elliptical,False
98677,barred_spirals,unbarred_spirals,False
152819,barred_spirals,barred_spirals,True
125188,barred_spirals,in_between_elliptical,False
234517,barred_spirals,barred_spirals,True
69624,barred_spirals,barred_spirals,True
26637,barred_spirals,barred_spirals,True
270005,barred_spirals,barred_spirals,True
108687,barred_spirals,irregular,False
211134,barred_spirals,barred_spirals,True
255214,barred_spirals,unbarred_spirals,False
30638,barred_spirals,in_between_elliptical,False
61506,barred_spirals,barred_spirals,True
208936,barred_spirals,merger,False
49585,barred_spirals,barred_spirals,True
114890,barred_spirals,barred_spirals,True
36643,barred_spirals,barred_spirals,True
100989,barred_spirals,barred_spirals,True
241749,barred_spirals,cigar_shaped_elliptical,False
177725,barred_spirals,barred_spirals,True
179529,barred_spirals,barred_spirals,True
39392,barred_spirals,barred_spirals,True
92788,barred_spirals,barred_spirals,True
63338,barred_spirals,barred_spirals,True
119747,barred_spirals,barred_spirals,True
38830,barred_spirals,barred_spirals,True
98359,barred_spirals,unbarred_spirals,False
173986,barred_spirals,barred_spirals,True
126457,barred_spirals,barred_spirals,True
59707,barred_spirals,barred_spirals,True
128668,barred_spirals,barred_spirals,True
28638,barred_spirals,barred_spirals,True
266295,barred_spirals,barred_spirals,True
210726,barred_spirals,barred_spirals,True
40350,barred_spirals,barred_spirals,True
233245,barred_spirals,round_elliptical,False
205772,barred_spirals,barred_spirals,True
45907,barred_spirals,barred_spirals,True
198612,barred_spirals,barred_spirals,True
190897,barred_spirals,barred_spirals,True
140648,barred_spirals,barred_spirals,True
188621,barred_spirals,barred_spirals,True
211039,barred_spirals,barred_spirals,True
159194,barred_spirals,edge_on,False
137389,barred_spirals,barred_spirals,True
63512,barred_spirals,barred_spirals,True
190738,barred_spirals,barred_spirals,True
46224,barred_spirals,barred_spirals,True
167593,barred_spirals,barred_spirals,True
168064,barred_spirals,barred_spirals,True
20137,barred_spirals,unbarred_spirals,False
87400,barred_spirals,barred_spirals,True
21332,barred_spirals,barred_spirals,True
160460,barred_spirals,barred_spirals,True
111320,barred_spirals,barred_spirals,True
227022,barred_spirals,barred_spirals,True
127814,barred_spirals,barred_spirals,True
91894,barred_spirals,barred_spirals,True
47320,barred_spirals,barred_spirals,True
237954,barred_spirals,barred_spirals,True
171883,barred_spirals,unbarred_spirals,False
206841,barred_spirals,round_elliptical,False
182240,barred_spirals,barred_spirals,True
65518,barred_spirals,barred_spirals,True
14736,barred_spirals,unbarred_spirals,False
126730,barred_spirals,barred_spirals,True
108294,barred_spirals,barred_spirals,True
246971,barred_spirals,edge_on,False
201128,barred_spirals,barred_spirals,True
288972,barred_spirals,barred_spirals,True
167360,barred_spirals,barred_spirals,True
94383,barred_spirals,barred_spirals,True
79348,barred_spirals,barred_spirals,True
26572,barred_spirals,barred_spirals,True
89292,barred_spirals,barred_spirals,True
170324,barred_spirals,barred_spirals,True
68473,barred_spirals,barred_spirals,True
82341,barred_spirals,barred_spirals,True
109112,barred_spirals,barred_spirals,True
228579,barred_spirals,barred_spirals,True
37076,barred_spirals,barred_spirals,True
219633,barred_spirals,barred_spirals,True
49991,barred_spirals,round_elliptical,False
231643,barred_spirals,barred_spirals,True
106988,barred_spirals,in_between_elliptical,False
282468,barred_spirals,unbarred_spirals,False
18822,barred_spirals,irregular,False
197989,barred_spirals,barred_spirals,True
119445,barred_spirals,barred_spirals,True
25216,barred_spirals,barred_spirals,True
119514,barred_spirals,barred_spirals,True
282448,barred_spirals,barred_spirals,True
244196,barred_spirals,barred_spirals,True
166172,barred_spirals,barred_spirals,True
40270,barred_spirals,cigar_shaped_elliptical,False
187447,barred_spirals,barred_spirals,True
240898,barred_spirals,barred_spirals,True
95003,barred_spirals,barred_spirals,True
136683,barred_spirals,barred_spirals,True
3062,barred_spirals,barred_spirals,True
171100,barred_spirals,barred_spirals,True
288784,barred_spirals,unbarred_spirals,False
38259,barred_spirals,barred_spirals,True
84253,barred_spirals,barred_spirals,True
127436,barred_spirals,barred_spirals,True
159005,barred_spirals,edge_on,False
132417,barred_spirals,barred_spirals,True
226498,barred_spirals,barred_spirals,True
119350,barred_spirals,barred_spirals,True
188313,barred_spirals,barred_spirals,True
261779,barred_spirals,barred_spirals,True
272331,barred_spirals,irregular,False
172005,barred_spirals,barred_spirals,True
200807,barred_spirals,barred_spirals,True
168287,barred_spirals,barred_spirals,True
1362,barred_spirals,unbarred_spirals,False
230832,barred_spirals,barred_spirals,True
80416,barred_spirals,barred_spirals,True
32139,barred_spirals,barred_spirals,True
53338,barred_spirals,barred_spirals,True
192616,barred_spirals,barred_spirals,True
256756,barred_spirals,unbarred_spirals,False
187403,barred_spirals,barred_spirals,True
89832,barred_spirals,barred_spirals,True
193286,barred_spirals,barred_spirals,True
141057,barred_spirals,barred_spirals,True
241984,barred_spirals,barred_spirals,True
166945,barred_spirals,barred_spirals,True
265945,barred_spirals,barred_spirals,True
235142,barred_spirals,barred_spirals,True
117831,barred_spirals,unbarred_spirals,False
273491,barred_spirals,barred_spirals,True
166502,barred_spirals,unbarred_spirals,False
94629,barred_spirals,barred_spirals,True
54679,barred_spirals,barred_spirals,True
53797,barred_spirals,barred_spirals,True
239171,barred_spirals,barred_spirals,True
229364,barred_spirals,barred_spirals,True
161134,barred_spirals,barred_spirals,True
249445,barred_spirals,barred_spirals,True
213545,barred_spirals,round_elliptical,False
51775,barred_spirals,barred_spirals,True
193934,barred_spirals,irregular,False
150893,barred_spirals,barred_spirals,True
120420,barred_spirals,barred_spirals,True
171280,barred_spirals,barred_spirals,True
13386,barred_spirals,barred_spirals,True
157133,barred_spirals,barred_spirals,True
167124,barred_spirals,barred_spirals,True
96535,barred_spirals,unbarred_spirals,False
87513,barred_spirals,in_between_elliptical,False
176666,barred_spirals,barred_spirals,True
151821,barred_spirals,barred_spirals,True
30618,barred_spirals,barred_spirals,True
70801,barred_spirals,barred_spirals,True
188769,barred_spirals,unbarred_spirals,False
109418,barred_spirals,barred_spirals,True
141856,barred_spirals,barred_spirals,True
66781,barred_spirals,in_between_elliptical,False
262712,barred_spirals,barred_spirals,True
194877,barred_spirals,barred_spirals,True
91126,barred_spirals,barred_spirals,True
225415,barred_spirals,merger,False
70239,barred_spirals,barred_spirals,True
210111,barred_spirals,barred_spirals,True
170049,barred_spirals,barred_spirals,True
76033,barred_spirals,barred_spirals,True
175996,barred_spirals,unbarred_spirals,False
174012,barred_spirals,unbarred_spirals,False
135719,barred_spirals,barred_spirals,True
241742,barred_spirals,barred_spirals,True
223784,barred_spirals,barred_spirals,True
109399,barred_spirals,barred_spirals,True
150992,barred_spirals,in_between_elliptical,False
183553,barred_spirals,unbarred_spirals,False
227987,barred_spirals,barred_spirals,True
264684,barred_spirals,unbarred_spirals,False
26625,barred_spirals,barred_spirals,True
261307,barred_spirals,barred_spirals,True
126063,barred_spirals,barred_spirals,True
221168,barred_spirals,barred_spirals,True
118456,barred_spirals,barred_spirals,True
253312,barred_spirals,barred_spirals,True
23689,barred_spirals,barred_spirals,True
135974,barred_spirals,barred_spirals,True
216091,barred_spirals,barred_spirals,True
31836,barred_spirals,barred_spirals,True
234650,barred_spirals,barred_spirals,True
67706,barred_spirals,barred_spirals,True
171136,barred_spirals,barred_spirals,True
44239,barred_spirals,barred_spirals,True
268017,barred_spirals,barred_spirals,True
211445,barred_spirals,barred_spirals,True
264422,barred_spirals,barred_spirals,True
213940,barred_spirals,barred_spirals,True
230598,barred_spirals,barred_spirals,True
43822,barred_spirals,barred_spirals,True
243969,barred_spirals,barred_spirals,True
51350,barred_spirals,barred_spirals,True
260862,barred_spirals,irregular,False
131953,barred_spirals,barred_spirals,True
110326,barred_spirals,barred_spirals,True
263845,barred_spirals,barred_spirals,True
127948,barred_spirals,barred_spirals,True
201911,barred_spirals,barred_spirals,True
24081,barred_spirals,barred_spirals,True
109244,barred_spirals,barred_spirals,True
198923,barred_spirals,barred_spirals,True
95336,barred_spirals,barred_spirals,True
153822,barred_spirals,in_between_elliptical,False
154605,barred_spirals,barred_spirals,True
227948,barred_spirals,barred_spirals,True
23700,barred_spirals,barred_spirals,True
127182,barred_spirals,barred_spirals,True
2650,barred_spirals,barred_spirals,True
145591,barred_spirals,barred_spirals,True
143974,barred_spirals,barred_spirals,True
164966,barred_spirals,barred_spirals,True
265338,barred_spirals,barred_spirals,True
164549,barred_spirals,in_between_elliptical,False
224592,barred_spirals,barred_spirals,True
86232,barred_spirals,unbarred_spirals,False
239328,barred_spirals,barred_spirals,True
10867,barred_spirals,barred_spirals,True
25297,barred_spirals,barred_spirals,True
30913,barred_spirals,barred_spirals,True
18056,barred_spirals,barred_spirals,True
239199,barred_spirals,barred_spirals,True
205645,barred_spirals,round_elliptical,False
75885,barred_spirals,unbarred_spirals,False
175606,barred_spirals,barred_spirals,True
227229,barred_spirals,barred_spirals,True
60544,barred_spirals,barred_spirals,True
154344,barred_spirals,cigar_shaped_elliptical,False
35751,barred_spirals,barred_spirals,True
27555,barred_spirals,barred_spirals,True
240684,barred_spirals,barred_spirals,True
132795,barred_spirals,barred_spirals,True
63626,barred_spirals,barred_spirals,True
81343,barred_spirals,barred_spirals,True
228129,barred_spirals,barred_spirals,True
35943,barred_spirals,barred_spirals,True
191261,barred_spirals,unbarred_spirals,False
256923,barred_spirals,barred_spirals,True
207091,barred_spirals,barred_spirals,True
183407,barred_spirals,barred_spirals,True
214175,barred_spirals,barred_spirals,True
122277,barred_spirals,barred_spirals,True
117454,barred_spirals,barred_spirals,True
172286,barred_spirals,barred_spirals,True
139131,barred_spirals,barred_spirals,True
90297,barred_spirals,barred_spirals,True
80836,barred_spirals,unbarred_spirals,False
83952,barred_spirals,barred_spirals,True
173434,barred_spirals,irregular,False
77514,barred_spirals,irregular,False
238680,barred_spirals,barred_spirals,True
137060,barred_spirals,barred_spirals,True
264006,barred_spirals,barred_spirals,True
188550,barred_spirals,barred_spirals,True
26479,barred_spirals,barred_spirals,True
25841,barred_spirals,barred_spirals,True
60721,barred_spirals,barred_spirals,True
214072,barred_spirals,barred_spirals,True
176750,barred_spirals,barred_spirals,True
4215,barred_spirals,barred_spirals,True
187407,barred_spirals,barred_spirals,True
57038,barred_spirals,barred_spirals,True
243378,barred_spirals,barred_spirals,True
175772,barred_spirals,barred_spirals,True
181418,barred_spirals,barred_spirals,True
44975,barred_spirals,barred_spirals,True
240747,barred_spirals,barred_spirals,True
89673,barred_spirals,barred_spirals,True
44423,barred_spirals,barred_spirals,True
263155,barred_spirals,barred_spirals,True
37343,barred_spirals,barred_spirals,True
38098,barred_spirals,unbarred_spirals,False
105914,barred_spirals,unbarred_spirals,False
170573,barred_spirals,barred_spirals,True
227729,barred_spirals,barred_spirals,True
54266,barred_spirals,barred_spirals,True
1268,barred_spirals,barred_spirals,True
235169,barred_spirals,barred_spirals,True
165329,barred_spirals,barred_spirals,True
25058,barred_spirals,barred_spirals,True
151519,barred_spirals,barred_spirals,True
200900,barred_spirals,barred_spirals,True
114659,barred_spirals,barred_spirals,True
48624,barred_spirals,barred_spirals,True
181912,barred_spirals,barred_spirals,True
158081,barred_spirals,barred_spirals,True
68076,barred_spirals,barred_spirals,True
261578,barred_spirals,barred_spirals,True
278117,barred_spirals,unbarred_spirals,False
242890,barred_spirals,barred_spirals,True
123555,barred_spirals,barred_spirals,True
93230,barred_spirals,barred_spirals,True
125186,barred_spirals,barred_spirals,True
90454,barred_spirals,barred_spirals,True
96431,barred_spirals,barred_spirals,True
188654,barred_spirals,barred_spirals,True
276323,barred_spirals,barred_spirals,True
158627,barred_spirals,barred_spirals,True
76528,barred_spirals,barred_spirals,True
211948,barred_spirals,unbarred_spirals,False
243960,barred_spirals,barred_spirals,True
260516,barred_spirals,barred_spirals,True
237068,barred_spirals,barred_spirals,True
125314,barred_spirals,unbarred_spirals,False
76291,barred_spirals,round_elliptical,False
50510,barred_spirals,barred_spirals,True
11386,barred_spirals,barred_spirals,True
28219,barred_spirals,barred_spirals,True
95545,barred_spirals,barred_spirals,True
261065,barred_spirals,unbarred_spirals,False
169853,barred_spirals,barred_spirals,True
56367,barred_spirals,barred_spirals,True
92554,barred_spirals,barred_spirals,True
112892,barred_spirals,barred_spirals,True
63173,barred_spirals,barred_spirals,True
1491,barred_spirals,unbarred_spirals,False
93432,barred_spirals,barred_spirals,True
235200,barred_spirals,barred_spirals,True
159274,barred_spirals,barred_spirals,True
137748,barred_spirals,barred_spirals,True
108931,barred_spirals,barred_spirals,True
79705,barred_spirals,barred_spirals,True
265206,barred_spirals,barred_spirals,True
164433,barred_spirals,barred_spirals,True
24221,barred_spirals,barred_spirals,True
30662,barred_spirals,barred_spirals,True
282035,barred_spirals,irregular,False
219797,barred_spirals,barred_spirals,True
31797,barred_spirals,barred_spirals,True
48620,barred_spirals,cigar_shaped_elliptical,False
176002,barred_spirals,barred_spirals,True
254107,barred_spirals,unbarred_spirals,False
246968,barred_spirals,barred_spirals,True
107443,barred_spirals,irregular,False
13347,barred_spirals,irregular,False
224177,barred_spirals,irregular,False
141815,barred_spirals,barred_spirals,True
143825,barred_spirals,barred_spirals,True
156091,barred_spirals,barred_spirals,True
246008,barred_spirals,barred_spirals,True
7814,barred_spirals,barred_spirals,True
2264,barred_spirals,barred_spirals,True
33536,barred_spirals,barred_spirals,True
197329,barred_spirals,barred_spirals,True
45722,barred_spirals,barred_spirals,True
233924,barred_spirals,unbarred_spirals,False
271465,barred_spirals,barred_spirals,True
135737,barred_spirals,barred_spirals,True
267733,barred_spirals,in_between_elliptical,False
121295,barred_spirals,barred_spirals,True
216374,barred_spirals,barred_spirals,True
71231,barred_spirals,barred_spirals,True
30102,barred_spirals,barred_spirals,True
250467,barred_spirals,barred_spirals,True
272199,barred_spirals,irregular,False
159494,barred_spirals,barred_spirals,True
224739,barred_spirals,barred_spirals,True
214928,barred_spirals,barred_spirals,True
177860,barred_spirals,unbarred_spirals,False
244658,barred_spirals,barred_spirals,True
247999,barred_spirals,barred_spirals,True
102178,barred_spirals,barred_spirals,True
56402,barred_spirals,unbarred_spirals,False
236151,barred_spirals,in_between_elliptical,False
290033,barred_spirals,barred_spirals,True
40209,barred_spirals,barred_spirals,True
85639,barred_spirals,barred_spirals,True
239888,barred_spirals,unbarred_spirals,False
31431,barred_spirals,barred_spirals,True
240283,barred_spirals,unbarred_spirals,False
67829,barred_spirals,in_between_elliptical,False
100002,barred_spirals,unbarred_spirals,False
270915,barred_spirals,barred_spirals,True
28600,barred_spirals,barred_spirals,True
92968,barred_spirals,barred_spirals,True
198887,barred_spirals,barred_spirals,True
235621,barred_spirals,barred_spirals,True
270960,barred_spirals,barred_spirals,True
240925,barred_spirals,barred_spirals,True
112740,barred_spirals,barred_spirals,True
95435,barred_spirals,barred_spirals,True
97319,barred_spirals,barred_spirals,True
208562,barred_spirals,barred_spirals,True
241553,barred_spirals,barred_spirals,True
109755,barred_spirals,barred_spirals,True
268098,barred_spirals,barred_spirals,True
57630,barred_spirals,irregular,False
92673,barred_spirals,barred_spirals,True
54465,barred_spirals,barred_spirals,True
259822,barred_spirals,barred_spirals,True
123085,barred_spirals,barred_spirals,True
232639,barred_spirals,barred_spirals,True
168717,barred_spirals,irregular,False
132667,barred_spirals,barred_spirals,True
181099,barred_spirals,barred_spirals,True
138690,barred_spirals,barred_spirals,True
3706,barred_spirals,barred_spirals,True
203277,barred_spirals,barred_spirals,True
63639,barred_spirals,barred_spirals,True
235576,barred_spirals,barred_spirals,True
11548,barred_spirals,barred_spirals,True
168953,barred_spirals,barred_spirals,True
24388,barred_spirals,barred_spirals,True
151090,barred_spirals,barred_spirals,True
54590,barred_spirals,barred_spirals,True
11345,barred_spirals,edge_on,False
156892,barred_spirals,barred_spirals,True
173319,barred_spirals,barred_spirals,True
95858,barred_spirals,barred_spirals,True
44020,barred_spirals,barred_spirals,True
68634,barred_spirals,barred_spirals,True
49099,barred_spirals,barred_spirals,True
27207,barred_spirals,barred_spirals,True
62552,barred_spirals,barred_spirals,True
231332,barred_spirals,barred_spirals,True
248692,barred_spirals,unbarred_spirals,False
80892,barred_spirals,in_between_elliptical,False
226691,barred_spirals,barred_spirals,True
250666,barred_spirals,barred_spirals,True
139736,barred_spirals,barred_spirals,True
26529,barred_spirals,barred_spirals,True
90328,barred_spirals,barred_spirals,True
26086,barred_spirals,barred_spirals,True
235542,barred_spirals,barred_spirals,True
236473,barred_spirals,barred_spirals,True
168889,barred_spirals,barred_spirals,True
129654,barred_spirals,unbarred_spirals,False
54228,barred_spirals,barred_spirals,True
234522,barred_spirals,in_between_elliptical,False
48817,barred_spirals,irregular,False
124703,barred_spirals,barred_spirals,True
35747,barred_spirals,round_elliptical,False
143524,barred_spirals,barred_spirals,True
200420,barred_spirals,barred_spirals,True
103594,barred_spirals,barred_spirals,True
282907,barred_spirals,barred_spirals,True
109304,barred_spirals,barred_spirals,True
9858,barred_spirals,unbarred_spirals,False
156313,barred_spirals,barred_spirals,True
266308,barred_spirals,barred_spirals,True
181864,barred_spirals,barred_spirals,True
179558,barred_spirals,barred_spirals,True
14028,barred_spirals,barred_spirals,True
152550,barred_spirals,barred_spirals,True
165844,barred_spirals,round_elliptical,False
203392,barred_spirals,merger,False
126731,barred_spirals,barred_spirals,True
55074,barred_spirals,unbarred_spirals,False
273335,barred_spirals,barred_spirals,True
215883,barred_spirals,barred_spirals,True
51111,barred_spirals,barred_spirals,True
16809,barred_spirals,barred_spirals,True
204468,barred_spirals,barred_spirals,True
103183,barred_spirals,irregular,False
48134,barred_spirals,barred_spirals,True
169348,barred_spirals,barred_spirals,True
152885,barred_spirals,barred_spirals,True
127053,barred_spirals,barred_spirals,True
157172,barred_spirals,barred_spirals,True
34069,barred_spirals,unbarred_spirals,False
102613,barred_spirals,barred_spirals,True
122323,barred_spirals,barred_spirals,True
27956,barred_spirals,barred_spirals,True
163954,barred_spirals,barred_spirals,True
204614,barred_spirals,barred_spirals,True
30077,barred_spirals,barred_spirals,True
274127,barred_spirals,barred_spirals,True
270401,barred_spirals,barred_spirals,True
7025,barred_spirals,in_between_elliptical,False
136147,barred_spirals,barred_spirals,True
69341,barred_spirals,barred_spirals,True
193942,barred_spirals,barred_spirals,True
255997,barred_spirals,irregular,False
160225,barred_spirals,barred_spirals,True
38528,barred_spirals,in_between_elliptical,False
279930,barred_spirals,in_between_elliptical,False
247972,barred_spirals,barred_spirals,True
224379,barred_spirals,barred_spirals,True
61382,barred_spirals,barred_spirals,True
243668,barred_spirals,barred_spirals,True
218930,barred_spirals,irregular,False
180159,barred_spirals,barred_spirals,True
185296,barred_spirals,barred_spirals,True
277476,barred_spirals,barred_spirals,True
80270,barred_spirals,barred_spirals,True
222454,barred_spirals,barred_spirals,True
26133,barred_spirals,barred_spirals,True
52877,barred_spirals,barred_spirals,True
160437,barred_spirals,merger,False
122229,barred_spirals,barred_spirals,True
209169,barred_spirals,barred_spirals,True
259681,barred_spirals,irregular,False
126212,barred_spirals,barred_spirals,True
24113,barred_spirals,unbarred_spirals,False
19513,barred_spirals,barred_spirals,True
138530,barred_spirals,barred_spirals,True
205871,barred_spirals,barred_spirals,True
264747,barred_spirals,barred_spirals,True
106832,barred_spirals,barred_spirals,True
116468,barred_spirals,barred_spirals,True
244325,barred_spirals,barred_spirals,True
84911,barred_spirals,barred_spirals,True
217157,barred_spirals,in_between_elliptical,False
28739,barred_spirals,barred_spirals,True
80936,barred_spirals,barred_spirals,True
250369,barred_spirals,barred_spirals,True
22521,barred_spirals,barred_spirals,True
90341,barred_spirals,in_between_elliptical,False
83027,barred_spirals,irregular,False
115377,barred_spirals,barred_spirals,True
95286,barred_spirals,barred_spirals,True
45298,barred_spirals,unbarred_spirals,False
81432,barred_spirals,barred_spirals,True
119968,barred_spirals,barred_spirals,True
67952,barred_spirals,barred_spirals,True
235095,barred_spirals,barred_spirals,True
183412,barred_spirals,barred_spirals,True
219092,barred_spirals,barred_spirals,True
142020,barred_spirals,barred_spirals,True
55294,barred_spirals,barred_spirals,True
140462,barred_spirals,merger,False
119042,barred_spirals,barred_spirals,True
228105,barred_spirals,barred_spirals,True
55873,barred_spirals,unbarred_spirals,False
66609,barred_spirals,unbarred_spirals,False
234574,barred_spirals,barred_spirals,True
188540,barred_spirals,barred_spirals,True
32999,barred_spirals,barred_spirals,True
87293,barred_spirals,barred_spirals,True
108067,barred_spirals,unbarred_spirals,False
139599,barred_spirals,in_between_elliptical,False
122468,barred_spirals,irregular,False
253316,barred_spirals,unbarred_spirals,False
293012,barred_spirals,barred_spirals,True
131227,barred_spirals,barred_spirals,True
217560,barred_spirals,barred_spirals,True
18469,barred_spirals,irregular,False
291897,barred_spirals,barred_spirals,True
152778,barred_spirals,barred_spirals,True
41903,barred_spirals,barred_spirals,True
24653,barred_spirals,barred_spirals,True
98109,barred_spirals,barred_spirals,True
140885,barred_spirals,barred_spirals,True
52934,barred_spirals,barred_spirals,True
81401,barred_spirals,barred_spirals,True
8626,barred_spirals,barred_spirals,True
154033,barred_spirals,barred_spirals,True
100526,barred_spirals,barred_spirals,True
145352,barred_spirals,barred_spirals,True
272945,barred_spirals,unbarred_spirals,False
258665,barred_spirals,in_between_elliptical,False
260049,barred_spirals,barred_spirals,True
100376,barred_spirals,barred_spirals,True
188787,barred_spirals,barred_spirals,True
152767,barred_spirals,barred_spirals,True
223177,barred_spirals,barred_spirals,True
107028,barred_spirals,in_between_elliptical,False
200052,barred_spirals,edge_on,False
258857,barred_spirals,barred_spirals,True
64145,barred_spirals,barred_spirals,True
169193,barred_spirals,irregular,False
85339,barred_spirals,barred_spirals,True
69324,barred_spirals,unbarred_spirals,False
136418,barred_spirals,round_elliptical,False
179270,barred_spirals,barred_spirals,True
168856,barred_spirals,barred_spirals,True
45611,barred_spirals,barred_spirals,True
193217,barred_spirals,barred_spirals,True
168966,barred_spirals,barred_spirals,True
241714,barred_spirals,barred_spirals,True
162619,barred_spirals,barred_spirals,True
73973,barred_spirals,barred_spirals,True
207451,barred_spirals,barred_spirals,True
93538,barred_spirals,unbarred_spirals,False
177296,barred_spirals,barred_spirals,True
77770,barred_spirals,barred_spirals,True
149262,barred_spirals,barred_spirals,True
162604,barred_spirals,unbarred_spirals,False
205773,barred_spirals,barred_spirals,True
97100,barred_spirals,barred_spirals,True
128091,barred_spirals,barred_spirals,True
244739,barred_spirals,unbarred_spirals,False
166792,barred_spirals,barred_spirals,True
143590,barred_spirals,barred_spirals,True
33136,barred_spirals,barred_spirals,True
68883,barred_spirals,barred_spirals,True
67387,barred_spirals,barred_spirals,True
129517,barred_spirals,barred_spirals,True
9207,barred_spirals,barred_spirals,True
33508,barred_spirals,barred_spirals,True
84357,barred_spirals,irregular,False
139287,barred_spirals,barred_spirals,True
295080,barred_spirals,barred_spirals,True
45002,barred_spirals,barred_spirals,True
55371,barred_spirals,barred_spirals,True
294591,barred_spirals,barred_spirals,True
204881,barred_spirals,barred_spirals,True
206642,barred_spirals,barred_spirals,True
265139,barred_spirals,barred_spirals,True
258688,barred_spirals,barred_spirals,True
55003,barred_spirals,barred_spirals,True
219582,barred_spirals,barred_spirals,True
35395,barred_spirals,cigar_shaped_elliptical,False
69415,barred_spirals,barred_spirals,True
207024,barred_spirals,barred_spirals,True
292299,barred_spirals,barred_spirals,True
51128,barred_spirals,barred_spirals,True
230546,barred_spirals,barred_spirals,True
214955,barred_spirals,barred_spirals,True
256210,barred_spirals,barred_spirals,True
178161,barred_spirals,barred_spirals,True
214165,barred_spirals,unbarred_spirals,False
249149,barred_spirals,irregular,False
11113,barred_spirals,barred_spirals,True
118223,barred_spirals,barred_spirals,True
272172,barred_spirals,unbarred_spirals,False
209124,barred_spirals,barred_spirals,True
65001,barred_spirals,round_elliptical,False
31108,barred_spirals,barred_spirals,True
163550,barred_spirals,barred_spirals,True
26507,barred_spirals,unbarred_spirals,False
31561,barred_spirals,barred_spirals,True
71201,barred_spirals,barred_spirals,True
179120,barred_spirals,barred_spirals,True
57520,barred_spirals,barred_spirals,True
204660,barred_spirals,barred_spirals,True
154796,barred_spirals,barred_spirals,True
197066,barred_spirals,barred_spirals,True
75800,barred_spirals,barred_spirals,True
107026,barred_spirals,barred_spirals,True
228072,barred_spirals,barred_spirals,True
31085,barred_spirals,barred_spirals,True
38510,barred_spirals,barred_spirals,True
11357,barred_spirals,barred_spirals,True
165411,barred_spirals,barred_spirals,True
56579,barred_spirals,irregular,False
15103,barred_spirals,barred_spirals,True
205052,barred_spirals,barred_spirals,True
241633,barred_spirals,barred_spirals,True
180891,barred_spirals,barred_spirals,True
171159,barred_spirals,barred_spirals,True
103535,barred_spirals,barred_spirals,True
263620,barred_spirals,barred_spirals,True
273559,barred_spirals,barred_spirals,True
206704,barred_spirals,barred_spirals,True
81533,barred_spirals,in_between_elliptical,False
169435,barred_spirals,barred_spirals,True
207224,barred_spirals,barred_spirals,True
84159,barred_spirals,barred_spirals,True
180731,barred_spirals,unbarred_spirals,False
236298,barred_spirals,barred_spirals,True
134201,barred_spirals,barred_spirals,True
226316,barred_spirals,barred_spirals,True
29963,barred_spirals,barred_spirals,True
259096,barred_spirals,barred_spirals,True
235622,barred_spirals,barred_spirals,True
177322,barred_spirals,barred_spirals,True
270004,barred_spirals,barred_spirals,True
293545,barred_spirals,barred_spirals,True
193751,barred_spirals,barred_spirals,True
161674,barred_spirals,barred_spirals,True
54571,barred_spirals,in_between_elliptical,False
218363,barred_spirals,barred_spirals,True
100404,barred_spirals,barred_spirals,True
273815,barred_spirals,irregular,False
210637,barred_spirals,barred_spirals,True
191600,barred_spirals,irregular,False
28270,barred_spirals,merger,False
72270,barred_spirals,barred_spirals,True
153323,barred_spirals,barred_spirals,True
219295,barred_spirals,barred_spirals,True
103473,barred_spirals,barred_spirals,True
71390,barred_spirals,barred_spirals,True
37444,barred_spirals,barred_spirals,True
129953,barred_spirals,barred_spirals,True
88113,barred_spirals,barred_spirals,True
237114,barred_spirals,barred_spirals,True
16287,barred_spirals,barred_spirals,True
95617,barred_spirals,barred_spirals,True
45222,barred_spirals,barred_spirals,True
212162,barred_spirals,barred_spirals,True
89238,barred_spirals,barred_spirals,True
239663,barred_spirals,barred_spirals,True
6532,barred_spirals,barred_spirals,True
91506,barred_spirals,unbarred_spirals,False
236166,barred_spirals,cigar_shaped_elliptical,False
182225,barred_spirals,barred_spirals,True
81532,barred_spirals,barred_spirals,True
83913,barred_spirals,barred_spirals,True
86549,barred_spirals,irregular,False
75096,barred_spirals,barred_spirals,True
218134,barred_spirals,barred_spirals,True
149818,barred_spirals,barred_spirals,True
188084,barred_spirals,barred_spirals,True
88934,barred_spirals,barred_spirals,True
70514,barred_spirals,barred_spirals,True
151469,barred_spirals,barred_spirals,True
159279,barred_spirals,barred_spirals,True
260159,barred_spirals,barred_spirals,True
12170,barred_spirals,barred_spirals,True
139952,barred_spirals,barred_spirals,True
276503,barred_spirals,barred_spirals,True
45163,barred_spirals,in_between_elliptical,False
9098,barred_spirals,barred_spirals,True
220283,barred_spirals,barred_spirals,True
178071,barred_spirals,barred_spirals,True
213263,barred_spirals,unbarred_spirals,False
111450,barred_spirals,barred_spirals,True
169604,barred_spirals,barred_spirals,True
91564,barred_spirals,barred_spirals,True
161489,barred_spirals,barred_spirals,True
251212,barred_spirals,barred_spirals,True
261872,barred_spirals,barred_spirals,True
176449,barred_spirals,irregular,False
274560,barred_spirals,barred_spirals,True
222639,barred_spirals,barred_spirals,True
161834,barred_spirals,cigar_shaped_elliptical,False
260143,barred_spirals,irregular,False
175760,barred_spirals,barred_spirals,True
267309,barred_spirals,irregular,False
195506,barred_spirals,barred_spirals,True
106866,barred_spirals,barred_spirals,True
80241,barred_spirals,barred_spirals,True
259504,barred_spirals,barred_spirals,True
64320,barred_spirals,irregular,False
126050,barred_spirals,barred_spirals,True
124213,barred_spirals,barred_spirals,True
22341,barred_spirals,barred_spirals,True
198484,barred_spirals,round_elliptical,False
168843,barred_spirals,barred_spirals,True
49081,barred_spirals,barred_spirals,True
270791,barred_spirals,barred_spirals,True
43882,barred_spirals,barred_spirals,True
158724,barred_spirals,merger,False
83717,barred_spirals,round_elliptical,False
45857,barred_spirals,barred_spirals,True
157048,barred_spirals,in_between_elliptical,False
34279,barred_spirals,barred_spirals,True
64157,barred_spirals,unbarred_spirals,False
246007,barred_spirals,barred_spirals,True
229296,barred_spirals,barred_spirals,True
181240,barred_spirals,barred_spirals,True
142532,barred_spirals,barred_spirals,True
98790,barred_spirals,round_elliptical,False
197117,barred_spirals,barred_spirals,True
200459,barred_spirals,barred_spirals,True
55753,barred_spirals,barred_spirals,True
131423,barred_spirals,barred_spirals,True
12776,barred_spirals,barred_spirals,True
86587,barred_spirals,barred_spirals,True
128846,barred_spirals,barred_spirals,True
209407,barred_spirals,barred_spirals,True
230867,barred_spirals,unbarred_spirals,False
213113,barred_spirals,barred_spirals,True
129845,barred_spirals,unbarred_spirals,False
117107,barred_spirals,barred_spirals,True
292268,barred_spirals,barred_spirals,True
290573,barred_spirals,barred_spirals,True
17632,barred_spirals,irregular,False
29790,barred_spirals,barred_spirals,True
47462,barred_spirals,cigar_shaped_elliptical,False
203326,barred_spirals,barred_spirals,True
37369,barred_spirals,barred_spirals,True
154707,barred_spirals,barred_spirals,True
268669,barred_spirals,barred_spirals,True
39236,barred_spirals,barred_spirals,True
169773,barred_spirals,barred_spirals,True
203832,cigar_shaped_elliptical,cigar_shaped_elliptical,True
275031,cigar_shaped_elliptical,cigar_shaped_elliptical,True
270885,cigar_shaped_elliptical,edge_on,False
237913,cigar_shaped_elliptical,edge_on,False
53943,cigar_shaped_elliptical,cigar_shaped_elliptical,True
272821,cigar_shaped_elliptical,cigar_shaped_elliptical,True
265592,cigar_shaped_elliptical,cigar_shaped_elliptical,True
196490,cigar_shaped_elliptical,cigar_shaped_elliptical,True
264972,cigar_shaped_elliptical,edge_on,False
216077,cigar_shaped_elliptical,cigar_shaped_elliptical,True
27860,cigar_shaped_elliptical,cigar_shaped_elliptical,True
257901,cigar_shaped_elliptical,edge_on,False
247653,cigar_shaped_elliptical,cigar_shaped_elliptical,True
97665,cigar_shaped_elliptical,cigar_shaped_elliptical,True
212667,cigar_shaped_elliptical,cigar_shaped_elliptical,True
108329,cigar_shaped_elliptical,cigar_shaped_elliptical,True
294977,cigar_shaped_elliptical,cigar_shaped_elliptical,True
273693,cigar_shaped_elliptical,cigar_shaped_elliptical,True
172742,cigar_shaped_elliptical,cigar_shaped_elliptical,True
166835,cigar_shaped_elliptical,cigar_shaped_elliptical,True
81489,cigar_shaped_elliptical,cigar_shaped_elliptical,True
266172,cigar_shaped_elliptical,cigar_shaped_elliptical,True
94456,cigar_shaped_elliptical,cigar_shaped_elliptical,True
26908,cigar_shaped_elliptical,cigar_shaped_elliptical,True
148316,cigar_shaped_elliptical,cigar_shaped_elliptical,True
233251,cigar_shaped_elliptical,cigar_shaped_elliptical,True
222294,cigar_shaped_elliptical,cigar_shaped_elliptical,True
143723,cigar_shaped_elliptical,irregular,False
132212,cigar_shaped_elliptical,cigar_shaped_elliptical,True
256562,cigar_shaped_elliptical,cigar_shaped_elliptical,True
25263,cigar_shaped_elliptical,cigar_shaped_elliptical,True
60930,cigar_shaped_elliptical,cigar_shaped_elliptical,True
161559,cigar_shaped_elliptical,edge_on,False
179159,cigar_shaped_elliptical,cigar_shaped_elliptical,True
17411,cigar_shaped_elliptical,cigar_shaped_elliptical,True
54906,cigar_shaped_elliptical,cigar_shaped_elliptical,True
91546,cigar_shaped_elliptical,cigar_shaped_elliptical,True
39616,cigar_shaped_elliptical,cigar_shaped_elliptical,True
132332,cigar_shaped_elliptical,cigar_shaped_elliptical,True
252104,cigar_shaped_elliptical,cigar_shaped_elliptical,True
19792,cigar_shaped_elliptical,cigar_shaped_elliptical,True
113468,cigar_shaped_elliptical,cigar_shaped_elliptical,True
100015,cigar_shaped_elliptical,cigar_shaped_elliptical,True
173873,cigar_shaped_elliptical,cigar_shaped_elliptical,True
121421,cigar_shaped_elliptical,cigar_shaped_elliptical,True
264857,cigar_shaped_elliptical,cigar_shaped_elliptical,True
169478,cigar_shaped_elliptical,cigar_shaped_elliptical,True
225712,cigar_shaped_elliptical,cigar_shaped_elliptical,True
165044,cigar_shaped_elliptical,cigar_shaped_elliptical,True
237009,cigar_shaped_elliptical,cigar_shaped_elliptical,True
260393,cigar_shaped_elliptical,cigar_shaped_elliptical,True
137308,cigar_shaped_elliptical,cigar_shaped_elliptical,True
20251,cigar_shaped_elliptical,cigar_shaped_elliptical,True
108951,cigar_shaped_elliptical,cigar_shaped_elliptical,True
8295,cigar_shaped_elliptical,cigar_shaped_elliptical,True
114896,cigar_shaped_elliptical,cigar_shaped_elliptical,True
32210,cigar_shaped_elliptical,cigar_shaped_elliptical,True
228945,cigar_shaped_elliptical,cigar_shaped_elliptical,True
194272,cigar_shaped_elliptical,unbarred_spirals,False
259470,cigar_shaped_elliptical,edge_on,False
231940,cigar_shaped_elliptical,cigar_shaped_elliptical,True
256171,cigar_shaped_elliptical,irregular,False
252980,cigar_shaped_elliptical,cigar_shaped_elliptical,True
58031,cigar_shaped_elliptical,cigar_shaped_elliptical,True
169765,cigar_shaped_elliptical,edge_on,False
69552,cigar_shaped_elliptical,cigar_shaped_elliptical,True
121762,cigar_shaped_elliptical,cigar_shaped_elliptical,True
169878,cigar_shaped_elliptical,unbarred_spirals,False
170307,cigar_shaped_elliptical,cigar_shaped_elliptical,True
261911,cigar_shaped_elliptical,cigar_shaped_elliptical,True
35050,cigar_shaped_elliptical,cigar_shaped_elliptical,True
81650,cigar_shaped_elliptical,cigar_shaped_elliptical,True
152703,cigar_shaped_elliptical,cigar_shaped_elliptical,True
263071,cigar_shaped_elliptical,cigar_shaped_elliptical,True
166081,cigar_shaped_elliptical,cigar_shaped_elliptical,True
89218,cigar_shaped_elliptical,cigar_shaped_elliptical,True
200393,cigar_shaped_elliptical,cigar_shaped_elliptical,True
248761,cigar_shaped_elliptical,cigar_shaped_elliptical,True
201075,cigar_shaped_elliptical,edge_on,False
46627,cigar_shaped_elliptical,cigar_shaped_elliptical,True
192328,cigar_shaped_elliptical,cigar_shaped_elliptical,True
179296,cigar_shaped_elliptical,cigar_shaped_elliptical,True
224304,cigar_shaped_elliptical,round_elliptical,False
18244,cigar_shaped_elliptical,cigar_shaped_elliptical,True
226121,cigar_shaped_elliptical,cigar_shaped_elliptical,True
207994,cigar_shaped_elliptical,irregular,False
270207,cigar_shaped_elliptical,cigar_shaped_elliptical,True
173264,cigar_shaped_elliptical,cigar_shaped_elliptical,True
130998,cigar_shaped_elliptical,cigar_shaped_elliptical,True
227451,cigar_shaped_elliptical,cigar_shaped_elliptical,True
41369,cigar_shaped_elliptical,round_elliptical,False
234400,cigar_shaped_elliptical,cigar_shaped_elliptical,True
176818,cigar_shaped_elliptical,cigar_shaped_elliptical,True
82067,cigar_shaped_elliptical,cigar_shaped_elliptical,True
229082,cigar_shaped_elliptical,cigar_shaped_elliptical,True
121049,cigar_shaped_elliptical,cigar_shaped_elliptical,True
238858,cigar_shaped_elliptical,cigar_shaped_elliptical,True
191093,cigar_shaped_elliptical,cigar_shaped_elliptical,True
265230,cigar_shaped_elliptical,cigar_shaped_elliptical,True
160517,cigar_shaped_elliptical,cigar_shaped_elliptical,True
22507,cigar_shaped_elliptical,cigar_shaped_elliptical,True
175003,cigar_shaped_elliptical,cigar_shaped_elliptical,True
186996,cigar_shaped_elliptical,cigar_shaped_elliptical,True
61864,cigar_shaped_elliptical,cigar_shaped_elliptical,True
78071,cigar_shaped_elliptical,cigar_shaped_elliptical,True
229471,cigar_shaped_elliptical,cigar_shaped_elliptical,True
95562,cigar_shaped_elliptical,cigar_shaped_elliptical,True
204626,cigar_shaped_elliptical,cigar_shaped_elliptical,True
140143,cigar_shaped_elliptical,edge_on,False
239740,cigar_shaped_elliptical,cigar_shaped_elliptical,True
85656,cigar_shaped_elliptical,cigar_shaped_elliptical,True
193422,cigar_shaped_elliptical,cigar_shaped_elliptical,True
268372,cigar_shaped_elliptical,cigar_shaped_elliptical,True
164681,cigar_shaped_elliptical,cigar_shaped_elliptical,True
212034,cigar_shaped_elliptical,cigar_shaped_elliptical,True
253449,cigar_shaped_elliptical,cigar_shaped_elliptical,True
77960,cigar_shaped_elliptical,cigar_shaped_elliptical,True
3799,cigar_shaped_elliptical,cigar_shaped_elliptical,True
151240,cigar_shaped_elliptical,cigar_shaped_elliptical,True
255427,cigar_shaped_elliptical,cigar_shaped_elliptical,True
133442,cigar_shaped_elliptical,cigar_shaped_elliptical,True
160276,cigar_shaped_elliptical,cigar_shaped_elliptical,True
101287,cigar_shaped_elliptical,cigar_shaped_elliptical,True
125767,cigar_shaped_elliptical,cigar_shaped_elliptical,True
27063,cigar_shaped_elliptical,cigar_shaped_elliptical,True
253955,cigar_shaped_elliptical,cigar_shaped_elliptical,True
241525,cigar_shaped_elliptical,cigar_shaped_elliptical,True
223766,cigar_shaped_elliptical,cigar_shaped_elliptical,True
237886,cigar_shaped_elliptical,cigar_shaped_elliptical,True
117566,cigar_shaped_elliptical,cigar_shaped_elliptical,True
94664,cigar_shaped_elliptical,cigar_shaped_elliptical,True
153444,cigar_shaped_elliptical,cigar_shaped_elliptical,True
61037,cigar_shaped_elliptical,cigar_shaped_elliptical,True
121203,cigar_shaped_elliptical,cigar_shaped_elliptical,True
154424,cigar_shaped_elliptical,in_between_elliptical,False
194292,cigar_shaped_elliptical,cigar_shaped_elliptical,True
168618,cigar_shaped_elliptical,cigar_shaped_elliptical,True
123124,cigar_shaped_elliptical,cigar_shaped_elliptical,True
187550,cigar_shaped_elliptical,cigar_shaped_elliptical,True
185734,cigar_shaped_elliptical,cigar_shaped_elliptical,True
137641,cigar_shaped_elliptical,cigar_shaped_elliptical,True
181847,cigar_shaped_elliptical,cigar_shaped_elliptical,True
235959,cigar_shaped_elliptical,cigar_shaped_elliptical,True
70141,cigar_shaped_elliptical,cigar_shaped_elliptical,True
80330,cigar_shaped_elliptical,edge_on,False
235590,cigar_shaped_elliptical,cigar_shaped_elliptical,True
214371,cigar_shaped_elliptical,cigar_shaped_elliptical,True
252176,cigar_shaped_elliptical,cigar_shaped_elliptical,True
195840,cigar_shaped_elliptical,irregular,False
287781,cigar_shaped_elliptical,edge_on,False
151950,cigar_shaped_elliptical,cigar_shaped_elliptical,True
270223,cigar_shaped_elliptical,cigar_shaped_elliptical,True
171760,cigar_shaped_elliptical,cigar_shaped_elliptical,True
163066,cigar_shaped_elliptical,cigar_shaped_elliptical,True
259132,cigar_shaped_elliptical,cigar_shaped_elliptical,True
261146,cigar_shaped_elliptical,cigar_shaped_elliptical,True
10391,cigar_shaped_elliptical,cigar_shaped_elliptical,True
39705,cigar_shaped_elliptical,cigar_shaped_elliptical,True
264279,cigar_shaped_elliptical,cigar_shaped_elliptical,True
109863,cigar_shaped_elliptical,cigar_shaped_elliptical,True
136055,cigar_shaped_elliptical,cigar_shaped_elliptical,True
64208,cigar_shaped_elliptical,cigar_shaped_elliptical,True
60294,cigar_shaped_elliptical,in_between_elliptical,False
253900,cigar_shaped_elliptical,cigar_shaped_elliptical,True
187923,cigar_shaped_elliptical,cigar_shaped_elliptical,True
272173,cigar_shaped_elliptical,cigar_shaped_elliptical,True
85644,cigar_shaped_elliptical,cigar_shaped_elliptical,True
122355,cigar_shaped_elliptical,cigar_shaped_elliptical,True
268072,cigar_shaped_elliptical,cigar_shaped_elliptical,True
290831,cigar_shaped_elliptical,cigar_shaped_elliptical,True
141135,cigar_shaped_elliptical,edge_on,False
190599,cigar_shaped_elliptical,cigar_shaped_elliptical,True
17470,cigar_shaped_elliptical,cigar_shaped_elliptical,True
233436,cigar_shaped_elliptical,cigar_shaped_elliptical,True
158134,cigar_shaped_elliptical,cigar_shaped_elliptical,True
279339,cigar_shaped_elliptical,cigar_shaped_elliptical,True
258943,cigar_shaped_elliptical,edge_on,False
70415,cigar_shaped_elliptical,edge_on,False
68491,cigar_shaped_elliptical,cigar_shaped_elliptical,True
37836,cigar_shaped_elliptical,cigar_shaped_elliptical,True
128801,cigar_shaped_elliptical,cigar_shaped_elliptical,True
251698,cigar_shaped_elliptical,cigar_shaped_elliptical,True
246362,cigar_shaped_elliptical,edge_on,False
175969,cigar_shaped_elliptical,in_between_elliptical,False
22534,cigar_shaped_elliptical,cigar_shaped_elliptical,True
34242,cigar_shaped_elliptical,cigar_shaped_elliptical,True
239507,cigar_shaped_elliptical,cigar_shaped_elliptical,True
258117,cigar_shaped_elliptical,cigar_shaped_elliptical,True
95592,cigar_shaped_elliptical,cigar_shaped_elliptical,True
226877,cigar_shaped_elliptical,edge_on,False
200582,cigar_shaped_elliptical,edge_on,False
55905,cigar_shaped_elliptical,cigar_shaped_elliptical,True
103390,cigar_shaped_elliptical,cigar_shaped_elliptical,True
84025,cigar_shaped_elliptical,cigar_shaped_elliptical,True
239569,cigar_shaped_elliptical,cigar_shaped_elliptical,True
203218,cigar_shaped_elliptical,edge_on,False
288905,cigar_shaped_elliptical,cigar_shaped_elliptical,True
210145,cigar_shaped_elliptical,unbarred_spirals,False
226547,cigar_shaped_elliptical,cigar_shaped_elliptical,True
94251,cigar_shaped_elliptical,cigar_shaped_elliptical,True
267783,cigar_shaped_elliptical,cigar_shaped_elliptical,True
246335,cigar_shaped_elliptical,cigar_shaped_elliptical,True
75098,cigar_shaped_elliptical,cigar_shaped_elliptical,True
85099,cigar_shaped_elliptical,edge_on,False
52411,cigar_shaped_elliptical,cigar_shaped_elliptical,True
184134,cigar_shaped_elliptical,cigar_shaped_elliptical,True
10645,cigar_shaped_elliptical,irregular,False
109640,cigar_shaped_elliptical,edge_on,False
20901,cigar_shaped_elliptical,cigar_shaped_elliptical,True
216672,cigar_shaped_elliptical,in_between_elliptical,False
53213,cigar_shaped_elliptical,cigar_shaped_elliptical,True
158152,cigar_shaped_elliptical,cigar_shaped_elliptical,True
89547,cigar_shaped_elliptical,cigar_shaped_elliptical,True
132131,cigar_shaped_elliptical,cigar_shaped_elliptical,True
141961,cigar_shaped_elliptical,cigar_shaped_elliptical,True
25007,cigar_shaped_elliptical,cigar_shaped_elliptical,True
162349,cigar_shaped_elliptical,cigar_shaped_elliptical,True
261915,cigar_shaped_elliptical,cigar_shaped_elliptical,True
12916,cigar_shaped_elliptical,cigar_shaped_elliptical,True
281435,cigar_shaped_elliptical,cigar_shaped_elliptical,True
14511,cigar_shaped_elliptical,cigar_shaped_elliptical,True
115391,cigar_shaped_elliptical,cigar_shaped_elliptical,True
272595,cigar_shaped_elliptical,cigar_shaped_elliptical,True
76735,cigar_shaped_elliptical,cigar_shaped_elliptical,True
216806,cigar_shaped_elliptical,cigar_shaped_elliptical,True
150425,cigar_shaped_elliptical,cigar_shaped_elliptical,True
257234,cigar_shaped_elliptical,edge_on,False
250011,cigar_shaped_elliptical,cigar_shaped_elliptical,True
188977,cigar_shaped_elliptical,cigar_shaped_elliptical,True
168157,cigar_shaped_elliptical,cigar_shaped_elliptical,True
105669,cigar_shaped_elliptical,edge_on,False
116916,cigar_shaped_elliptical,edge_on,False
54522,cigar_shaped_elliptical,cigar_shaped_elliptical,True
939,cigar_shaped_elliptical,cigar_shaped_elliptical,True
98617,cigar_shaped_elliptical,cigar_shaped_elliptical,True
196517,cigar_shaped_elliptical,cigar_shaped_elliptical,True
294621,cigar_shaped_elliptical,cigar_shaped_elliptical,True
273129,cigar_shaped_elliptical,edge_on,False
131788,cigar_shaped_elliptical,cigar_shaped_elliptical,True
269118,cigar_shaped_elliptical,cigar_shaped_elliptical,True
192073,cigar_shaped_elliptical,cigar_shaped_elliptical,True
142223,cigar_shaped_elliptical,cigar_shaped_elliptical,True
239802,cigar_shaped_elliptical,cigar_shaped_elliptical,True
12314,cigar_shaped_elliptical,cigar_shaped_elliptical,True
78658,cigar_shaped_elliptical,cigar_shaped_elliptical,True
9699,cigar_shaped_elliptical,cigar_shaped_elliptical,True
257898,cigar_shaped_elliptical,cigar_shaped_elliptical,True
255821,cigar_shaped_elliptical,cigar_shaped_elliptical,True
227717,cigar_shaped_elliptical,cigar_shaped_elliptical,True
121266,cigar_shaped_elliptical,cigar_shaped_elliptical,True
257823,cigar_shaped_elliptical,cigar_shaped_elliptical,True
164623,cigar_shaped_elliptical,cigar_shaped_elliptical,True
82346,cigar_shaped_elliptical,cigar_shaped_elliptical,True
40740,cigar_shaped_elliptical,cigar_shaped_elliptical,True
267290,cigar_shaped_elliptical,edge_on,False
269203,cigar_shaped_elliptical,cigar_shaped_elliptical,True
251378,cigar_shaped_elliptical,cigar_shaped_elliptical,True
273366,cigar_shaped_elliptical,cigar_shaped_elliptical,True
184091,cigar_shaped_elliptical,cigar_shaped_elliptical,True
136712,cigar_shaped_elliptical,cigar_shaped_elliptical,True
260237,cigar_shaped_elliptical,cigar_shaped_elliptical,True
55622,cigar_shaped_elliptical,cigar_shaped_elliptical,True
55562,cigar_shaped_elliptical,cigar_shaped_elliptical,True
83270,cigar_shaped_elliptical,cigar_shaped_elliptical,True
283050,cigar_shaped_elliptical,cigar_shaped_elliptical,True
141202,cigar_shaped_elliptical,cigar_shaped_elliptical,True
255398,cigar_shaped_elliptical,cigar_shaped_elliptical,True
171279,cigar_shaped_elliptical,cigar_shaped_elliptical,True
24572,cigar_shaped_elliptical,unbarred_spirals,False
255996,cigar_shaped_elliptical,edge_on,False
161166,cigar_shaped_elliptical,cigar_shaped_elliptical,True
150723,cigar_shaped_elliptical,cigar_shaped_elliptical,True
197907,cigar_shaped_elliptical,cigar_shaped_elliptical,True
110053,cigar_shaped_elliptical,cigar_shaped_elliptical,True
189110,cigar_shaped_elliptical,cigar_shaped_elliptical,True
241122,cigar_shaped_elliptical,cigar_shaped_elliptical,True
10026,cigar_shaped_elliptical,cigar_shaped_elliptical,True
192939,cigar_shaped_elliptical,cigar_shaped_elliptical,True
260596,cigar_shaped_elliptical,cigar_shaped_elliptical,True
70436,cigar_shaped_elliptical,cigar_shaped_elliptical,True
255989,cigar_shaped_elliptical,cigar_shaped_elliptical,True
34054,cigar_shaped_elliptical,cigar_shaped_elliptical,True
158442,cigar_shaped_elliptical,cigar_shaped_elliptical,True
265389,cigar_shaped_elliptical,irregular,False
196287,cigar_shaped_elliptical,cigar_shaped_elliptical,True
2802,cigar_shaped_elliptical,cigar_shaped_elliptical,True
37660,cigar_shaped_elliptical,cigar_shaped_elliptical,True
111389,cigar_shaped_elliptical,cigar_shaped_elliptical,True
219625,cigar_shaped_elliptical,barred_spirals,False
256917,cigar_shaped_elliptical,edge_on,False
163701,cigar_shaped_elliptical,cigar_shaped_elliptical,True
106884,cigar_shaped_elliptical,cigar_shaped_elliptical,True
45638,cigar_shaped_elliptical,cigar_shaped_elliptical,True
291221,cigar_shaped_elliptical,cigar_shaped_elliptical,True
260608,cigar_shaped_elliptical,cigar_shaped_elliptical,True
88592,cigar_shaped_elliptical,cigar_shaped_elliptical,True
111264,cigar_shaped_elliptical,cigar_shaped_elliptical,True
292712,cigar_shaped_elliptical,edge_on,False
166685,cigar_shaped_elliptical,cigar_shaped_elliptical,True
210216,cigar_shaped_elliptical,cigar_shaped_elliptical,True
156694,cigar_shaped_elliptical,cigar_shaped_elliptical,True
72339,cigar_shaped_elliptical,cigar_shaped_elliptical,True
255437,cigar_shaped_elliptical,cigar_shaped_elliptical,True
50449,cigar_shaped_elliptical,cigar_shaped_elliptical,True
96606,cigar_shaped_elliptical,cigar_shaped_elliptical,True
23311,cigar_shaped_elliptical,cigar_shaped_elliptical,True
217597,cigar_shaped_elliptical,cigar_shaped_elliptical,True
52640,cigar_shaped_elliptical,cigar_shaped_elliptical,True
136725,cigar_shaped_elliptical,cigar_shaped_elliptical,True
90896,cigar_shaped_elliptical,cigar_shaped_elliptical,True
201226,cigar_shaped_elliptical,cigar_shaped_elliptical,True
236940,cigar_shaped_elliptical,cigar_shaped_elliptical,True
160260,cigar_shaped_elliptical,cigar_shaped_elliptical,True
201617,cigar_shaped_elliptical,cigar_shaped_elliptical,True
126808,cigar_shaped_elliptical,cigar_shaped_elliptical,True
174802,cigar_shaped_elliptical,cigar_shaped_elliptical,True
253335,cigar_shaped_elliptical,cigar_shaped_elliptical,True
140240,cigar_shaped_elliptical,cigar_shaped_elliptical,True
110222,cigar_shaped_elliptical,cigar_shaped_elliptical,True
10547,cigar_shaped_elliptical,cigar_shaped_elliptical,True
240838,cigar_shaped_elliptical,cigar_shaped_elliptical,True
219699,cigar_shaped_elliptical,cigar_shaped_elliptical,True
152457,cigar_shaped_elliptical,edge_on,False
271265,cigar_shaped_elliptical,cigar_shaped_elliptical,True
50203,cigar_shaped_elliptical,edge_on,False
160543,cigar_shaped_elliptical,cigar_shaped_elliptical,True
139107,cigar_shaped_elliptical,cigar_shaped_elliptical,True
255933,cigar_shaped_elliptical,cigar_shaped_elliptical,True
66815,cigar_shaped_elliptical,cigar_shaped_elliptical,True
257315,cigar_shaped_elliptical,cigar_shaped_elliptical,True
46271,cigar_shaped_elliptical,edge_on,False
272830,cigar_shaped_elliptical,cigar_shaped_elliptical,True
115718,cigar_shaped_elliptical,cigar_shaped_elliptical,True
60897,cigar_shaped_elliptical,cigar_shaped_elliptical,True
120800,cigar_shaped_elliptical,unbarred_spirals,False
213672,cigar_shaped_elliptical,edge_on,False
20635,cigar_shaped_elliptical,cigar_shaped_elliptical,True
288282,cigar_shaped_elliptical,cigar_shaped_elliptical,True
32076,cigar_shaped_elliptical,cigar_shaped_elliptical,True
73947,cigar_shaped_elliptical,edge_on,False
263101,cigar_shaped_elliptical,edge_on,False
282916,cigar_shaped_elliptical,edge_on,False
122603,cigar_shaped_elliptical,cigar_shaped_elliptical,True
85729,cigar_shaped_elliptical,edge_on,False
158225,cigar_shaped_elliptical,cigar_shaped_elliptical,True
65340,cigar_shaped_elliptical,cigar_shaped_elliptical,True
241205,cigar_shaped_elliptical,cigar_shaped_elliptical,True
184349,cigar_shaped_elliptical,cigar_shaped_elliptical,True
10675,cigar_shaped_elliptical,cigar_shaped_elliptical,True
83003,cigar_shaped_elliptical,cigar_shaped_elliptical,True
132578,cigar_shaped_elliptical,cigar_shaped_elliptical,True
161347,cigar_shaped_elliptical,cigar_shaped_elliptical,True
111903,cigar_shaped_elliptical,cigar_shaped_elliptical,True
87315,cigar_shaped_elliptical,cigar_shaped_elliptical,True
201741,cigar_shaped_elliptical,cigar_shaped_elliptical,True
142989,cigar_shaped_elliptical,irregular,False
47180,cigar_shaped_elliptical,cigar_shaped_elliptical,True
22741,cigar_shaped_elliptical,cigar_shaped_elliptical,True
255088,cigar_shaped_elliptical,cigar_shaped_elliptical,True
50880,cigar_shaped_elliptical,cigar_shaped_elliptical,True
28114,cigar_shaped_elliptical,edge_on,False
11170,cigar_shaped_elliptical,cigar_shaped_elliptical,True
39453,cigar_shaped_elliptical,cigar_shaped_elliptical,True
290303,cigar_shaped_elliptical,cigar_shaped_elliptical,True
156089,cigar_shaped_elliptical,edge_on,False
192688,cigar_shaped_elliptical,in_between_elliptical,False
73350,cigar_shaped_elliptical,cigar_shaped_elliptical,True
130386,cigar_shaped_elliptical,cigar_shaped_elliptical,True
172226,cigar_shaped_elliptical,irregular,False
113787,cigar_shaped_elliptical,edge_on,False
178849,cigar_shaped_elliptical,cigar_shaped_elliptical,True
162768,cigar_shaped_elliptical,edge_on,False
269085,cigar_shaped_elliptical,edge_on,False
175113,cigar_shaped_elliptical,edge_on,False
32340,cigar_shaped_elliptical,cigar_shaped_elliptical,True
89252,cigar_shaped_elliptical,cigar_shaped_elliptical,True
255907,cigar_shaped_elliptical,cigar_shaped_elliptical,True
121597,cigar_shaped_elliptical,cigar_shaped_elliptical,True
263835,cigar_shaped_elliptical,cigar_shaped_elliptical,True
149444,cigar_shaped_elliptical,cigar_shaped_elliptical,True
223953,cigar_shaped_elliptical,cigar_shaped_elliptical,True
145629,cigar_shaped_elliptical,cigar_shaped_elliptical,True
50048,cigar_shaped_elliptical,cigar_shaped_elliptical,True
66319,cigar_shaped_elliptical,edge_on,False
55889,cigar_shaped_elliptical,cigar_shaped_elliptical,True
265710,cigar_shaped_elliptical,cigar_shaped_elliptical,True
98434,cigar_shaped_elliptical,cigar_shaped_elliptical,True
148654,cigar_shaped_elliptical,cigar_shaped_elliptical,True
273380,cigar_shaped_elliptical,edge_on,False
173407,cigar_shaped_elliptical,cigar_shaped_elliptical,True
155289,cigar_shaped_elliptical,cigar_shaped_elliptical,True
272884,cigar_shaped_elliptical,cigar_shaped_elliptical,True
82384,cigar_shaped_elliptical,cigar_shaped_elliptical,True
152776,cigar_shaped_elliptical,edge_on,False
171960,cigar_shaped_elliptical,cigar_shaped_elliptical,True
258711,cigar_shaped_elliptical,edge_on,False
236965,cigar_shaped_elliptical,cigar_shaped_elliptical,True
73757,cigar_shaped_elliptical,cigar_shaped_elliptical,True
285813,cigar_shaped_elliptical,cigar_shaped_elliptical,True
89221,cigar_shaped_elliptical,irregular,False
242759,cigar_shaped_elliptical,cigar_shaped_elliptical,True
77221,cigar_shaped_elliptical,in_between_elliptical,False
34073,cigar_shaped_elliptical,cigar_shaped_elliptical,True
112269,cigar_shaped_elliptical,cigar_shaped_elliptical,True
260415,cigar_shaped_elliptical,in_between_elliptical,False
172941,cigar_shaped_elliptical,cigar_shaped_elliptical,True
133825,cigar_shaped_elliptical,cigar_shaped_elliptical,True
28108,cigar_shaped_elliptical,cigar_shaped_elliptical,True
7753,cigar_shaped_elliptical,edge_on,False
272849,cigar_shaped_elliptical,cigar_shaped_elliptical,True
221681,cigar_shaped_elliptical,edge_on,False
101579,cigar_shaped_elliptical,cigar_shaped_elliptical,True
151108,cigar_shaped_elliptical,cigar_shaped_elliptical,True
130785,cigar_shaped_elliptical,cigar_shaped_elliptical,True
149286,cigar_shaped_elliptical,cigar_shaped_elliptical,True
245056,cigar_shaped_elliptical,cigar_shaped_elliptical,True
178855,cigar_shaped_elliptical,cigar_shaped_elliptical,True
24071,cigar_shaped_elliptical,cigar_shaped_elliptical,True
252269,cigar_shaped_elliptical,cigar_shaped_elliptical,True
82989,cigar_shaped_elliptical,cigar_shaped_elliptical,True
117442,cigar_shaped_elliptical,cigar_shaped_elliptical,True
224056,cigar_shaped_elliptical,cigar_shaped_elliptical,True
71651,cigar_shaped_elliptical,edge_on,False
3315,cigar_shaped_elliptical,cigar_shaped_elliptical,True
231621,cigar_shaped_elliptical,cigar_shaped_elliptical,True
131255,cigar_shaped_elliptical,cigar_shaped_elliptical,True
265078,cigar_shaped_elliptical,cigar_shaped_elliptical,True
291687,cigar_shaped_elliptical,cigar_shaped_elliptical,True
179548,cigar_shaped_elliptical,cigar_shaped_elliptical,True
26752,cigar_shaped_elliptical,edge_on,False
34783,cigar_shaped_elliptical,cigar_shaped_elliptical,True
16755,cigar_shaped_elliptical,cigar_shaped_elliptical,True
68278,cigar_shaped_elliptical,cigar_shaped_elliptical,True
248851,cigar_shaped_elliptical,cigar_shaped_elliptical,True
134914,cigar_shaped_elliptical,cigar_shaped_elliptical,True
97304,cigar_shaped_elliptical,cigar_shaped_elliptical,True
269382,cigar_shaped_elliptical,cigar_shaped_elliptical,True
235564,cigar_shaped_elliptical,cigar_shaped_elliptical,True
67629,cigar_shaped_elliptical,cigar_shaped_elliptical,True
267529,cigar_shaped_elliptical,cigar_shaped_elliptical,True
174198,cigar_shaped_elliptical,cigar_shaped_elliptical,True
52536,cigar_shaped_elliptical,cigar_shaped_elliptical,True
102601,cigar_shaped_elliptical,cigar_shaped_elliptical,True
156643,cigar_shaped_elliptical,cigar_shaped_elliptical,True
82803,cigar_shaped_elliptical,edge_on,False
110578,cigar_shaped_elliptical,in_between_elliptical,False
100886,cigar_shaped_elliptical,cigar_shaped_elliptical,True
82487,cigar_shaped_elliptical,cigar_shaped_elliptical,True
54668,cigar_shaped_elliptical,cigar_shaped_elliptical,True
175473,cigar_shaped_elliptical,cigar_shaped_elliptical,True
67551,cigar_shaped_elliptical,cigar_shaped_elliptical,True
116750,cigar_shaped_elliptical,cigar_shaped_elliptical,True
11274,cigar_shaped_elliptical,cigar_shaped_elliptical,True
185011,cigar_shaped_elliptical,round_elliptical,False
276535,cigar_shaped_elliptical,cigar_shaped_elliptical,True
247740,cigar_shaped_elliptical,cigar_shaped_elliptical,True
241840,cigar_shaped_elliptical,cigar_shaped_elliptical,True
11523,cigar_shaped_elliptical,cigar_shaped_elliptical,True
20850,cigar_shaped_elliptical,cigar_shaped_elliptical,True
186752,cigar_shaped_elliptical,cigar_shaped_elliptical,True
3974,cigar_shaped_elliptical,edge_on,False
254522,cigar_shaped_elliptical,edge_on,False
264433,cigar_shaped_elliptical,cigar_shaped_elliptical,True
81885,cigar_shaped_elliptical,cigar_shaped_elliptical,True
269877,cigar_shaped_elliptical,cigar_shaped_elliptical,True
204964,cigar_shaped_elliptical,cigar_shaped_elliptical,True
60197,cigar_shaped_elliptical,cigar_shaped_elliptical,True
23084,cigar_shaped_elliptical,cigar_shaped_elliptical,True
156654,cigar_shaped_elliptical,cigar_shaped_elliptical,True
252990,cigar_shaped_elliptical,cigar_shaped_elliptical,True
28182,cigar_shaped_elliptical,cigar_shaped_elliptical,True
217576,cigar_shaped_elliptical,cigar_shaped_elliptical,True
177677,cigar_shaped_elliptical,cigar_shaped_elliptical,True
158212,cigar_shaped_elliptical,cigar_shaped_elliptical,True
244691,cigar_shaped_elliptical,cigar_shaped_elliptical,True
264277,cigar_shaped_elliptical,cigar_shaped_elliptical,True
108752,cigar_shaped_elliptical,cigar_shaped_elliptical,True
158084,cigar_shaped_elliptical,cigar_shaped_elliptical,True
61523,cigar_shaped_elliptical,cigar_shaped_elliptical,True
107594,cigar_shaped_elliptical,cigar_shaped_elliptical,True
110384,cigar_shaped_elliptical,edge_on,False
200757,cigar_shaped_elliptical,cigar_shaped_elliptical,True
206492,cigar_shaped_elliptical,edge_on,False
144680,cigar_shaped_elliptical,edge_on,False
270751,cigar_shaped_elliptical,cigar_shaped_elliptical,True
100524,cigar_shaped_elliptical,cigar_shaped_elliptical,True
71919,cigar_shaped_elliptical,cigar_shaped_elliptical,True
5551,cigar_shaped_elliptical,edge_on,False
133782,cigar_shaped_elliptical,cigar_shaped_elliptical,True
142160,cigar_shaped_elliptical,cigar_shaped_elliptical,True
75801,cigar_shaped_elliptical,cigar_shaped_elliptical,True
130781,cigar_shaped_elliptical,cigar_shaped_elliptical,True
116377,cigar_shaped_elliptical,cigar_shaped_elliptical,True
158153,cigar_shaped_elliptical,cigar_shaped_elliptical,True
57487,cigar_shaped_elliptical,cigar_shaped_elliptical,True
168452,cigar_shaped_elliptical,cigar_shaped_elliptical,True
263746,cigar_shaped_elliptical,cigar_shaped_elliptical,True
262383,cigar_shaped_elliptical,cigar_shaped_elliptical,True
12725,cigar_shaped_elliptical,cigar_shaped_elliptical,True
122631,cigar_shaped_elliptical,cigar_shaped_elliptical,True
178291,cigar_shaped_elliptical,cigar_shaped_elliptical,True
89537,cigar_shaped_elliptical,cigar_shaped_elliptical,True
161717,cigar_shaped_elliptical,cigar_shaped_elliptical,True
155635,cigar_shaped_elliptical,cigar_shaped_elliptical,True
271751,cigar_shaped_elliptical,cigar_shaped_elliptical,True
95591,cigar_shaped_elliptical,cigar_shaped_elliptical,True
34650,cigar_shaped_elliptical,cigar_shaped_elliptical,True
262995,cigar_shaped_elliptical,unbarred_spirals,False
173601,cigar_shaped_elliptical,cigar_shaped_elliptical,True
109783,cigar_shaped_elliptical,cigar_shaped_elliptical,True
208500,cigar_shaped_elliptical,cigar_shaped_elliptical,True
83909,cigar_shaped_elliptical,cigar_shaped_elliptical,True
214805,cigar_shaped_elliptical,cigar_shaped_elliptical,True
130975,cigar_shaped_elliptical,cigar_shaped_elliptical,True
137092,cigar_shaped_elliptical,cigar_shaped_elliptical,True
282088,cigar_shaped_elliptical,cigar_shaped_elliptical,True
36811,cigar_shaped_elliptical,cigar_shaped_elliptical,True
128696,cigar_shaped_elliptical,cigar_shaped_elliptical,True
74479,cigar_shaped_elliptical,cigar_shaped_elliptical,True
221066,cigar_shaped_elliptical,cigar_shaped_elliptical,True
1487,cigar_shaped_elliptical,cigar_shaped_elliptical,True
111330,cigar_shaped_elliptical,cigar_shaped_elliptical,True
272196,cigar_shaped_elliptical,cigar_shaped_elliptical,True
271399,cigar_shaped_elliptical,cigar_shaped_elliptical,True
152352,cigar_shaped_elliptical,cigar_shaped_elliptical,True
205289,cigar_shaped_elliptical,in_between_elliptical,False
253655,cigar_shaped_elliptical,cigar_shaped_elliptical,True
248047,cigar_shaped_elliptical,cigar_shaped_elliptical,True
87135,cigar_shaped_elliptical,cigar_shaped_elliptical,True
166849,cigar_shaped_elliptical,cigar_shaped_elliptical,True
58644,cigar_shaped_elliptical,cigar_shaped_elliptical,True
7338,cigar_shaped_elliptical,cigar_shaped_elliptical,True
36635,cigar_shaped_elliptical,cigar_shaped_elliptical,True
174734,cigar_shaped_elliptical,cigar_shaped_elliptical,True
259493,cigar_shaped_elliptical,edge_on,False
86117,cigar_shaped_elliptical,cigar_shaped_elliptical,True
231596,cigar_shaped_elliptical,cigar_shaped_elliptical,True
151935,cigar_shaped_elliptical,cigar_shaped_elliptical,True
255719,cigar_shaped_elliptical,cigar_shaped_elliptical,True
158164,cigar_shaped_elliptical,cigar_shaped_elliptical,True
48757,cigar_shaped_elliptical,cigar_shaped_elliptical,True
123611,cigar_shaped_elliptical,cigar_shaped_elliptical,True
31583,cigar_shaped_elliptical,cigar_shaped_elliptical,True
151249,cigar_shaped_elliptical,cigar_shaped_elliptical,True
40002,cigar_shaped_elliptical,cigar_shaped_elliptical,True
47176,cigar_shaped_elliptical,cigar_shaped_elliptical,True
39046,cigar_shaped_elliptical,cigar_shaped_elliptical,True
16812,cigar_shaped_elliptical,cigar_shaped_elliptical,True
48036,cigar_shaped_elliptical,cigar_shaped_elliptical,True
279000,cigar_shaped_elliptical,cigar_shaped_elliptical,True
137381,cigar_shaped_elliptical,round_elliptical,False
245372,cigar_shaped_elliptical,cigar_shaped_elliptical,True
236751,cigar_shaped_elliptical,edge_on,False
141742,cigar_shaped_elliptical,cigar_shaped_elliptical,True
111390,cigar_shaped_elliptical,cigar_shaped_elliptical,True
221811,cigar_shaped_elliptical,cigar_shaped_elliptical,True
227529,cigar_shaped_elliptical,cigar_shaped_elliptical,True
34896,cigar_shaped_elliptical,cigar_shaped_elliptical,True
267620,cigar_shaped_elliptical,cigar_shaped_elliptical,True
186225,cigar_shaped_elliptical,merger,False
11265,cigar_shaped_elliptical,cigar_shaped_elliptical,True
253046,cigar_shaped_elliptical,cigar_shaped_elliptical,True
109246,cigar_shaped_elliptical,cigar_shaped_elliptical,True
268585,cigar_shaped_elliptical,irregular,False
235735,cigar_shaped_elliptical,cigar_shaped_elliptical,True
263411,cigar_shaped_elliptical,edge_on,False
131506,cigar_shaped_elliptical,cigar_shaped_elliptical,True
61174,cigar_shaped_elliptical,unbarred_spirals,False
210159,cigar_shaped_elliptical,cigar_shaped_elliptical,True
113247,cigar_shaped_elliptical,cigar_shaped_elliptical,True
270638,cigar_shaped_elliptical,cigar_shaped_elliptical,True
279070,cigar_shaped_elliptical,edge_on,False
154065,cigar_shaped_elliptical,cigar_shaped_elliptical,True
181996,cigar_shaped_elliptical,edge_on,False
259443,cigar_shaped_elliptical,cigar_shaped_elliptical,True
221030,cigar_shaped_elliptical,cigar_shaped_elliptical,True
247114,cigar_shaped_elliptical,cigar_shaped_elliptical,True
229966,cigar_shaped_elliptical,cigar_shaped_elliptical,True
123369,cigar_shaped_elliptical,cigar_shaped_elliptical,True
100247,cigar_shaped_elliptical,cigar_shaped_elliptical,True
184152,cigar_shaped_elliptical,cigar_shaped_elliptical,True
258718,cigar_shaped_elliptical,cigar_shaped_elliptical,True
130577,cigar_shaped_elliptical,cigar_shaped_elliptical,True
266343,cigar_shaped_elliptical,cigar_shaped_elliptical,True
132668,cigar_shaped_elliptical,cigar_shaped_elliptical,True
253155,cigar_shaped_elliptical,cigar_shaped_elliptical,True
162209,cigar_shaped_elliptical,cigar_shaped_elliptical,True
266696,cigar_shaped_elliptical,cigar_shaped_elliptical,True
110742,cigar_shaped_elliptical,edge_on,False
232811,cigar_shaped_elliptical,cigar_shaped_elliptical,True
125954,cigar_shaped_elliptical,in_between_elliptical,False
50453,cigar_shaped_elliptical,cigar_shaped_elliptical,True
257761,cigar_shaped_elliptical,cigar_shaped_elliptical,True
158007,cigar_shaped_elliptical,cigar_shaped_elliptical,True
84329,cigar_shaped_elliptical,cigar_shaped_elliptical,True
121136,cigar_shaped_elliptical,cigar_shaped_elliptical,True
11797,cigar_shaped_elliptical,cigar_shaped_elliptical,True
269775,cigar_shaped_elliptical,cigar_shaped_elliptical,True
245939,cigar_shaped_elliptical,cigar_shaped_elliptical,True
138560,cigar_shaped_elliptical,cigar_shaped_elliptical,True
211975,cigar_shaped_elliptical,edge_on,False
259766,cigar_shaped_elliptical,cigar_shaped_elliptical,True
117095,cigar_shaped_elliptical,cigar_shaped_elliptical,True
272080,cigar_shaped_elliptical,cigar_shaped_elliptical,True
168645,cigar_shaped_elliptical,cigar_shaped_elliptical,True
261666,cigar_shaped_elliptical,cigar_shaped_elliptical,True
235723,cigar_shaped_elliptical,cigar_shaped_elliptical,True
1054,cigar_shaped_elliptical,cigar_shaped_elliptical,True
119860,cigar_shaped_elliptical,cigar_shaped_elliptical,True
255798,cigar_shaped_elliptical,cigar_shaped_elliptical,True
39173,cigar_shaped_elliptical,cigar_shaped_elliptical,True
175032,cigar_shaped_elliptical,cigar_shaped_elliptical,True
154138,cigar_shaped_elliptical,cigar_shaped_elliptical,True
88078,cigar_shaped_elliptical,cigar_shaped_elliptical,True
208255,cigar_shaped_elliptical,cigar_shaped_elliptical,True
52949,cigar_shaped_elliptical,cigar_shaped_elliptical,True
5273,cigar_shaped_elliptical,cigar_shaped_elliptical,True
98640,cigar_shaped_elliptical,cigar_shaped_elliptical,True
118067,cigar_shaped_elliptical,cigar_shaped_elliptical,True
77254,cigar_shaped_elliptical,cigar_shaped_elliptical,True
122544,cigar_shaped_elliptical,cigar_shaped_elliptical,True
27145,cigar_shaped_elliptical,cigar_shaped_elliptical,True
230639,cigar_shaped_elliptical,cigar_shaped_elliptical,True
8931,cigar_shaped_elliptical,cigar_shaped_elliptical,True
206425,cigar_shaped_elliptical,cigar_shaped_elliptical,True
756,cigar_shaped_elliptical,cigar_shaped_elliptical,True
3771,cigar_shaped_elliptical,cigar_shaped_elliptical,True
38630,cigar_shaped_elliptical,cigar_shaped_elliptical,True
86866,cigar_shaped_elliptical,cigar_shaped_elliptical,True
186107,cigar_shaped_elliptical,cigar_shaped_elliptical,True
244227,cigar_shaped_elliptical,cigar_shaped_elliptical,True
272655,cigar_shaped_elliptical,cigar_shaped_elliptical,True
46898,cigar_shaped_elliptical,cigar_shaped_elliptical,True
75219,cigar_shaped_elliptical,cigar_shaped_elliptical,True
36396,cigar_shaped_elliptical,cigar_shaped_elliptical,True
214804,cigar_shaped_elliptical,cigar_shaped_elliptical,True
155736,cigar_shaped_elliptical,cigar_shaped_elliptical,True
18863,cigar_shaped_elliptical,cigar_shaped_elliptical,True
246945,cigar_shaped_elliptical,cigar_shaped_elliptical,True
169037,cigar_shaped_elliptical,cigar_shaped_elliptical,True
280848,cigar_shaped_elliptical,edge_on,False
136523,cigar_shaped_elliptical,cigar_shaped_elliptical,True
135646,cigar_shaped_elliptical,cigar_shaped_elliptical,True
84057,cigar_shaped_elliptical,cigar_shaped_elliptical,True
142043,cigar_shaped_elliptical,cigar_shaped_elliptical,True
262765,cigar_shaped_elliptical,cigar_shaped_elliptical,True
62576,cigar_shaped_elliptical,cigar_shaped_elliptical,True
286130,cigar_shaped_elliptical,cigar_shaped_elliptical,True
83963,cigar_shaped_elliptical,cigar_shaped_elliptical,True
112249,cigar_shaped_elliptical,edge_on,False
56151,cigar_shaped_elliptical,cigar_shaped_elliptical,True
236345,cigar_shaped_elliptical,cigar_shaped_elliptical,True
230847,cigar_shaped_elliptical,cigar_shaped_elliptical,True
105697,cigar_shaped_elliptical,cigar_shaped_elliptical,True
205993,cigar_shaped_elliptical,cigar_shaped_elliptical,True
229763,cigar_shaped_elliptical,cigar_shaped_elliptical,True
121268,cigar_shaped_elliptical,cigar_shaped_elliptical,True
38899,cigar_shaped_elliptical,cigar_shaped_elliptical,True
233828,cigar_shaped_elliptical,cigar_shaped_elliptical,True
10778,cigar_shaped_elliptical,cigar_shaped_elliptical,True
242936,cigar_shaped_elliptical,edge_on,False
162280,cigar_shaped_elliptical,cigar_shaped_elliptical,True
189214,cigar_shaped_elliptical,cigar_shaped_elliptical,True
22339,cigar_shaped_elliptical,cigar_shaped_elliptical,True
269910,cigar_shaped_elliptical,cigar_shaped_elliptical,True
270555,cigar_shaped_elliptical,cigar_shaped_elliptical,True
67623,cigar_shaped_elliptical,cigar_shaped_elliptical,True
107865,cigar_shaped_elliptical,cigar_shaped_elliptical,True
140231,cigar_shaped_elliptical,cigar_shaped_elliptical,True
271138,cigar_shaped_elliptical,irregular,False
31556,cigar_shaped_elliptical,cigar_shaped_elliptical,True
194946,cigar_shaped_elliptical,cigar_shaped_elliptical,True
63051,cigar_shaped_elliptical,cigar_shaped_elliptical,True
158343,cigar_shaped_elliptical,cigar_shaped_elliptical,True
75248,cigar_shaped_elliptical,cigar_shaped_elliptical,True
210701,cigar_shaped_elliptical,in_between_elliptical,False
38107,cigar_shaped_elliptical,cigar_shaped_elliptical,True
264987,cigar_shaped_elliptical,cigar_shaped_elliptical,True
212727,cigar_shaped_elliptical,edge_on,False
31527,cigar_shaped_elliptical,unbarred_spirals,False
1432,cigar_shaped_elliptical,barred_spirals,False
292190,cigar_shaped_elliptical,cigar_shaped_elliptical,True
270384,cigar_shaped_elliptical,cigar_shaped_elliptical,True
193804,cigar_shaped_elliptical,cigar_shaped_elliptical,True
220039,cigar_shaped_elliptical,cigar_shaped_elliptical,True
269568,cigar_shaped_elliptical,cigar_shaped_elliptical,True
256899,cigar_shaped_elliptical,cigar_shaped_elliptical,True
253645,cigar_shaped_elliptical,cigar_shaped_elliptical,True
199330,cigar_shaped_elliptical,unbarred_spirals,False
134565,cigar_shaped_elliptical,cigar_shaped_elliptical,True
269926,cigar_shaped_elliptical,cigar_shaped_elliptical,True
229119,cigar_shaped_elliptical,cigar_shaped_elliptical,True
106247,cigar_shaped_elliptical,cigar_shaped_elliptical,True
207341,cigar_shaped_elliptical,cigar_shaped_elliptical,True
269626,cigar_shaped_elliptical,irregular,False
158580,cigar_shaped_elliptical,cigar_shaped_elliptical,True
262385,cigar_shaped_elliptical,cigar_shaped_elliptical,True
141301,cigar_shaped_elliptical,edge_on,False
269138,cigar_shaped_elliptical,cigar_shaped_elliptical,True
63347,cigar_shaped_elliptical,cigar_shaped_elliptical,True
15518,cigar_shaped_elliptical,cigar_shaped_elliptical,True
264159,cigar_shaped_elliptical,cigar_shaped_elliptical,True
148792,cigar_shaped_elliptical,edge_on,False
249450,cigar_shaped_elliptical,cigar_shaped_elliptical,True
271293,cigar_shaped_elliptical,cigar_shaped_elliptical,True
121856,cigar_shaped_elliptical,cigar_shaped_elliptical,True
9283,cigar_shaped_elliptical,cigar_shaped_elliptical,True
188903,cigar_shaped_elliptical,cigar_shaped_elliptical,True
163661,cigar_shaped_elliptical,cigar_shaped_elliptical,True
226088,cigar_shaped_elliptical,cigar_shaped_elliptical,True
55359,cigar_shaped_elliptical,cigar_shaped_elliptical,True
50987,cigar_shaped_elliptical,edge_on,False
11336,cigar_shaped_elliptical,edge_on,False
36740,cigar_shaped_elliptical,cigar_shaped_elliptical,True
182130,cigar_shaped_elliptical,cigar_shaped_elliptical,True
186943,cigar_shaped_elliptical,edge_on,False
116134,cigar_shaped_elliptical,cigar_shaped_elliptical,True
38695,cigar_shaped_elliptical,cigar_shaped_elliptical,True
76458,cigar_shaped_elliptical,cigar_shaped_elliptical,True
207350,cigar_shaped_elliptical,cigar_shaped_elliptical,True
131041,cigar_shaped_elliptical,cigar_shaped_elliptical,True
83811,cigar_shaped_elliptical,cigar_shaped_elliptical,True
132786,cigar_shaped_elliptical,cigar_shaped_elliptical,True
185735,cigar_shaped_elliptical,cigar_shaped_elliptical,True
115259,cigar_shaped_elliptical,edge_on,False
252732,cigar_shaped_elliptical,cigar_shaped_elliptical,True
26819,cigar_shaped_elliptical,cigar_shaped_elliptical,True
271203,cigar_shaped_elliptical,cigar_shaped_elliptical,True
243188,cigar_shaped_elliptical,cigar_shaped_elliptical,True
269077,cigar_shaped_elliptical,cigar_shaped_elliptical,True
76383,cigar_shaped_elliptical,cigar_shaped_elliptical,True
271072,cigar_shaped_elliptical,cigar_shaped_elliptical,True
51191,cigar_shaped_elliptical,edge_on,False
108697,cigar_shaped_elliptical,cigar_shaped_elliptical,True
46752,cigar_shaped_elliptical,cigar_shaped_elliptical,True
213844,cigar_shaped_elliptical,cigar_shaped_elliptical,True
32631,cigar_shaped_elliptical,cigar_shaped_elliptical,True
75141,cigar_shaped_elliptical,cigar_shaped_elliptical,True
167220,cigar_shaped_elliptical,cigar_shaped_elliptical,True
132828,cigar_shaped_elliptical,cigar_shaped_elliptical,True
160226,cigar_shaped_elliptical,cigar_shaped_elliptical,True
155978,cigar_shaped_elliptical,cigar_shaped_elliptical,True
158429,cigar_shaped_elliptical,cigar_shaped_elliptical,True
198067,cigar_shaped_elliptical,cigar_shaped_elliptical,True
118614,cigar_shaped_elliptical,cigar_shaped_elliptical,True
266468,cigar_shaped_elliptical,cigar_shaped_elliptical,True
44585,cigar_shaped_elliptical,cigar_shaped_elliptical,True
108467,cigar_shaped_elliptical,cigar_shaped_elliptical,True
36698,cigar_shaped_elliptical,cigar_shaped_elliptical,True
107013,cigar_shaped_elliptical,cigar_shaped_elliptical,True
273431,cigar_shaped_elliptical,cigar_shaped_elliptical,True
39018,cigar_shaped_elliptical,cigar_shaped_elliptical,True
18631,cigar_shaped_elliptical,cigar_shaped_elliptical,True
131280,cigar_shaped_elliptical,edge_on,False
182129,cigar_shaped_elliptical,cigar_shaped_elliptical,True
238687,cigar_shaped_elliptical,cigar_shaped_elliptical,True
155685,cigar_shaped_elliptical,cigar_shaped_elliptical,True
48130,cigar_shaped_elliptical,edge_on,False
263148,cigar_shaped_elliptical,cigar_shaped_elliptical,True
4840,cigar_shaped_elliptical,irregular,False
65147,cigar_shaped_elliptical,cigar_shaped_elliptical,True
283840,cigar_shaped_elliptical,unbarred_spirals,False
39126,cigar_shaped_elliptical,edge_on,False
140460,cigar_shaped_elliptical,edge_on,False
245938,cigar_shaped_elliptical,cigar_shaped_elliptical,True
246431,cigar_shaped_elliptical,cigar_shaped_elliptical,True
269582,cigar_shaped_elliptical,edge_on,False
158569,cigar_shaped_elliptical,cigar_shaped_elliptical,True
143152,cigar_shaped_elliptical,cigar_shaped_elliptical,True
65715,cigar_shaped_elliptical,cigar_shaped_elliptical,True
156402,cigar_shaped_elliptical,edge_on,False
248808,cigar_shaped_elliptical,cigar_shaped_elliptical,True
71439,cigar_shaped_elliptical,cigar_shaped_elliptical,True
76126,cigar_shaped_elliptical,cigar_shaped_elliptical,True
171199,cigar_shaped_elliptical,cigar_shaped_elliptical,True
153815,cigar_shaped_elliptical,cigar_shaped_elliptical,True
272309,cigar_shaped_elliptical,cigar_shaped_elliptical,True
99651,cigar_shaped_elliptical,cigar_shaped_elliptical,True
230307,cigar_shaped_elliptical,cigar_shaped_elliptical,True
184281,cigar_shaped_elliptical,cigar_shaped_elliptical,True
23307,cigar_shaped_elliptical,in_between_elliptical,False
161715,cigar_shaped_elliptical,cigar_shaped_elliptical,True
46547,cigar_shaped_elliptical,cigar_shaped_elliptical,True
262387,cigar_shaped_elliptical,cigar_shaped_elliptical,True
160833,cigar_shaped_elliptical,cigar_shaped_elliptical,True
84947,cigar_shaped_elliptical,irregular,False
293863,cigar_shaped_elliptical,cigar_shaped_elliptical,True
259072,cigar_shaped_elliptical,cigar_shaped_elliptical,True
186964,cigar_shaped_elliptical,cigar_shaped_elliptical,True
119628,cigar_shaped_elliptical,cigar_shaped_elliptical,True
61154,cigar_shaped_elliptical,cigar_shaped_elliptical,True
124027,cigar_shaped_elliptical,cigar_shaped_elliptical,True
155060,cigar_shaped_elliptical,cigar_shaped_elliptical,True
54198,cigar_shaped_elliptical,cigar_shaped_elliptical,True
194948,cigar_shaped_elliptical,cigar_shaped_elliptical,True
254545,cigar_shaped_elliptical,cigar_shaped_elliptical,True
284705,cigar_shaped_elliptical,edge_on,False
107832,cigar_shaped_elliptical,cigar_shaped_elliptical,True
138770,cigar_shaped_elliptical,cigar_shaped_elliptical,True
190488,cigar_shaped_elliptical,cigar_shaped_elliptical,True
259579,cigar_shaped_elliptical,edge_on,False
32472,cigar_shaped_elliptical,cigar_shaped_elliptical,True
264498,cigar_shaped_elliptical,cigar_shaped_elliptical,True
236095,cigar_shaped_elliptical,cigar_shaped_elliptical,True
40604,cigar_shaped_elliptical,cigar_shaped_elliptical,True
210755,cigar_shaped_elliptical,cigar_shaped_elliptical,True
192973,cigar_shaped_elliptical,cigar_shaped_elliptical,True
78584,cigar_shaped_elliptical,cigar_shaped_elliptical,True
166951,cigar_shaped_elliptical,cigar_shaped_elliptical,True
160013,cigar_shaped_elliptical,cigar_shaped_elliptical,True
225474,cigar_shaped_elliptical,cigar_shaped_elliptical,True
196144,cigar_shaped_elliptical,cigar_shaped_elliptical,True
226205,cigar_shaped_elliptical,cigar_shaped_elliptical,True
112385,cigar_shaped_elliptical,cigar_shaped_elliptical,True
240799,cigar_shaped_elliptical,cigar_shaped_elliptical,True
169477,cigar_shaped_elliptical,cigar_shaped_elliptical,True
53847,cigar_shaped_elliptical,cigar_shaped_elliptical,True
293523,cigar_shaped_elliptical,cigar_shaped_elliptical,True
251377,cigar_shaped_elliptical,cigar_shaped_elliptical,True
188289,cigar_shaped_elliptical,cigar_shaped_elliptical,True
122479,cigar_shaped_elliptical,cigar_shaped_elliptical,True
49662,cigar_shaped_elliptical,cigar_shaped_elliptical,True
141775,cigar_shaped_elliptical,cigar_shaped_elliptical,True
140705,cigar_shaped_elliptical,cigar_shaped_elliptical,True
157550,cigar_shaped_elliptical,cigar_shaped_elliptical,True
137695,cigar_shaped_elliptical,cigar_shaped_elliptical,True
81207,cigar_shaped_elliptical,cigar_shaped_elliptical,True
6933,cigar_shaped_elliptical,edge_on,False
169722,cigar_shaped_elliptical,cigar_shaped_elliptical,True
247235,cigar_shaped_elliptical,cigar_shaped_elliptical,True
139749,cigar_shaped_elliptical,cigar_shaped_elliptical,True
98866,cigar_shaped_elliptical,cigar_shaped_elliptical,True
105911,cigar_shaped_elliptical,cigar_shaped_elliptical,True
8542,cigar_shaped_elliptical,in_between_elliptical,False
269386,cigar_shaped_elliptical,cigar_shaped_elliptical,True
41604,cigar_shaped_elliptical,cigar_shaped_elliptical,True
31695,cigar_shaped_elliptical,cigar_shaped_elliptical,True
215087,cigar_shaped_elliptical,cigar_shaped_elliptical,True
72207,cigar_shaped_elliptical,cigar_shaped_elliptical,True
228921,cigar_shaped_elliptical,cigar_shaped_elliptical,True
76715,cigar_shaped_elliptical,in_between_elliptical,False
16176,cigar_shaped_elliptical,edge_on,False
295049,cigar_shaped_elliptical,cigar_shaped_elliptical,True
219099,cigar_shaped_elliptical,cigar_shaped_elliptical,True
94457,cigar_shaped_elliptical,cigar_shaped_elliptical,True
230358,cigar_shaped_elliptical,irregular,False
220820,cigar_shaped_elliptical,cigar_shaped_elliptical,True
68816,cigar_shaped_elliptical,cigar_shaped_elliptical,True
276882,cigar_shaped_elliptical,cigar_shaped_elliptical,True
272608,cigar_shaped_elliptical,cigar_shaped_elliptical,True
95040,cigar_shaped_elliptical,cigar_shaped_elliptical,True
82165,cigar_shaped_elliptical,cigar_shaped_elliptical,True
279875,cigar_shaped_elliptical,edge_on,False
83831,cigar_shaped_elliptical,cigar_shaped_elliptical,True
86651,cigar_shaped_elliptical,cigar_shaped_elliptical,True
173282,cigar_shaped_elliptical,cigar_shaped_elliptical,True
209174,cigar_shaped_elliptical,cigar_shaped_elliptical,True
26836,cigar_shaped_elliptical,cigar_shaped_elliptical,True
191273,cigar_shaped_elliptical,unbarred_spirals,False
73299,cigar_shaped_elliptical,cigar_shaped_elliptical,True
254971,cigar_shaped_elliptical,cigar_shaped_elliptical,True
291008,cigar_shaped_elliptical,cigar_shaped_elliptical,True
134508,cigar_shaped_elliptical,cigar_shaped_elliptical,True
286582,cigar_shaped_elliptical,cigar_shaped_elliptical,True
10642,cigar_shaped_elliptical,cigar_shaped_elliptical,True
270549,cigar_shaped_elliptical,cigar_shaped_elliptical,True
19939,cigar_shaped_elliptical,cigar_shaped_elliptical,True
160162,cigar_shaped_elliptical,cigar_shaped_elliptical,True
14027,cigar_shaped_elliptical,edge_on,False
219545,cigar_shaped_elliptical,cigar_shaped_elliptical,True
20265,cigar_shaped_elliptical,cigar_shaped_elliptical,True
96357,cigar_shaped_elliptical,cigar_shaped_elliptical,True
95530,cigar_shaped_elliptical,cigar_shaped_elliptical,True
125022,cigar_shaped_elliptical,cigar_shaped_elliptical,True
162923,cigar_shaped_elliptical,cigar_shaped_elliptical,True
45713,cigar_shaped_elliptical,cigar_shaped_elliptical,True
19237,cigar_shaped_elliptical,cigar_shaped_elliptical,True
189297,cigar_shaped_elliptical,cigar_shaped_elliptical,True
219989,cigar_shaped_elliptical,cigar_shaped_elliptical,True
138194,cigar_shaped_elliptical,cigar_shaped_elliptical,True
223971,cigar_shaped_elliptical,cigar_shaped_elliptical,True
109622,cigar_shaped_elliptical,cigar_shaped_elliptical,True
144863,cigar_shaped_elliptical,cigar_shaped_elliptical,True
200674,cigar_shaped_elliptical,edge_on,False
124800,cigar_shaped_elliptical,cigar_shaped_elliptical,True
93767,cigar_shaped_elliptical,cigar_shaped_elliptical,True
258676,cigar_shaped_elliptical,edge_on,False
124578,cigar_shaped_elliptical,in_between_elliptical,False
21030,cigar_shaped_elliptical,cigar_shaped_elliptical,True
206650,cigar_shaped_elliptical,edge_on,False
217309,cigar_shaped_elliptical,cigar_shaped_elliptical,True
157723,cigar_shaped_elliptical,cigar_shaped_elliptical,True
19534,cigar_shaped_elliptical,cigar_shaped_elliptical,True
261107,cigar_shaped_elliptical,cigar_shaped_elliptical,True
217439,cigar_shaped_elliptical,cigar_shaped_elliptical,True
257881,cigar_shaped_elliptical,unbarred_spirals,False
126901,cigar_shaped_elliptical,edge_on,False
155249,cigar_shaped_elliptical,cigar_shaped_elliptical,True
30555,cigar_shaped_elliptical,cigar_shaped_elliptical,True
200086,cigar_shaped_elliptical,unbarred_spirals,False
12809,cigar_shaped_elliptical,cigar_shaped_elliptical,True
265537,cigar_shaped_elliptical,cigar_shaped_elliptical,True
254965,cigar_shaped_elliptical,cigar_shaped_elliptical,True
206969,cigar_shaped_elliptical,cigar_shaped_elliptical,True
268336,cigar_shaped_elliptical,cigar_shaped_elliptical,True
229611,cigar_shaped_elliptical,cigar_shaped_elliptical,True
217622,cigar_shaped_elliptical,cigar_shaped_elliptical,True
140193,cigar_shaped_elliptical,cigar_shaped_elliptical,True
139206,cigar_shaped_elliptical,edge_on,False
166340,cigar_shaped_elliptical,cigar_shaped_elliptical,True
210516,cigar_shaped_elliptical,cigar_shaped_elliptical,True
171555,cigar_shaped_elliptical,cigar_shaped_elliptical,True
289537,cigar_shaped_elliptical,cigar_shaped_elliptical,True
231553,cigar_shaped_elliptical,cigar_shaped_elliptical,True
75292,cigar_shaped_elliptical,cigar_shaped_elliptical,True
34383,cigar_shaped_elliptical,cigar_shaped_elliptical,True
151612,cigar_shaped_elliptical,cigar_shaped_elliptical,True
159098,cigar_shaped_elliptical,cigar_shaped_elliptical,True
172374,cigar_shaped_elliptical,cigar_shaped_elliptical,True
72872,cigar_shaped_elliptical,cigar_shaped_elliptical,True
219604,cigar_shaped_elliptical,cigar_shaped_elliptical,True
265065,cigar_shaped_elliptical,round_elliptical,False
51172,cigar_shaped_elliptical,cigar_shaped_elliptical,True
268133,cigar_shaped_elliptical,cigar_shaped_elliptical,True
294548,cigar_shaped_elliptical,cigar_shaped_elliptical,True
259171,cigar_shaped_elliptical,cigar_shaped_elliptical,True
185012,cigar_shaped_elliptical,cigar_shaped_elliptical,True
65096,cigar_shaped_elliptical,cigar_shaped_elliptical,True
69192,cigar_shaped_elliptical,cigar_shaped_elliptical,True
259374,cigar_shaped_elliptical,cigar_shaped_elliptical,True
207949,cigar_shaped_elliptical,cigar_shaped_elliptical,True
24873,cigar_shaped_elliptical,cigar_shaped_elliptical,True
268469,cigar_shaped_elliptical,cigar_shaped_elliptical,True
14303,cigar_shaped_elliptical,cigar_shaped_elliptical,True
250225,cigar_shaped_elliptical,cigar_shaped_elliptical,True
18749,cigar_shaped_elliptical,edge_on,False
80849,cigar_shaped_elliptical,cigar_shaped_elliptical,True
67335,cigar_shaped_elliptical,cigar_shaped_elliptical,True
154880,cigar_shaped_elliptical,cigar_shaped_elliptical,True
164890,cigar_shaped_elliptical,cigar_shaped_elliptical,True
116528,cigar_shaped_elliptical,irregular,False
23913,cigar_shaped_elliptical,cigar_shaped_elliptical,True
53360,cigar_shaped_elliptical,cigar_shaped_elliptical,True
29866,cigar_shaped_elliptical,cigar_shaped_elliptical,True
151920,cigar_shaped_elliptical,cigar_shaped_elliptical,True
252500,cigar_shaped_elliptical,edge_on,False
247224,cigar_shaped_elliptical,cigar_shaped_elliptical,True
290224,cigar_shaped_elliptical,cigar_shaped_elliptical,True
48511,cigar_shaped_elliptical,cigar_shaped_elliptical,True
37741,cigar_shaped_elliptical,cigar_shaped_elliptical,True
6600,cigar_shaped_elliptical,cigar_shaped_elliptical,True
205336,cigar_shaped_elliptical,cigar_shaped_elliptical,True
212990,cigar_shaped_elliptical,cigar_shaped_elliptical,True
276724,cigar_shaped_elliptical,cigar_shaped_elliptical,True
201448,cigar_shaped_elliptical,cigar_shaped_elliptical,True
58120,cigar_shaped_elliptical,cigar_shaped_elliptical,True
88477,cigar_shaped_elliptical,cigar_shaped_elliptical,True
250024,cigar_shaped_elliptical,cigar_shaped_elliptical,True
112370,cigar_shaped_elliptical,cigar_shaped_elliptical,True
155231,cigar_shaped_elliptical,cigar_shaped_elliptical,True
108627,cigar_shaped_elliptical,edge_on,False
189303,cigar_shaped_elliptical,cigar_shaped_elliptical,True
252214,cigar_shaped_elliptical,edge_on,False
206792,cigar_shaped_elliptical,cigar_shaped_elliptical,True
139274,cigar_shaped_elliptical,cigar_shaped_elliptical,True
19178,cigar_shaped_elliptical,in_between_elliptical,False
268195,cigar_shaped_elliptical,cigar_shaped_elliptical,True
161578,cigar_shaped_elliptical,cigar_shaped_elliptical,True
148804,cigar_shaped_elliptical,cigar_shaped_elliptical,True
4552,cigar_shaped_elliptical,cigar_shaped_elliptical,True
98358,cigar_shaped_elliptical,cigar_shaped_elliptical,True
159768,cigar_shaped_elliptical,cigar_shaped_elliptical,True
169624,cigar_shaped_elliptical,cigar_shaped_elliptical,True
81204,cigar_shaped_elliptical,cigar_shaped_elliptical,True
18557,cigar_shaped_elliptical,cigar_shaped_elliptical,True
199800,cigar_shaped_elliptical,cigar_shaped_elliptical,True
66209,cigar_shaped_elliptical,cigar_shaped_elliptical,True
109192,cigar_shaped_elliptical,cigar_shaped_elliptical,True
217477,cigar_shaped_elliptical,cigar_shaped_elliptical,True
169247,cigar_shaped_elliptical,cigar_shaped_elliptical,True
2846,cigar_shaped_elliptical,cigar_shaped_elliptical,True
249199,cigar_shaped_elliptical,edge_on,False
20163,cigar_shaped_elliptical,cigar_shaped_elliptical,True
153597,cigar_shaped_elliptical,cigar_shaped_elliptical,True
178673,cigar_shaped_elliptical,cigar_shaped_elliptical,True
249643,cigar_shaped_elliptical,cigar_shaped_elliptical,True
204277,cigar_shaped_elliptical,cigar_shaped_elliptical,True
90625,cigar_shaped_elliptical,cigar_shaped_elliptical,True
187787,cigar_shaped_elliptical,edge_on,False
60946,cigar_shaped_elliptical,cigar_shaped_elliptical,True
198999,cigar_shaped_elliptical,edge_on,False
226445,cigar_shaped_elliptical,edge_on,False
163061,cigar_shaped_elliptical,cigar_shaped_elliptical,True
122216,cigar_shaped_elliptical,cigar_shaped_elliptical,True
160000,cigar_shaped_elliptical,cigar_shaped_elliptical,True
261561,cigar_shaped_elliptical,cigar_shaped_elliptical,True
208355,cigar_shaped_elliptical,in_between_elliptical,False
172487,cigar_shaped_elliptical,cigar_shaped_elliptical,True
130338,cigar_shaped_elliptical,in_between_elliptical,False
144911,cigar_shaped_elliptical,edge_on,False
166819,cigar_shaped_elliptical,irregular,False
71799,cigar_shaped_elliptical,cigar_shaped_elliptical,True
8519,cigar_shaped_elliptical,cigar_shaped_elliptical,True
258153,cigar_shaped_elliptical,irregular,False
228404,cigar_shaped_elliptical,cigar_shaped_elliptical,True
252224,cigar_shaped_elliptical,cigar_shaped_elliptical,True
14052,cigar_shaped_elliptical,cigar_shaped_elliptical,True
89257,cigar_shaped_elliptical,cigar_shaped_elliptical,True
110591,cigar_shaped_elliptical,cigar_shaped_elliptical,True
17519,cigar_shaped_elliptical,cigar_shaped_elliptical,True
33190,cigar_shaped_elliptical,cigar_shaped_elliptical,True
233346,cigar_shaped_elliptical,cigar_shaped_elliptical,True
5083,cigar_shaped_elliptical,cigar_shaped_elliptical,True
283880,cigar_shaped_elliptical,edge_on,False
293969,cigar_shaped_elliptical,cigar_shaped_elliptical,True
236037,cigar_shaped_elliptical,cigar_shaped_elliptical,True
243944,cigar_shaped_elliptical,cigar_shaped_elliptical,True
64275,cigar_shaped_elliptical,in_between_elliptical,False
237725,cigar_shaped_elliptical,cigar_shaped_elliptical,True
199769,cigar_shaped_elliptical,cigar_shaped_elliptical,True
258024,cigar_shaped_elliptical,cigar_shaped_elliptical,True
251448,cigar_shaped_elliptical,cigar_shaped_elliptical,True
182449,cigar_shaped_elliptical,cigar_shaped_elliptical,True
280832,cigar_shaped_elliptical,irregular,False
148815,cigar_shaped_elliptical,edge_on,False
36073,cigar_shaped_elliptical,cigar_shaped_elliptical,True
153511,cigar_shaped_elliptical,cigar_shaped_elliptical,True
195121,cigar_shaped_elliptical,cigar_shaped_elliptical,True
248093,cigar_shaped_elliptical,irregular,False
17241,cigar_shaped_elliptical,cigar_shaped_elliptical,True
132074,cigar_shaped_elliptical,cigar_shaped_elliptical,True
253463,cigar_shaped_elliptical,cigar_shaped_elliptical,True
108942,cigar_shaped_elliptical,edge_on,False
46365,cigar_shaped_elliptical,cigar_shaped_elliptical,True
235301,cigar_shaped_elliptical,in_between_elliptical,False
236739,cigar_shaped_elliptical,cigar_shaped_elliptical,True
15158,cigar_shaped_elliptical,cigar_shaped_elliptical,True
41559,cigar_shaped_elliptical,cigar_shaped_elliptical,True
133042,cigar_shaped_elliptical,cigar_shaped_elliptical,True
204054,cigar_shaped_elliptical,edge_on,False
143683,cigar_shaped_elliptical,cigar_shaped_elliptical,True
51914,cigar_shaped_elliptical,cigar_shaped_elliptical,True
48662,cigar_shaped_elliptical,cigar_shaped_elliptical,True
268038,cigar_shaped_elliptical,cigar_shaped_elliptical,True
59149,cigar_shaped_elliptical,in_between_elliptical,False
257150,cigar_shaped_elliptical,cigar_shaped_elliptical,True
127263,cigar_shaped_elliptical,cigar_shaped_elliptical,True
283627,cigar_shaped_elliptical,cigar_shaped_elliptical,True
293638,cigar_shaped_elliptical,cigar_shaped_elliptical,True
109325,cigar_shaped_elliptical,cigar_shaped_elliptical,True
241548,cigar_shaped_elliptical,in_between_elliptical,False
150649,cigar_shaped_elliptical,cigar_shaped_elliptical,True
218721,cigar_shaped_elliptical,cigar_shaped_elliptical,True
155283,cigar_shaped_elliptical,cigar_shaped_elliptical,True
268137,cigar_shaped_elliptical,cigar_shaped_elliptical,True
162410,cigar_shaped_elliptical,edge_on,False
252693,cigar_shaped_elliptical,cigar_shaped_elliptical,True
140187,cigar_shaped_elliptical,cigar_shaped_elliptical,True
77877,cigar_shaped_elliptical,edge_on,False
78449,cigar_shaped_elliptical,cigar_shaped_elliptical,True
200895,cigar_shaped_elliptical,cigar_shaped_elliptical,True
2900,cigar_shaped_elliptical,cigar_shaped_elliptical,True
190600,cigar_shaped_elliptical,edge_on,False
190964,cigar_shaped_elliptical,cigar_shaped_elliptical,True
229911,cigar_shaped_elliptical,edge_on,False
263093,cigar_shaped_elliptical,cigar_shaped_elliptical,True
258077,cigar_shaped_elliptical,cigar_shaped_elliptical,True
62423,cigar_shaped_elliptical,cigar_shaped_elliptical,True
228480,cigar_shaped_elliptical,edge_on,False
230004,cigar_shaped_elliptical,edge_on,False
246557,cigar_shaped_elliptical,cigar_shaped_elliptical,True
37648,cigar_shaped_elliptical,cigar_shaped_elliptical,True
174972,cigar_shaped_elliptical,cigar_shaped_elliptical,True
261674,cigar_shaped_elliptical,cigar_shaped_elliptical,True
141617,cigar_shaped_elliptical,irregular,False
259387,cigar_shaped_elliptical,irregular,False
119780,cigar_shaped_elliptical,cigar_shaped_elliptical,True
75369,cigar_shaped_elliptical,cigar_shaped_elliptical,True
193,cigar_shaped_elliptical,cigar_shaped_elliptical,True
67253,cigar_shaped_elliptical,cigar_shaped_elliptical,True
248549,cigar_shaped_elliptical,cigar_shaped_elliptical,True
198448,cigar_shaped_elliptical,cigar_shaped_elliptical,True
32341,cigar_shaped_elliptical,cigar_shaped_elliptical,True
217150,cigar_shaped_elliptical,cigar_shaped_elliptical,True
62891,cigar_shaped_elliptical,edge_on,False
12363,cigar_shaped_elliptical,cigar_shaped_elliptical,True
133265,cigar_shaped_elliptical,cigar_shaped_elliptical,True
251190,cigar_shaped_elliptical,cigar_shaped_elliptical,True
273284,cigar_shaped_elliptical,cigar_shaped_elliptical,True
1208,cigar_shaped_elliptical,cigar_shaped_elliptical,True
162770,cigar_shaped_elliptical,cigar_shaped_elliptical,True
57861,cigar_shaped_elliptical,cigar_shaped_elliptical,True
131215,cigar_shaped_elliptical,cigar_shaped_elliptical,True
251886,cigar_shaped_elliptical,cigar_shaped_elliptical,True
283038,cigar_shaped_elliptical,cigar_shaped_elliptical,True
51219,cigar_shaped_elliptical,cigar_shaped_elliptical,True
34761,cigar_shaped_elliptical,in_between_elliptical,False
255117,cigar_shaped_elliptical,edge_on,False
232488,cigar_shaped_elliptical,cigar_shaped_elliptical,True
257872,cigar_shaped_elliptical,cigar_shaped_elliptical,True
221164,cigar_shaped_elliptical,cigar_shaped_elliptical,True
26615,cigar_shaped_elliptical,cigar_shaped_elliptical,True
98740,cigar_shaped_elliptical,cigar_shaped_elliptical,True
76080,cigar_shaped_elliptical,in_between_elliptical,False
193747,cigar_shaped_elliptical,cigar_shaped_elliptical,True
171086,cigar_shaped_elliptical,cigar_shaped_elliptical,True
185549,cigar_shaped_elliptical,cigar_shaped_elliptical,True
263963,cigar_shaped_elliptical,cigar_shaped_elliptical,True
270498,cigar_shaped_elliptical,cigar_shaped_elliptical,True
32964,cigar_shaped_elliptical,cigar_shaped_elliptical,True
52720,cigar_shaped_elliptical,cigar_shaped_elliptical,True
116901,cigar_shaped_elliptical,cigar_shaped_elliptical,True
106668,cigar_shaped_elliptical,cigar_shaped_elliptical,True
60992,cigar_shaped_elliptical,cigar_shaped_elliptical,True
240031,cigar_shaped_elliptical,cigar_shaped_elliptical,True
79468,cigar_shaped_elliptical,cigar_shaped_elliptical,True
198527,cigar_shaped_elliptical,cigar_shaped_elliptical,True
4167,cigar_shaped_elliptical,cigar_shaped_elliptical,True
211632,cigar_shaped_elliptical,cigar_shaped_elliptical,True
236981,cigar_shaped_elliptical,cigar_shaped_elliptical,True
263644,cigar_shaped_elliptical,cigar_shaped_elliptical,True
234319,cigar_shaped_elliptical,cigar_shaped_elliptical,True
234453,cigar_shaped_elliptical,cigar_shaped_elliptical,True
90271,cigar_shaped_elliptical,cigar_shaped_elliptical,True
563,cigar_shaped_elliptical,cigar_shaped_elliptical,True
263747,cigar_shaped_elliptical,cigar_shaped_elliptical,True
157614,cigar_shaped_elliptical,cigar_shaped_elliptical,True
268720,cigar_shaped_elliptical,edge_on,False
167046,cigar_shaped_elliptical,cigar_shaped_elliptical,True
159227,cigar_shaped_elliptical,cigar_shaped_elliptical,True
66341,cigar_shaped_elliptical,cigar_shaped_elliptical,True
35309,cigar_shaped_elliptical,cigar_shaped_elliptical,True
85979,cigar_shaped_elliptical,cigar_shaped_elliptical,True
120080,cigar_shaped_elliptical,cigar_shaped_elliptical,True
85338,cigar_shaped_elliptical,cigar_shaped_elliptical,True
254359,cigar_shaped_elliptical,cigar_shaped_elliptical,True
37164,cigar_shaped_elliptical,cigar_shaped_elliptical,True
268626,cigar_shaped_elliptical,cigar_shaped_elliptical,True
5363,cigar_shaped_elliptical,cigar_shaped_elliptical,True
276712,cigar_shaped_elliptical,cigar_shaped_elliptical,True
250922,cigar_shaped_elliptical,irregular,False
45348,cigar_shaped_elliptical,cigar_shaped_elliptical,True
161802,cigar_shaped_elliptical,cigar_shaped_elliptical,True
1121,cigar_shaped_elliptical,cigar_shaped_elliptical,True
163142,cigar_shaped_elliptical,cigar_shaped_elliptical,True
18871,cigar_shaped_elliptical,cigar_shaped_elliptical,True
237208,cigar_shaped_elliptical,cigar_shaped_elliptical,True
108749,cigar_shaped_elliptical,unbarred_spirals,False
125891,cigar_shaped_elliptical,cigar_shaped_elliptical,True
98627,cigar_shaped_elliptical,edge_on,False
176212,cigar_shaped_elliptical,cigar_shaped_elliptical,True
218781,cigar_shaped_elliptical,cigar_shaped_elliptical,True
235397,cigar_shaped_elliptical,cigar_shaped_elliptical,True
110947,cigar_shaped_elliptical,cigar_shaped_elliptical,True
38227,cigar_shaped_elliptical,cigar_shaped_elliptical,True
217093,cigar_shaped_elliptical,cigar_shaped_elliptical,True
262351,cigar_shaped_elliptical,cigar_shaped_elliptical,True
22114,cigar_shaped_elliptical,cigar_shaped_elliptical,True
148681,cigar_shaped_elliptical,cigar_shaped_elliptical,True
15228,cigar_shaped_elliptical,cigar_shaped_elliptical,True
254725,cigar_shaped_elliptical,cigar_shaped_elliptical,True
203385,cigar_shaped_elliptical,cigar_shaped_elliptical,True
166675,cigar_shaped_elliptical,cigar_shaped_elliptical,True
263593,cigar_shaped_elliptical,cigar_shaped_elliptical,True
178690,cigar_shaped_elliptical,cigar_shaped_elliptical,True
154216,cigar_shaped_elliptical,cigar_shaped_elliptical,True
56299,cigar_shaped_elliptical,cigar_shaped_elliptical,True
262125,cigar_shaped_elliptical,cigar_shaped_elliptical,True
87594,cigar_shaped_elliptical,cigar_shaped_elliptical,True
9871,cigar_shaped_elliptical,edge_on,False
177037,cigar_shaped_elliptical,cigar_shaped_elliptical,True
85856,cigar_shaped_elliptical,edge_on,False
131584,cigar_shaped_elliptical,cigar_shaped_elliptical,True
16185,cigar_shaped_elliptical,cigar_shaped_elliptical,True
89341,cigar_shaped_elliptical,round_elliptical,False
221391,cigar_shaped_elliptical,cigar_shaped_elliptical,True
122996,cigar_shaped_elliptical,cigar_shaped_elliptical,True
206175,cigar_shaped_elliptical,irregular,False
117537,cigar_shaped_elliptical,cigar_shaped_elliptical,True
10886,cigar_shaped_elliptical,cigar_shaped_elliptical,True
180523,cigar_shaped_elliptical,cigar_shaped_elliptical,True
45168,cigar_shaped_elliptical,cigar_shaped_elliptical,True
77645,cigar_shaped_elliptical,cigar_shaped_elliptical,True
95805,cigar_shaped_elliptical,edge_on,False
277362,cigar_shaped_elliptical,cigar_shaped_elliptical,True
155165,cigar_shaped_elliptical,cigar_shaped_elliptical,True
155295,cigar_shaped_elliptical,cigar_shaped_elliptical,True
136361,cigar_shaped_elliptical,cigar_shaped_elliptical,True
64079,cigar_shaped_elliptical,cigar_shaped_elliptical,True
178590,cigar_shaped_elliptical,cigar_shaped_elliptical,True
174365,cigar_shaped_elliptical,cigar_shaped_elliptical,True
264681,cigar_shaped_elliptical,cigar_shaped_elliptical,True
156584,cigar_shaped_elliptical,cigar_shaped_elliptical,True
228916,cigar_shaped_elliptical,cigar_shaped_elliptical,True
122326,cigar_shaped_elliptical,cigar_shaped_elliptical,True
66778,cigar_shaped_elliptical,cigar_shaped_elliptical,True
80916,cigar_shaped_elliptical,cigar_shaped_elliptical,True
75348,cigar_shaped_elliptical,edge_on,False
288083,cigar_shaped_elliptical,unbarred_spirals,False
222943,cigar_shaped_elliptical,cigar_shaped_elliptical,True
106369,cigar_shaped_elliptical,edge_on,False
215928,cigar_shaped_elliptical,cigar_shaped_elliptical,True
122764,cigar_shaped_elliptical,cigar_shaped_elliptical,True
89407,cigar_shaped_elliptical,cigar_shaped_elliptical,True
59385,cigar_shaped_elliptical,cigar_shaped_elliptical,True
254283,cigar_shaped_elliptical,cigar_shaped_elliptical,True
287266,cigar_shaped_elliptical,cigar_shaped_elliptical,True
156692,cigar_shaped_elliptical,in_between_elliptical,False
236701,cigar_shaped_elliptical,cigar_shaped_elliptical,True
60172,cigar_shaped_elliptical,cigar_shaped_elliptical,True
247144,cigar_shaped_elliptical,edge_on,False
111776,cigar_shaped_elliptical,cigar_shaped_elliptical,True
243385,cigar_shaped_elliptical,edge_on,False
166425,cigar_shaped_elliptical,cigar_shaped_elliptical,True
108330,cigar_shaped_elliptical,edge_on,False
207931,cigar_shaped_elliptical,cigar_shaped_elliptical,True
293292,cigar_shaped_elliptical,cigar_shaped_elliptical,True
69996,cigar_shaped_elliptical,cigar_shaped_elliptical,True
8515,cigar_shaped_elliptical,cigar_shaped_elliptical,True
248738,cigar_shaped_elliptical,cigar_shaped_elliptical,True
258236,cigar_shaped_elliptical,edge_on,False
122626,cigar_shaped_elliptical,cigar_shaped_elliptical,True
190802,cigar_shaped_elliptical,cigar_shaped_elliptical,True
263170,cigar_shaped_elliptical,cigar_shaped_elliptical,True
219965,cigar_shaped_elliptical,cigar_shaped_elliptical,True
265939,cigar_shaped_elliptical,cigar_shaped_elliptical,True
83006,cigar_shaped_elliptical,cigar_shaped_elliptical,True
186853,cigar_shaped_elliptical,cigar_shaped_elliptical,True
196289,cigar_shaped_elliptical,cigar_shaped_elliptical,True
253060,cigar_shaped_elliptical,cigar_shaped_elliptical,True
126613,cigar_shaped_elliptical,cigar_shaped_elliptical,True
94502,cigar_shaped_elliptical,cigar_shaped_elliptical,True
116201,cigar_shaped_elliptical,cigar_shaped_elliptical,True
258510,cigar_shaped_elliptical,irregular,False
33137,cigar_shaped_elliptical,cigar_shaped_elliptical,True
114184,cigar_shaped_elliptical,cigar_shaped_elliptical,True
170957,cigar_shaped_elliptical,cigar_shaped_elliptical,True
137020,cigar_shaped_elliptical,cigar_shaped_elliptical,True
264690,cigar_shaped_elliptical,cigar_shaped_elliptical,True
93560,cigar_shaped_elliptical,cigar_shaped_elliptical,True
221458,cigar_shaped_elliptical,cigar_shaped_elliptical,True
83459,cigar_shaped_elliptical,cigar_shaped_elliptical,True
187,cigar_shaped_elliptical,cigar_shaped_elliptical,True
16451,cigar_shaped_elliptical,cigar_shaped_elliptical,True
247825,cigar_shaped_elliptical,cigar_shaped_elliptical,True
272408,cigar_shaped_elliptical,cigar_shaped_elliptical,True
257558,cigar_shaped_elliptical,cigar_shaped_elliptical,True
59584,cigar_shaped_elliptical,cigar_shaped_elliptical,True
39564,cigar_shaped_elliptical,cigar_shaped_elliptical,True
247570,cigar_shaped_elliptical,cigar_shaped_elliptical,True
31231,cigar_shaped_elliptical,cigar_shaped_elliptical,True
246674,cigar_shaped_elliptical,cigar_shaped_elliptical,True
13848,cigar_shaped_elliptical,cigar_shaped_elliptical,True
176608,cigar_shaped_elliptical,cigar_shaped_elliptical,True
155910,cigar_shaped_elliptical,cigar_shaped_elliptical,True
259705,cigar_shaped_elliptical,cigar_shaped_elliptical,True
169138,cigar_shaped_elliptical,cigar_shaped_elliptical,True
85530,cigar_shaped_elliptical,cigar_shaped_elliptical,True
26702,cigar_shaped_elliptical,cigar_shaped_elliptical,True
19818,cigar_shaped_elliptical,edge_on,False
95298,cigar_shaped_elliptical,cigar_shaped_elliptical,True
209061,cigar_shaped_elliptical,cigar_shaped_elliptical,True
150541,cigar_shaped_elliptical,cigar_shaped_elliptical,True
223228,cigar_shaped_elliptical,cigar_shaped_elliptical,True
69347,cigar_shaped_elliptical,cigar_shaped_elliptical,True
176668,cigar_shaped_elliptical,cigar_shaped_elliptical,True
268616,cigar_shaped_elliptical,cigar_shaped_elliptical,True
226212,cigar_shaped_elliptical,cigar_shaped_elliptical,True
264255,cigar_shaped_elliptical,cigar_shaped_elliptical,True
72371,cigar_shaped_elliptical,cigar_shaped_elliptical,True
65980,cigar_shaped_elliptical,cigar_shaped_elliptical,True
90301,cigar_shaped_elliptical,cigar_shaped_elliptical,True
231083,cigar_shaped_elliptical,in_between_elliptical,False
12197,cigar_shaped_elliptical,cigar_shaped_elliptical,True
75453,cigar_shaped_elliptical,cigar_shaped_elliptical,True
170967,cigar_shaped_elliptical,cigar_shaped_elliptical,True
65452,cigar_shaped_elliptical,cigar_shaped_elliptical,True
189059,cigar_shaped_elliptical,cigar_shaped_elliptical,True
44690,cigar_shaped_elliptical,cigar_shaped_elliptical,True
199695,cigar_shaped_elliptical,cigar_shaped_elliptical,True
192351,cigar_shaped_elliptical,cigar_shaped_elliptical,True
14914,cigar_shaped_elliptical,cigar_shaped_elliptical,True
256930,cigar_shaped_elliptical,cigar_shaped_elliptical,True
232015,cigar_shaped_elliptical,cigar_shaped_elliptical,True
205180,cigar_shaped_elliptical,cigar_shaped_elliptical,True
156322,cigar_shaped_elliptical,cigar_shaped_elliptical,True
122607,cigar_shaped_elliptical,cigar_shaped_elliptical,True
260189,cigar_shaped_elliptical,cigar_shaped_elliptical,True
258702,cigar_shaped_elliptical,cigar_shaped_elliptical,True
247108,cigar_shaped_elliptical,cigar_shaped_elliptical,True
66043,cigar_shaped_elliptical,edge_on,False
152926,cigar_shaped_elliptical,cigar_shaped_elliptical,True
291641,cigar_shaped_elliptical,cigar_shaped_elliptical,True
110347,cigar_shaped_elliptical,cigar_shaped_elliptical,True
67609,cigar_shaped_elliptical,cigar_shaped_elliptical,True
29830,cigar_shaped_elliptical,cigar_shaped_elliptical,True
178796,cigar_shaped_elliptical,cigar_shaped_elliptical,True
235503,cigar_shaped_elliptical,cigar_shaped_elliptical,True
133698,cigar_shaped_elliptical,cigar_shaped_elliptical,True
221967,cigar_shaped_elliptical,edge_on,False
39917,cigar_shaped_elliptical,cigar_shaped_elliptical,True
39192,cigar_shaped_elliptical,edge_on,False
137074,cigar_shaped_elliptical,cigar_shaped_elliptical,True
170242,cigar_shaped_elliptical,cigar_shaped_elliptical,True
253729,cigar_shaped_elliptical,cigar_shaped_elliptical,True
134230,cigar_shaped_elliptical,cigar_shaped_elliptical,True
173596,cigar_shaped_elliptical,edge_on,False
152536,cigar_shaped_elliptical,edge_on,False
157461,cigar_shaped_elliptical,cigar_shaped_elliptical,True
71715,cigar_shaped_elliptical,cigar_shaped_elliptical,True
261082,cigar_shaped_elliptical,cigar_shaped_elliptical,True
213376,cigar_shaped_elliptical,cigar_shaped_elliptical,True
163051,cigar_shaped_elliptical,cigar_shaped_elliptical,True
255084,cigar_shaped_elliptical,cigar_shaped_elliptical,True
135199,cigar_shaped_elliptical,cigar_shaped_elliptical,True
64744,cigar_shaped_elliptical,cigar_shaped_elliptical,True
263880,cigar_shaped_elliptical,cigar_shaped_elliptical,True
174344,cigar_shaped_elliptical,cigar_shaped_elliptical,True
16450,cigar_shaped_elliptical,cigar_shaped_elliptical,True
168252,cigar_shaped_elliptical,cigar_shaped_elliptical,True
252505,cigar_shaped_elliptical,cigar_shaped_elliptical,True
70212,cigar_shaped_elliptical,cigar_shaped_elliptical,True
41346,cigar_shaped_elliptical,edge_on,False
139818,cigar_shaped_elliptical,cigar_shaped_elliptical,True
144676,cigar_shaped_elliptical,edge_on,False
289217,cigar_shaped_elliptical,cigar_shaped_elliptical,True
100407,cigar_shaped_elliptical,cigar_shaped_elliptical,True
250361,cigar_shaped_elliptical,edge_on,False
95038,cigar_shaped_elliptical,cigar_shaped_elliptical,True
235782,cigar_shaped_elliptical,cigar_shaped_elliptical,True
137345,cigar_shaped_elliptical,edge_on,False
142622,cigar_shaped_elliptical,cigar_shaped_elliptical,True
269944,cigar_shaped_elliptical,cigar_shaped_elliptical,True
19149,cigar_shaped_elliptical,cigar_shaped_elliptical,True
270709,cigar_shaped_elliptical,cigar_shaped_elliptical,True
118666,cigar_shaped_elliptical,cigar_shaped_elliptical,True
243380,cigar_shaped_elliptical,cigar_shaped_elliptical,True
85239,cigar_shaped_elliptical,cigar_shaped_elliptical,True
268495,cigar_shaped_elliptical,cigar_shaped_elliptical,True
68289,cigar_shaped_elliptical,cigar_shaped_elliptical,True
204797,cigar_shaped_elliptical,cigar_shaped_elliptical,True
155680,cigar_shaped_elliptical,cigar_shaped_elliptical,True
100034,cigar_shaped_elliptical,cigar_shaped_elliptical,True
264243,cigar_shaped_elliptical,cigar_shaped_elliptical,True
51873,cigar_shaped_elliptical,cigar_shaped_elliptical,True
260513,cigar_shaped_elliptical,cigar_shaped_elliptical,True
126429,cigar_shaped_elliptical,cigar_shaped_elliptical,True
136675,cigar_shaped_elliptical,cigar_shaped_elliptical,True
255044,cigar_shaped_elliptical,cigar_shaped_elliptical,True
192291,cigar_shaped_elliptical,cigar_shaped_elliptical,True
125560,cigar_shaped_elliptical,cigar_shaped_elliptical,True
76580,cigar_shaped_elliptical,cigar_shaped_elliptical,True
124146,cigar_shaped_elliptical,cigar_shaped_elliptical,True
50197,cigar_shaped_elliptical,cigar_shaped_elliptical,True
90093,cigar_shaped_elliptical,cigar_shaped_elliptical,True
164387,cigar_shaped_elliptical,cigar_shaped_elliptical,True
74402,cigar_shaped_elliptical,cigar_shaped_elliptical,True
221117,cigar_shaped_elliptical,irregular,False
188462,cigar_shaped_elliptical,cigar_shaped_elliptical,True
273087,cigar_shaped_elliptical,cigar_shaped_elliptical,True
267772,cigar_shaped_elliptical,cigar_shaped_elliptical,True
44518,cigar_shaped_elliptical,cigar_shaped_elliptical,True
219676,cigar_shaped_elliptical,irregular,False
220744,cigar_shaped_elliptical,cigar_shaped_elliptical,True
271710,cigar_shaped_elliptical,cigar_shaped_elliptical,True
256217,cigar_shaped_elliptical,cigar_shaped_elliptical,True
193172,cigar_shaped_elliptical,cigar_shaped_elliptical,True
143415,cigar_shaped_elliptical,cigar_shaped_elliptical,True
253385,cigar_shaped_elliptical,irregular,False
129275,cigar_shaped_elliptical,cigar_shaped_elliptical,True
139147,cigar_shaped_elliptical,cigar_shaped_elliptical,True
187511,cigar_shaped_elliptical,cigar_shaped_elliptical,True
134411,cigar_shaped_elliptical,cigar_shaped_elliptical,True
141153,cigar_shaped_elliptical,cigar_shaped_elliptical,True
4332,cigar_shaped_elliptical,edge_on,False
217882,cigar_shaped_elliptical,cigar_shaped_elliptical,True
273104,cigar_shaped_elliptical,cigar_shaped_elliptical,True
260858,cigar_shaped_elliptical,cigar_shaped_elliptical,True
259373,cigar_shaped_elliptical,cigar_shaped_elliptical,True
198415,cigar_shaped_elliptical,cigar_shaped_elliptical,True
225813,cigar_shaped_elliptical,cigar_shaped_elliptical,True
207121,cigar_shaped_elliptical,cigar_shaped_elliptical,True
112258,cigar_shaped_elliptical,cigar_shaped_elliptical,True
259017,cigar_shaped_elliptical,edge_on,False
187632,cigar_shaped_elliptical,cigar_shaped_elliptical,True
145047,cigar_shaped_elliptical,cigar_shaped_elliptical,True
48105,cigar_shaped_elliptical,cigar_shaped_elliptical,True
40402,cigar_shaped_elliptical,cigar_shaped_elliptical,True
14549,cigar_shaped_elliptical,cigar_shaped_elliptical,True
198799,cigar_shaped_elliptical,cigar_shaped_elliptical,True
271439,cigar_shaped_elliptical,cigar_shaped_elliptical,True
273517,cigar_shaped_elliptical,cigar_shaped_elliptical,True
126991,cigar_shaped_elliptical,cigar_shaped_elliptical,True
273285,cigar_shaped_elliptical,edge_on,False
17277,cigar_shaped_elliptical,cigar_shaped_elliptical,True
204612,cigar_shaped_elliptical,cigar_shaped_elliptical,True
131800,cigar_shaped_elliptical,cigar_shaped_elliptical,True
143621,cigar_shaped_elliptical,cigar_shaped_elliptical,True
152569,cigar_shaped_elliptical,cigar_shaped_elliptical,True
50858,cigar_shaped_elliptical,cigar_shaped_elliptical,True
154552,cigar_shaped_elliptical,cigar_shaped_elliptical,True
256143,cigar_shaped_elliptical,edge_on,False
166548,cigar_shaped_elliptical,cigar_shaped_elliptical,True
77256,cigar_shaped_elliptical,cigar_shaped_elliptical,True
257671,cigar_shaped_elliptical,edge_on,False
226357,cigar_shaped_elliptical,cigar_shaped_elliptical,True
9343,cigar_shaped_elliptical,cigar_shaped_elliptical,True
68907,cigar_shaped_elliptical,cigar_shaped_elliptical,True
84446,cigar_shaped_elliptical,cigar_shaped_elliptical,True
220402,cigar_shaped_elliptical,cigar_shaped_elliptical,True
198686,cigar_shaped_elliptical,cigar_shaped_elliptical,True
250399,cigar_shaped_elliptical,cigar_shaped_elliptical,True
9227,cigar_shaped_elliptical,cigar_shaped_elliptical,True
271670,cigar_shaped_elliptical,cigar_shaped_elliptical,True
204710,cigar_shaped_elliptical,cigar_shaped_elliptical,True
69014,cigar_shaped_elliptical,cigar_shaped_elliptical,True
49234,cigar_shaped_elliptical,cigar_shaped_elliptical,True
88811,cigar_shaped_elliptical,cigar_shaped_elliptical,True
125849,cigar_shaped_elliptical,cigar_shaped_elliptical,True
268633,cigar_shaped_elliptical,cigar_shaped_elliptical,True
175630,cigar_shaped_elliptical,cigar_shaped_elliptical,True
38781,cigar_shaped_elliptical,cigar_shaped_elliptical,True
229751,cigar_shaped_elliptical,cigar_shaped_elliptical,True
261386,cigar_shaped_elliptical,cigar_shaped_elliptical,True
233659,cigar_shaped_elliptical,cigar_shaped_elliptical,True
166900,cigar_shaped_elliptical,cigar_shaped_elliptical,True
158590,cigar_shaped_elliptical,cigar_shaped_elliptical,True
155285,cigar_shaped_elliptical,cigar_shaped_elliptical,True
272559,cigar_shaped_elliptical,cigar_shaped_elliptical,True
44321,cigar_shaped_elliptical,cigar_shaped_elliptical,True
229472,cigar_shaped_elliptical,edge_on,False
140379,cigar_shaped_elliptical,cigar_shaped_elliptical,True
132211,cigar_shaped_elliptical,cigar_shaped_elliptical,True
59931,cigar_shaped_elliptical,cigar_shaped_elliptical,True
165921,cigar_shaped_elliptical,in_between_elliptical,False
251143,cigar_shaped_elliptical,in_between_elliptical,False
129154,cigar_shaped_elliptical,cigar_shaped_elliptical,True
210655,cigar_shaped_elliptical,cigar_shaped_elliptical,True
38258,cigar_shaped_elliptical,cigar_shaped_elliptical,True
111524,cigar_shaped_elliptical,cigar_shaped_elliptical,True
138800,cigar_shaped_elliptical,cigar_shaped_elliptical,True
227240,cigar_shaped_elliptical,cigar_shaped_elliptical,True
278317,cigar_shaped_elliptical,in_between_elliptical,False
198491,cigar_shaped_elliptical,edge_on,False
16331,cigar_shaped_elliptical,cigar_shaped_elliptical,True
11284,cigar_shaped_elliptical,cigar_shaped_elliptical,True
19897,cigar_shaped_elliptical,cigar_shaped_elliptical,True
260868,cigar_shaped_elliptical,cigar_shaped_elliptical,True
4839,cigar_shaped_elliptical,cigar_shaped_elliptical,True
7270,cigar_shaped_elliptical,cigar_shaped_elliptical,True
107828,cigar_shaped_elliptical,cigar_shaped_elliptical,True
113798,cigar_shaped_elliptical,cigar_shaped_elliptical,True
153011,cigar_shaped_elliptical,cigar_shaped_elliptical,True
186293,cigar_shaped_elliptical,cigar_shaped_elliptical,True
149829,cigar_shaped_elliptical,cigar_shaped_elliptical,True
108608,cigar_shaped_elliptical,cigar_shaped_elliptical,True
247143,cigar_shaped_elliptical,cigar_shaped_elliptical,True
258475,cigar_shaped_elliptical,cigar_shaped_elliptical,True
191883,cigar_shaped_elliptical,edge_on,False
156188,cigar_shaped_elliptical,cigar_shaped_elliptical,True
76798,cigar_shaped_elliptical,cigar_shaped_elliptical,True
263245,cigar_shaped_elliptical,cigar_shaped_elliptical,True
56208,cigar_shaped_elliptical,unbarred_spirals,False
17299,cigar_shaped_elliptical,cigar_shaped_elliptical,True
196922,cigar_shaped_elliptical,cigar_shaped_elliptical,True
266031,cigar_shaped_elliptical,cigar_shaped_elliptical,True
117512,cigar_shaped_elliptical,cigar_shaped_elliptical,True
54013,cigar_shaped_elliptical,cigar_shaped_elliptical,True
213088,cigar_shaped_elliptical,cigar_shaped_elliptical,True
3173,cigar_shaped_elliptical,cigar_shaped_elliptical,True
38421,cigar_shaped_elliptical,cigar_shaped_elliptical,True
188385,cigar_shaped_elliptical,in_between_elliptical,False
293951,cigar_shaped_elliptical,cigar_shaped_elliptical,True
282478,cigar_shaped_elliptical,cigar_shaped_elliptical,True
271782,cigar_shaped_elliptical,edge_on,False
130422,cigar_shaped_elliptical,edge_on,False
221753,cigar_shaped_elliptical,cigar_shaped_elliptical,True
272628,cigar_shaped_elliptical,cigar_shaped_elliptical,True
248020,cigar_shaped_elliptical,cigar_shaped_elliptical,True
247238,cigar_shaped_elliptical,cigar_shaped_elliptical,True
38204,cigar_shaped_elliptical,cigar_shaped_elliptical,True
200930,cigar_shaped_elliptical,cigar_shaped_elliptical,True
76517,cigar_shaped_elliptical,edge_on,False
131359,edge_on,edge_on,True
247152,edge_on,edge_on,True
73444,edge_on,edge_on,True
18888,edge_on,edge_on,True
10417,edge_on,edge_on,True
270379,edge_on,edge_on,True
204776,edge_on,cigar_shaped_elliptical,False
114065,edge_on,edge_on,True
89312,edge_on,edge_on,True
195489,edge_on,edge_on,True
156508,edge_on,edge_on,True
237862,edge_on,edge_on,True
223506,edge_on,edge_on,True
128047,edge_on,edge_on,True
33743,edge_on,cigar_shaped_elliptical,False
272549,edge_on,edge_on,True
48641,edge_on,edge_on,True
232702,edge_on,merger,False
84379,edge_on,edge_on,True
44938,edge_on,cigar_shaped_elliptical,False
266927,edge_on,cigar_shaped_elliptical,False
185564,edge_on,cigar_shaped_elliptical,False
111664,edge_on,edge_on,True
119698,edge_on,edge_on,True
159542,edge_on,edge_on,True
74612,edge_on,cigar_shaped_elliptical,False
181999,edge_on,edge_on,True
194271,edge_on,edge_on,True
213718,edge_on,edge_on,True
246737,edge_on,edge_on,True
261693,edge_on,edge_on,True
880,edge_on,cigar_shaped_elliptical,False
181010,edge_on,edge_on,True
1966,edge_on,edge_on,True
122243,edge_on,edge_on,True
65361,edge_on,edge_on,True
125181,edge_on,edge_on,True
256862,edge_on,edge_on,True
39846,edge_on,edge_on,True
18851,edge_on,edge_on,True
52517,edge_on,edge_on,True
162591,edge_on,edge_on,True
100460,edge_on,edge_on,True
252026,edge_on,cigar_shaped_elliptical,False
273345,edge_on,edge_on,True
273207,edge_on,edge_on,True
173444,edge_on,edge_on,True
188869,edge_on,edge_on,True
272649,edge_on,edge_on,True
200025,edge_on,edge_on,True
163547,edge_on,edge_on,True
217724,edge_on,edge_on,True
152497,edge_on,edge_on,True
222575,edge_on,edge_on,True
32923,edge_on,edge_on,True
130228,edge_on,edge_on,True
173819,edge_on,edge_on,True
250062,edge_on,edge_on,True
188560,edge_on,edge_on,True
192607,edge_on,edge_on,True
153144,edge_on,edge_on,True
198051,edge_on,in_between_elliptical,False
94792,edge_on,edge_on,True
150248,edge_on,edge_on,True
38867,edge_on,edge_on,True
200394,edge_on,cigar_shaped_elliptical,False
108150,edge_on,edge_on,True
221530,edge_on,edge_on,True
239224,edge_on,cigar_shaped_elliptical,False
190637,edge_on,edge_on,True
32993,edge_on,edge_on,True
210452,edge_on,edge_on,True
91864,edge_on,edge_on,True
290123,edge_on,edge_on,True
30731,edge_on,edge_on,True
254544,edge_on,edge_on,True
57669,edge_on,edge_on,True
290309,edge_on,edge_on,True
143258,edge_on,edge_on,True
228682,edge_on,edge_on,True
175419,edge_on,cigar_shaped_elliptical,False
72781,edge_on,edge_on,True
223086,edge_on,edge_on,True
77875,edge_on,edge_on,True
288776,edge_on,edge_on,True
129366,edge_on,edge_on,True
90713,edge_on,edge_on,True
259626,edge_on,barred_spirals,False
188497,edge_on,edge_on,True
19241,edge_on,edge_on,True
259080,edge_on,edge_on,True
13830,edge_on,edge_on,True
269997,edge_on,cigar_shaped_elliptical,False
263028,edge_on,edge_on,True
17193,edge_on,edge_on,True
185419,edge_on,edge_on,True
116550,edge_on,edge_on,True
255766,edge_on,edge_on,True
107696,edge_on,edge_on,True
225850,edge_on,edge_on,True
77973,edge_on,edge_on,True
179171,edge_on,edge_on,True
176870,edge_on,edge_on,True
153642,edge_on,edge_on,True
52530,edge_on,merger,False
87637,edge_on,edge_on,True
151259,edge_on,edge_on,True
170402,edge_on,edge_on,True
67935,edge_on,edge_on,True
227108,edge_on,edge_on,True
64749,edge_on,edge_on,True
32038,edge_on,edge_on,True
292893,edge_on,barred_spirals,False
264392,edge_on,edge_on,True
89324,edge_on,edge_on,True
156399,edge_on,edge_on,True
73670,edge_on,edge_on,True
264560,edge_on,edge_on,True
132610,edge_on,edge_on,True
225117,edge_on,edge_on,True
145456,edge_on,edge_on,True
52689,edge_on,edge_on,True
199601,edge_on,edge_on,True
63391,edge_on,edge_on,True
166921,edge_on,cigar_shaped_elliptical,False
141320,edge_on,edge_on,True
94611,edge_on,edge_on,True
8998,edge_on,edge_on,True
47175,edge_on,edge_on,True
103923,edge_on,edge_on,True
22850,edge_on,edge_on,True
219472,edge_on,edge_on,True
78684,edge_on,edge_on,True
84985,edge_on,edge_on,True
220310,edge_on,cigar_shaped_elliptical,False
222674,edge_on,edge_on,True
216961,edge_on,cigar_shaped_elliptical,False
194707,edge_on,edge_on,True
254377,edge_on,edge_on,True
177887,edge_on,edge_on,True
94536,edge_on,edge_on,True
289894,edge_on,edge_on,True
135700,edge_on,irregular,False
177021,edge_on,edge_on,True
103260,edge_on,edge_on,True
54596,edge_on,edge_on,True
167720,edge_on,edge_on,True
82843,edge_on,edge_on,True
77498,edge_on,edge_on,True
65086,edge_on,cigar_shaped_elliptical,False
120588,edge_on,edge_on,True
133245,edge_on,edge_on,True
135682,edge_on,cigar_shaped_elliptical,False
162423,edge_on,edge_on,True
222767,edge_on,edge_on,True
115678,edge_on,edge_on,True
155837,edge_on,edge_on,True
83383,edge_on,cigar_shaped_elliptical,False
203303,edge_on,edge_on,True
266514,edge_on,edge_on,True
8306,edge_on,edge_on,True
172551,edge_on,edge_on,True
160562,edge_on,edge_on,True
259947,edge_on,edge_on,True
110665,edge_on,edge_on,True
206331,edge_on,edge_on,True
156420,edge_on,edge_on,True
68431,edge_on,edge_on,True
21367,edge_on,edge_on,True
140341,edge_on,edge_on,True
270411,edge_on,edge_on,True
142863,edge_on,edge_on,True
52250,edge_on,edge_on,True
73234,edge_on,edge_on,True
66634,edge_on,cigar_shaped_elliptical,False
158294,edge_on,edge_on,True
88606,edge_on,edge_on,True
60513,edge_on,edge_on,True
53239,edge_on,edge_on,True
171847,edge_on,edge_on,True
294663,edge_on,edge_on,True
125226,edge_on,edge_on,True
183967,edge_on,edge_on,True
96309,edge_on,edge_on,True
267947,edge_on,cigar_shaped_elliptical,False
164963,edge_on,edge_on,True
265305,edge_on,edge_on,True
4069,edge_on,irregular,False
244609,edge_on,edge_on,True
145127,edge_on,edge_on,True
95930,edge_on,cigar_shaped_elliptical,False
36285,edge_on,edge_on,True
263421,edge_on,edge_on,True
282157,edge_on,edge_on,True
215492,edge_on,cigar_shaped_elliptical,False
102380,edge_on,edge_on,True
4824,edge_on,edge_on,True
218875,edge_on,edge_on,True
212552,edge_on,edge_on,True
201399,edge_on,cigar_shaped_elliptical,False
28349,edge_on,cigar_shaped_elliptical,False
51926,edge_on,edge_on,True
259843,edge_on,edge_on,True
265472,edge_on,edge_on,True
205245,edge_on,edge_on,True
160933,edge_on,edge_on,True
106598,edge_on,cigar_shaped_elliptical,False
230607,edge_on,edge_on,True
198554,edge_on,edge_on,True
271963,edge_on,cigar_shaped_elliptical,False
251044,edge_on,edge_on,True
132800,edge_on,edge_on,True
127420,edge_on,cigar_shaped_elliptical,False
224791,edge_on,cigar_shaped_elliptical,False
272313,edge_on,edge_on,True
86091,edge_on,edge_on,True
148692,edge_on,edge_on,True
253195,edge_on,cigar_shaped_elliptical,False
148696,edge_on,edge_on,True
151952,edge_on,edge_on,True
17760,edge_on,edge_on,True
263413,edge_on,edge_on,True
162833,edge_on,edge_on,True
52680,edge_on,edge_on,True
88532,edge_on,edge_on,True
239135,edge_on,irregular,False
217395,edge_on,edge_on,True
225635,edge_on,edge_on,True
196689,edge_on,edge_on,True
183474,edge_on,edge_on,True
160956,edge_on,edge_on,True
135936,edge_on,cigar_shaped_elliptical,False
258518,edge_on,edge_on,True
48352,edge_on,edge_on,True
123376,edge_on,edge_on,True
144750,edge_on,edge_on,True
9096,edge_on,cigar_shaped_elliptical,False
111754,edge_on,edge_on,True
102968,edge_on,edge_on,True
95087,edge_on,edge_on,True
222368,edge_on,edge_on,True
150034,edge_on,cigar_shaped_elliptical,False
215597,edge_on,edge_on,True
246433,edge_on,edge_on,True
129050,edge_on,edge_on,True
246550,edge_on,edge_on,True
102679,edge_on,edge_on,True
164065,edge_on,edge_on,True
107919,edge_on,edge_on,True
158879,edge_on,edge_on,True
124355,edge_on,edge_on,True
149464,edge_on,cigar_shaped_elliptical,False
100020,edge_on,edge_on,True
182141,edge_on,edge_on,True
138747,edge_on,edge_on,True
246934,edge_on,edge_on,True
128807,edge_on,edge_on,True
214706,edge_on,cigar_shaped_elliptical,False
62212,edge_on,edge_on,True
1087,edge_on,edge_on,True
82938,edge_on,edge_on,True
124353,edge_on,edge_on,True
64761,edge_on,edge_on,True
10913,edge_on,cigar_shaped_elliptical,False
91943,edge_on,edge_on,True
66760,edge_on,cigar_shaped_elliptical,False
37148,edge_on,edge_on,True
120044,edge_on,edge_on,True
26980,edge_on,cigar_shaped_elliptical,False
95684,edge_on,edge_on,True
79415,edge_on,edge_on,True
197602,edge_on,edge_on,True
148758,edge_on,edge_on,True
270968,edge_on,edge_on,True
280766,edge_on,edge_on,True
79116,edge_on,edge_on,True
294252,edge_on,irregular,False
267004,edge_on,edge_on,True
266205,edge_on,edge_on,True
251779,edge_on,edge_on,True
150798,edge_on,edge_on,True
176260,edge_on,cigar_shaped_elliptical,False
208977,edge_on,cigar_shaped_elliptical,False
66026,edge_on,edge_on,True
200276,edge_on,edge_on,True
45126,edge_on,merger,False
197886,edge_on,edge_on,True
159594,edge_on,edge_on,True
111627,edge_on,edge_on,True
185379,edge_on,edge_on,True
111685,edge_on,edge_on,True
93962,edge_on,edge_on,True
57748,edge_on,edge_on,True
268802,edge_on,edge_on,True
68752,edge_on,edge_on,True
170060,edge_on,edge_on,True
96449,edge_on,edge_on,True
67406,edge_on,cigar_shaped_elliptical,False
167909,edge_on,edge_on,True
256871,edge_on,edge_on,True
236808,edge_on,cigar_shaped_elliptical,False
151921,edge_on,edge_on,True
189309,edge_on,edge_on,True
24152,edge_on,edge_on,True
184821,edge_on,edge_on,True
291250,edge_on,edge_on,True
198081,edge_on,cigar_shaped_elliptical,False
135130,edge_on,edge_on,True
174263,edge_on,edge_on,True
109460,edge_on,edge_on,True
17271,edge_on,edge_on,True
114526,edge_on,cigar_shaped_elliptical,False
248248,edge_on,edge_on,True
201779,edge_on,edge_on,True
289406,edge_on,edge_on,True
258408,edge_on,edge_on,True
6496,edge_on,edge_on,True
232635,edge_on,edge_on,True
19451,edge_on,cigar_shaped_elliptical,False
206988,edge_on,edge_on,True
90127,edge_on,edge_on,True
264579,edge_on,edge_on,True
31419,edge_on,edge_on,True
112475,edge_on,edge_on,True
176785,edge_on,edge_on,True
293448,edge_on,in_between_elliptical,False
229373,edge_on,edge_on,True
178168,edge_on,edge_on,True
293431,edge_on,edge_on,True
125123,edge_on,cigar_shaped_elliptical,False
54241,edge_on,edge_on,True
233538,edge_on,cigar_shaped_elliptical,False
251498,edge_on,edge_on,True
263356,edge_on,edge_on,True
240036,edge_on,edge_on,True
38039,edge_on,edge_on,True
156328,edge_on,edge_on,True
124991,edge_on,edge_on,True
292796,edge_on,edge_on,True
232813,edge_on,cigar_shaped_elliptical,False
248410,edge_on,cigar_shaped_elliptical,False
7721,edge_on,edge_on,True
119810,edge_on,edge_on,True
264170,edge_on,edge_on,True
287379,edge_on,cigar_shaped_elliptical,False
45353,edge_on,irregular,False
252019,edge_on,cigar_shaped_elliptical,False
246938,edge_on,cigar_shaped_elliptical,False
251472,edge_on,edge_on,True
292318,edge_on,irregular,False
253073,edge_on,irregular,False
86967,edge_on,edge_on,True
15399,edge_on,cigar_shaped_elliptical,False
13064,edge_on,edge_on,True
61046,edge_on,edge_on,True
125174,edge_on,edge_on,True
95804,edge_on,edge_on,True
172080,edge_on,edge_on,True
211321,edge_on,edge_on,True
90348,edge_on,edge_on,True
90421,edge_on,edge_on,True
39527,edge_on,edge_on,True
130534,edge_on,cigar_shaped_elliptical,False
52123,edge_on,edge_on,True
214065,edge_on,edge_on,True
158731,edge_on,edge_on,True
107348,edge_on,edge_on,True
167714,edge_on,edge_on,True
279108,edge_on,edge_on,True
165058,edge_on,edge_on,True
196362,edge_on,edge_on,True
165360,edge_on,edge_on,True
219649,edge_on,edge_on,True
21658,edge_on,edge_on,True
268197,edge_on,edge_on,True
223505,edge_on,edge_on,True
88956,edge_on,edge_on,True
12377,edge_on,edge_on,True
268176,edge_on,edge_on,True
238286,edge_on,edge_on,True
258589,edge_on,cigar_shaped_elliptical,False
131388,edge_on,cigar_shaped_elliptical,False
199913,edge_on,cigar_shaped_elliptical,False
12189,edge_on,cigar_shaped_elliptical,False
26338,edge_on,cigar_shaped_elliptical,False
219881,edge_on,edge_on,True
113619,edge_on,cigar_shaped_elliptical,False
222917,edge_on,edge_on,True
171678,edge_on,edge_on,True
61164,edge_on,edge_on,True
165015,edge_on,edge_on,True
145035,edge_on,edge_on,True
184384,edge_on,cigar_shaped_elliptical,False
16510,edge_on,edge_on,True
166513,edge_on,edge_on,True
219356,edge_on,cigar_shaped_elliptical,False
290046,edge_on,edge_on,True
249992,edge_on,edge_on,True
263943,edge_on,edge_on,True
40493,edge_on,edge_on,True
209151,edge_on,edge_on,True
187474,edge_on,edge_on,True
188438,edge_on,edge_on,True
53280,edge_on,cigar_shaped_elliptical,False
184720,edge_on,edge_on,True
269390,edge_on,edge_on,True
40897,edge_on,edge_on,True
157494,edge_on,edge_on,True
124571,edge_on,edge_on,True
53408,edge_on,edge_on,True
248200,edge_on,edge_on,True
43622,edge_on,edge_on,True
291110,edge_on,edge_on,True
177963,edge_on,edge_on,True
164146,edge_on,edge_on,True
135680,edge_on,edge_on,True
229334,edge_on,edge_on,True
45079,edge_on,edge_on,True
151662,edge_on,edge_on,True
84846,edge_on,edge_on,True
260798,edge_on,edge_on,True
217483,edge_on,edge_on,True
223682,edge_on,edge_on,True
4083,edge_on,edge_on,True
108405,edge_on,edge_on,True
235585,edge_on,edge_on,True
245915,edge_on,edge_on,True
256240,edge_on,edge_on,True
257169,edge_on,cigar_shaped_elliptical,False
285438,edge_on,irregular,False
62963,edge_on,edge_on,True
92701,edge_on,edge_on,True
272726,edge_on,edge_on,True
269423,edge_on,edge_on,True
204050,edge_on,edge_on,True
200949,edge_on,edge_on,True
272724,edge_on,edge_on,True
108662,edge_on,edge_on,True
167676,edge_on,edge_on,True
160177,edge_on,edge_on,True
53367,edge_on,edge_on,True
72826,edge_on,edge_on,True
78120,edge_on,edge_on,True
253307,edge_on,edge_on,True
130159,edge_on,edge_on,True
116185,edge_on,edge_on,True
200707,edge_on,edge_on,True
26914,edge_on,cigar_shaped_elliptical,False
58946,edge_on,edge_on,True
15374,edge_on,edge_on,True
153394,edge_on,cigar_shaped_elliptical,False
110662,edge_on,edge_on,True
97190,edge_on,edge_on,True
184651,edge_on,edge_on,True
54356,edge_on,cigar_shaped_elliptical,False
177881,edge_on,cigar_shaped_elliptical,False
106511,edge_on,edge_on,True
76299,edge_on,edge_on,True
41822,edge_on,edge_on,True
119401,edge_on,edge_on,True
252602,edge_on,cigar_shaped_elliptical,False
265595,edge_on,edge_on,True
245058,edge_on,edge_on,True
41802,edge_on,edge_on,True
56768,edge_on,edge_on,True
218580,edge_on,edge_on,True
19267,edge_on,edge_on,True
256462,edge_on,edge_on,True
240567,edge_on,edge_on,True
159715,edge_on,edge_on,True
66981,edge_on,edge_on,True
209476,edge_on,cigar_shaped_elliptical,False
3251,edge_on,edge_on,True
269679,edge_on,edge_on,True
34517,edge_on,cigar_shaped_elliptical,False
129433,edge_on,merger,False
11952,edge_on,edge_on,True
153504,edge_on,edge_on,True
40753,edge_on,edge_on,True
65160,edge_on,edge_on,True
242914,edge_on,edge_on,True
246505,edge_on,edge_on,True
26524,edge_on,edge_on,True
155313,edge_on,edge_on,True
219606,edge_on,edge_on,True
12419,edge_on,edge_on,True
210002,edge_on,cigar_shaped_elliptical,False
265181,edge_on,edge_on,True
114933,edge_on,edge_on,True
246605,edge_on,edge_on,True
133557,edge_on,edge_on,True
56272,edge_on,edge_on,True
28063,edge_on,edge_on,True
32802,edge_on,edge_on,True
270427,edge_on,edge_on,True
249844,edge_on,cigar_shaped_elliptical,False
195492,edge_on,edge_on,True
186850,edge_on,cigar_shaped_elliptical,False
32638,edge_on,edge_on,True
77367,edge_on,edge_on,True
36234,edge_on,edge_on,True
282005,edge_on,cigar_shaped_elliptical,False
143973,edge_on,irregular,False
67617,edge_on,edge_on,True
115134,edge_on,edge_on,True
244924,edge_on,cigar_shaped_elliptical,False
270190,edge_on,edge_on,True
262895,edge_on,edge_on,True
240376,edge_on,edge_on,True
222885,edge_on,edge_on,True
278491,edge_on,edge_on,True
31983,edge_on,edge_on,True
162707,edge_on,edge_on,True
10564,edge_on,edge_on,True
64028,edge_on,cigar_shaped_elliptical,False
140410,edge_on,edge_on,True
120395,edge_on,cigar_shaped_elliptical,False
41806,edge_on,edge_on,True
237860,edge_on,edge_on,True
34651,edge_on,edge_on,True
18621,edge_on,edge_on,True
121695,edge_on,edge_on,True
141559,edge_on,edge_on,True
74617,edge_on,edge_on,True
92485,edge_on,edge_on,True
201551,edge_on,edge_on,True
233446,edge_on,edge_on,True
158610,edge_on,edge_on,True
262756,edge_on,edge_on,True
87939,edge_on,edge_on,True
128713,edge_on,edge_on,True
249756,edge_on,edge_on,True
256412,edge_on,edge_on,True
86512,edge_on,cigar_shaped_elliptical,False
144233,edge_on,irregular,False
76162,edge_on,edge_on,True
221098,edge_on,edge_on,True
7377,edge_on,edge_on,True
39333,edge_on,edge_on,True
60662,edge_on,edge_on,True
19152,edge_on,edge_on,True
170382,edge_on,edge_on,True
10488,edge_on,edge_on,True
282585,edge_on,edge_on,True
155914,edge_on,edge_on,True
150150,edge_on,edge_on,True
256937,edge_on,edge_on,True
49977,edge_on,edge_on,True
87711,edge_on,edge_on,True
21899,edge_on,edge_on,True
18666,edge_on,edge_on,True
190922,edge_on,edge_on,True
111191,edge_on,edge_on,True
239383,edge_on,edge_on,True
21208,edge_on,edge_on,True
290712,edge_on,edge_on,True
241810,edge_on,cigar_shaped_elliptical,False
234356,edge_on,edge_on,True
131873,edge_on,edge_on,True
205315,edge_on,edge_on,True
23457,edge_on,edge_on,True
252818,edge_on,edge_on,True
22828,edge_on,edge_on,True
170864,edge_on,cigar_shaped_elliptical,False
30124,edge_on,edge_on,True
39238,edge_on,edge_on,True
270477,edge_on,edge_on,True
95482,edge_on,edge_on,True
81925,edge_on,edge_on,True
120847,edge_on,cigar_shaped_elliptical,False
293821,edge_on,edge_on,True
196696,edge_on,edge_on,True
184725,edge_on,cigar_shaped_elliptical,False
156222,edge_on,edge_on,True
267280,edge_on,edge_on,True
239387,edge_on,edge_on,True
89998,edge_on,edge_on,True
87007,edge_on,edge_on,True
55599,edge_on,cigar_shaped_elliptical,False
896,edge_on,edge_on,True
211010,edge_on,edge_on,True
140035,edge_on,edge_on,True
131913,edge_on,irregular,False
105658,edge_on,edge_on,True
161662,edge_on,edge_on,True
287463,edge_on,edge_on,True
52670,edge_on,edge_on,True
11903,edge_on,edge_on,True
171068,edge_on,edge_on,True
15451,edge_on,edge_on,True
167823,edge_on,edge_on,True
98701,edge_on,edge_on,True
40497,edge_on,edge_on,True
192635,edge_on,edge_on,True
269751,edge_on,edge_on,True
194451,edge_on,edge_on,True
107896,edge_on,cigar_shaped_elliptical,False
168930,edge_on,edge_on,True
158309,edge_on,edge_on,True
288391,edge_on,edge_on,True
19554,edge_on,edge_on,True
263709,edge_on,edge_on,True
162504,edge_on,edge_on,True
50662,edge_on,edge_on,True
98178,edge_on,cigar_shaped_elliptical,False
76788,edge_on,cigar_shaped_elliptical,False
160606,edge_on,edge_on,True
53072,edge_on,edge_on,True
50417,edge_on,edge_on,True
218150,edge_on,edge_on,True
37862,edge_on,edge_on,True
237293,edge_on,edge_on,True
226331,edge_on,edge_on,True
291500,edge_on,edge_on,True
163799,edge_on,edge_on,True
160111,edge_on,edge_on,True
121653,edge_on,edge_on,True
34345,edge_on,edge_on,True
284714,edge_on,edge_on,True
91748,edge_on,cigar_shaped_elliptical,False
73066,edge_on,edge_on,True
112101,edge_on,edge_on,True
133161,edge_on,cigar_shaped_elliptical,False
208681,edge_on,cigar_shaped_elliptical,False
40584,edge_on,edge_on,True
7709,edge_on,edge_on,True
260260,edge_on,edge_on,True
266146,edge_on,edge_on,True
277741,edge_on,edge_on,True
187969,edge_on,edge_on,True
120464,edge_on,edge_on,True
278130,edge_on,edge_on,True
251612,edge_on,cigar_shaped_elliptical,False
224895,edge_on,edge_on,True
46013,edge_on,edge_on,True
110409,edge_on,edge_on,True
232581,edge_on,edge_on,True
160883,edge_on,cigar_shaped_elliptical,False
291506,edge_on,edge_on,True
4012,edge_on,edge_on,True
263141,edge_on,cigar_shaped_elliptical,False
258846,edge_on,edge_on,True
47654,edge_on,edge_on,True
223329,edge_on,edge_on,True
161989,edge_on,edge_on,True
195761,edge_on,edge_on,True
259064,edge_on,edge_on,True
175896,edge_on,cigar_shaped_elliptical,False
248691,edge_on,edge_on,True
83473,edge_on,edge_on,True
87044,edge_on,edge_on,True
47414,edge_on,edge_on,True
143510,edge_on,edge_on,True
140061,edge_on,edge_on,True
88123,edge_on,edge_on,True
78040,edge_on,edge_on,True
251393,edge_on,irregular,False
74929,edge_on,edge_on,True
156615,edge_on,edge_on,True
73925,edge_on,edge_on,True
31980,edge_on,edge_on,True
122900,edge_on,edge_on,True
153227,edge_on,cigar_shaped_elliptical,False
243858,edge_on,edge_on,True
160656,edge_on,cigar_shaped_elliptical,False
267054,edge_on,edge_on,True
15623,edge_on,edge_on,True
23179,edge_on,edge_on,True
238156,edge_on,edge_on,True
217435,edge_on,edge_on,True
228860,edge_on,edge_on,True
128363,edge_on,edge_on,True
273319,edge_on,edge_on,True
31534,edge_on,edge_on,True
130392,edge_on,edge_on,True
186969,edge_on,cigar_shaped_elliptical,False
168156,edge_on,edge_on,True
252227,edge_on,edge_on,True
249747,edge_on,edge_on,True
288458,edge_on,edge_on,True
87104,edge_on,edge_on,True
171973,edge_on,edge_on,True
149213,edge_on,edge_on,True
9548,edge_on,edge_on,True
3802,edge_on,edge_on,True
100288,edge_on,edge_on,True
264685,edge_on,edge_on,True
247225,edge_on,edge_on,True
114484,edge_on,edge_on,True
251719,edge_on,edge_on,True
95265,edge_on,edge_on,True
17389,edge_on,edge_on,True
181975,edge_on,edge_on,True
140168,edge_on,edge_on,True
233889,edge_on,edge_on,True
65592,edge_on,edge_on,True
34842,edge_on,edge_on,True
141978,edge_on,edge_on,True
87028,edge_on,edge_on,True
137889,edge_on,edge_on,True
34826,edge_on,edge_on,True
86134,edge_on,edge_on,True
271714,edge_on,edge_on,True
289847,edge_on,edge_on,True
174085,edge_on,edge_on,True
57222,edge_on,edge_on,True
39452,edge_on,edge_on,True
183880,edge_on,edge_on,True
115402,edge_on,edge_on,True
206051,edge_on,edge_on,True
262175,edge_on,edge_on,True
138039,edge_on,cigar_shaped_elliptical,False
246142,edge_on,edge_on,True
255406,edge_on,cigar_shaped_elliptical,False
260071,edge_on,edge_on,True
207239,edge_on,cigar_shaped_elliptical,False
266433,edge_on,cigar_shaped_elliptical,False
248009,edge_on,edge_on,True
232079,edge_on,cigar_shaped_elliptical,False
47161,edge_on,edge_on,True
18398,edge_on,edge_on,True
4681,edge_on,edge_on,True
164902,edge_on,edge_on,True
252912,edge_on,edge_on,True
43815,edge_on,edge_on,True
258140,edge_on,edge_on,True
199499,edge_on,edge_on,True
262044,edge_on,edge_on,True
260491,edge_on,edge_on,True
92024,edge_on,edge_on,True
164353,edge_on,cigar_shaped_elliptical,False
31474,edge_on,edge_on,True
163937,edge_on,edge_on,True
122186,edge_on,edge_on,True
47877,edge_on,edge_on,True
77429,edge_on,cigar_shaped_elliptical,False
5184,edge_on,edge_on,True
39328,edge_on,edge_on,True
256874,edge_on,cigar_shaped_elliptical,False
81145,edge_on,edge_on,True
271836,edge_on,cigar_shaped_elliptical,False
172137,edge_on,edge_on,True
35221,edge_on,edge_on,True
239682,edge_on,edge_on,True
197488,edge_on,edge_on,True
258551,edge_on,irregular,False
265391,edge_on,edge_on,True
207229,edge_on,edge_on,True
267315,edge_on,edge_on,True
226920,edge_on,edge_on,True
68559,edge_on,edge_on,True
67414,edge_on,edge_on,True
61047,edge_on,edge_on,True
228533,edge_on,edge_on,True
194857,edge_on,edge_on,True
248707,edge_on,cigar_shaped_elliptical,False
226129,edge_on,edge_on,True
256064,edge_on,edge_on,True
45158,edge_on,edge_on,True
269349,edge_on,cigar_shaped_elliptical,False
108274,edge_on,edge_on,True
109623,edge_on,edge_on,True
250914,edge_on,irregular,False
259313,edge_on,cigar_shaped_elliptical,False
98287,edge_on,cigar_shaped_elliptical,False
74274,edge_on,edge_on,True
270535,edge_on,edge_on,True
174693,edge_on,cigar_shaped_elliptical,False
239994,edge_on,edge_on,True
155255,edge_on,edge_on,True
247127,edge_on,cigar_shaped_elliptical,False
115169,edge_on,edge_on,True
49397,edge_on,edge_on,True
248574,edge_on,edge_on,True
96256,edge_on,edge_on,True
205837,edge_on,edge_on,True
241727,edge_on,edge_on,True
109366,edge_on,edge_on,True
51104,edge_on,edge_on,True
192168,edge_on,cigar_shaped_elliptical,False
24738,edge_on,edge_on,True
259937,edge_on,edge_on,True
160769,edge_on,edge_on,True
112936,edge_on,edge_on,True
185487,edge_on,edge_on,True
245176,edge_on,edge_on,True
44149,edge_on,edge_on,True
80658,edge_on,edge_on,True
212041,edge_on,cigar_shaped_elliptical,False
273398,edge_on,edge_on,True
157622,edge_on,edge_on,True
103352,edge_on,edge_on,True
196837,edge_on,edge_on,True
226172,edge_on,cigar_shaped_elliptical,False
6958,edge_on,cigar_shaped_elliptical,False
116208,edge_on,edge_on,True
172255,edge_on,edge_on,True
89023,edge_on,edge_on,True
252825,edge_on,edge_on,True
163105,edge_on,cigar_shaped_elliptical,False
264495,edge_on,edge_on,True
251189,edge_on,edge_on,True
37485,edge_on,edge_on,True
290122,edge_on,cigar_shaped_elliptical,False
119931,edge_on,edge_on,True
267343,edge_on,edge_on,True
110644,edge_on,edge_on,True
11718,edge_on,edge_on,True
32617,edge_on,edge_on,True
246718,edge_on,edge_on,True
132583,edge_on,edge_on,True
214820,edge_on,edge_on,True
207737,edge_on,edge_on,True
37582,edge_on,edge_on,True
249858,edge_on,edge_on,True
61301,edge_on,edge_on,True
118188,edge_on,cigar_shaped_elliptical,False
263777,edge_on,cigar_shaped_elliptical,False
154331,edge_on,edge_on,True
262145,edge_on,edge_on,True
242639,edge_on,edge_on,True
64379,edge_on,merger,False
25143,edge_on,edge_on,True
86511,edge_on,edge_on,True
191660,edge_on,edge_on,True
273202,edge_on,edge_on,True
252331,edge_on,edge_on,True
192488,edge_on,edge_on,True
79114,edge_on,edge_on,True
168662,edge_on,cigar_shaped_elliptical,False
3430,edge_on,edge_on,True
215817,edge_on,edge_on,True
187378,edge_on,edge_on,True
44222,edge_on,cigar_shaped_elliptical,False
269723,edge_on,edge_on,True
43936,edge_on,cigar_shaped_elliptical,False
256810,edge_on,edge_on,True
17179,edge_on,edge_on,True
152986,edge_on,edge_on,True
272813,edge_on,cigar_shaped_elliptical,False
50989,edge_on,edge_on,True
35529,edge_on,edge_on,True
231588,edge_on,cigar_shaped_elliptical,False
261778,edge_on,edge_on,True
112781,edge_on,edge_on,True
227160,edge_on,edge_on,True
186701,edge_on,edge_on,True
176710,edge_on,edge_on,True
52006,edge_on,edge_on,True
129134,edge_on,cigar_shaped_elliptical,False
249480,edge_on,edge_on,True
43855,edge_on,edge_on,True
169319,edge_on,edge_on,True
278152,edge_on,edge_on,True
267642,edge_on,edge_on,True
230586,edge_on,cigar_shaped_elliptical,False
269100,edge_on,edge_on,True
294844,edge_on,edge_on,True
59026,edge_on,cigar_shaped_elliptical,False
224419,edge_on,edge_on,True
292766,edge_on,edge_on,True
60628,edge_on,edge_on,True
47682,edge_on,edge_on,True
100434,edge_on,cigar_shaped_elliptical,False
120519,edge_on,edge_on,True
69952,edge_on,edge_on,True
52784,edge_on,edge_on,True
265882,edge_on,edge_on,True
32756,edge_on,edge_on,True
214590,edge_on,edge_on,True
81600,edge_on,edge_on,True
85607,edge_on,edge_on,True
244218,edge_on,edge_on,True
135376,edge_on,edge_on,True
109532,edge_on,edge_on,True
87670,edge_on,edge_on,True
287449,edge_on,edge_on,True
205179,edge_on,edge_on,True
115896,edge_on,edge_on,True
204511,edge_on,irregular,False
69690,edge_on,edge_on,True
262927,edge_on,edge_on,True
210840,edge_on,edge_on,True
133044,edge_on,edge_on,True
84188,edge_on,cigar_shaped_elliptical,False
110937,edge_on,edge_on,True
91609,edge_on,edge_on,True
158858,edge_on,edge_on,True
131487,edge_on,edge_on,True
283040,edge_on,cigar_shaped_elliptical,False
161090,edge_on,cigar_shaped_elliptical,False
138910,edge_on,edge_on,True
163555,edge_on,edge_on,True
10307,edge_on,edge_on,True
18879,edge_on,edge_on,True
229551,edge_on,edge_on,True
14974,edge_on,edge_on,True
38806,edge_on,edge_on,True
272361,edge_on,cigar_shaped_elliptical,False
144803,edge_on,edge_on,True
152343,edge_on,edge_on,True
125609,edge_on,edge_on,True
74192,edge_on,irregular,False
111232,edge_on,edge_on,True
279871,edge_on,edge_on,True
259639,edge_on,edge_on,True
247553,edge_on,edge_on,True
263968,edge_on,edge_on,True
185960,edge_on,edge_on,True
86729,edge_on,edge_on,True
76551,edge_on,edge_on,True
201380,edge_on,edge_on,True
260990,edge_on,irregular,False
249446,edge_on,edge_on,True
76148,edge_on,edge_on,True
185911,edge_on,edge_on,True
28301,edge_on,cigar_shaped_elliptical,False
264504,edge_on,cigar_shaped_elliptical,False
266449,edge_on,edge_on,True
255621,edge_on,edge_on,True
150737,edge_on,cigar_shaped_elliptical,False
1508,edge_on,edge_on,True
213644,edge_on,edge_on,True
250400,edge_on,cigar_shaped_elliptical,False
94122,edge_on,edge_on,True
18143,edge_on,edge_on,True
214819,edge_on,edge_on,True
53278,edge_on,edge_on,True
238406,edge_on,edge_on,True
84145,edge_on,edge_on,True
272006,edge_on,edge_on,True
57313,edge_on,edge_on,True
71217,edge_on,edge_on,True
248726,edge_on,edge_on,True
227196,edge_on,edge_on,True
131023,edge_on,edge_on,True
254714,edge_on,cigar_shaped_elliptical,False
120879,edge_on,irregular,False
91521,edge_on,edge_on,True
154531,edge_on,edge_on,True
210151,edge_on,edge_on,True
106231,edge_on,edge_on,True
85259,edge_on,edge_on,True
238617,edge_on,edge_on,True
226830,edge_on,edge_on,True
256408,edge_on,barred_spirals,False
120029,edge_on,edge_on,True
166633,edge_on,edge_on,True
157280,edge_on,cigar_shaped_elliptical,False
67157,edge_on,edge_on,True
243414,edge_on,edge_on,True
73713,edge_on,edge_on,True
36189,edge_on,edge_on,True
253129,edge_on,edge_on,True
64115,edge_on,edge_on,True
140078,edge_on,edge_on,True
148344,edge_on,cigar_shaped_elliptical,False
200391,edge_on,edge_on,True
7995,edge_on,cigar_shaped_elliptical,False
197105,edge_on,edge_on,True
235979,edge_on,cigar_shaped_elliptical,False
161180,edge_on,edge_on,True
68406,edge_on,edge_on,True
261659,edge_on,edge_on,True
111066,edge_on,edge_on,True
180913,edge_on,edge_on,True
250890,edge_on,edge_on,True
228835,edge_on,edge_on,True
128007,edge_on,edge_on,True
85642,edge_on,cigar_shaped_elliptical,False
256988,edge_on,edge_on,True
151841,edge_on,edge_on,True
262201,edge_on,edge_on,True
182365,edge_on,edge_on,True
23069,edge_on,edge_on,True
252817,edge_on,edge_on,True
201244,edge_on,edge_on,True
110946,edge_on,edge_on,True
246586,edge_on,edge_on,True
256381,edge_on,edge_on,True
186141,edge_on,edge_on,True
175478,edge_on,edge_on,True
57807,edge_on,edge_on,True
252709,edge_on,edge_on,True
23277,edge_on,edge_on,True
158510,edge_on,cigar_shaped_elliptical,False
174083,edge_on,edge_on,True
263340,edge_on,edge_on,True
175895,edge_on,edge_on,True
167710,edge_on,edge_on,True
18598,edge_on,edge_on,True
49198,edge_on,edge_on,True
25158,edge_on,edge_on,True
62015,edge_on,edge_on,True
18835,edge_on,edge_on,True
263149,edge_on,edge_on,True
109279,edge_on,barred_spirals,False
61832,edge_on,edge_on,True
194295,edge_on,edge_on,True
174970,edge_on,irregular,False
186334,edge_on,edge_on,True
95283,edge_on,edge_on,True
261371,edge_on,cigar_shaped_elliptical,False
271647,edge_on,edge_on,True
70586,edge_on,edge_on,True
254170,edge_on,edge_on,True
47474,edge_on,edge_on,True
173769,edge_on,edge_on,True
85094,edge_on,edge_on,True
219846,edge_on,edge_on,True
126302,edge_on,edge_on,True
220914,edge_on,edge_on,True
175729,edge_on,edge_on,True
50562,edge_on,edge_on,True
108239,edge_on,edge_on,True
82158,edge_on,edge_on,True
116301,edge_on,edge_on,True
256070,edge_on,edge_on,True
250851,edge_on,edge_on,True
262805,edge_on,edge_on,True
52395,edge_on,edge_on,True
140012,edge_on,edge_on,True
241755,edge_on,irregular,False
57926,edge_on,edge_on,True
63348,edge_on,edge_on,True
193998,edge_on,edge_on,True
257829,edge_on,in_between_elliptical,False
276995,edge_on,edge_on,True
261163,edge_on,edge_on,True
196636,edge_on,cigar_shaped_elliptical,False
79740,edge_on,edge_on,True
52345,edge_on,edge_on,True
53226,edge_on,cigar_shaped_elliptical,False
247488,edge_on,edge_on,True
270825,edge_on,edge_on,True
225964,edge_on,edge_on,True
97817,edge_on,edge_on,True
21683,edge_on,edge_on,True
240371,edge_on,edge_on,True
245097,edge_on,edge_on,True
204148,edge_on,edge_on,True
170507,edge_on,edge_on,True
272625,edge_on,edge_on,True
243381,edge_on,edge_on,True
251854,edge_on,edge_on,True
156095,edge_on,edge_on,True
233348,edge_on,barred_spirals,False
186230,edge_on,edge_on,True
222316,edge_on,edge_on,True
97936,edge_on,edge_on,True
132498,edge_on,edge_on,True
162459,edge_on,cigar_shaped_elliptical,False
188217,edge_on,edge_on,True
139496,edge_on,edge_on,True
228654,edge_on,edge_on,True
54296,edge_on,edge_on,True
26975,edge_on,edge_on,True
158453,edge_on,cigar_shaped_elliptical,False
191940,edge_on,edge_on,True
175391,edge_on,cigar_shaped_elliptical,False
282955,edge_on,edge_on,True
266535,edge_on,edge_on,True
7983,edge_on,edge_on,True
165259,edge_on,edge_on,True
198895,edge_on,edge_on,True
140033,edge_on,edge_on,True
32383,edge_on,edge_on,True
41431,edge_on,edge_on,True
255097,edge_on,cigar_shaped_elliptical,False
28711,edge_on,edge_on,True
290964,edge_on,edge_on,True
34277,edge_on,edge_on,True
17547,edge_on,edge_on,True
69490,edge_on,edge_on,True
163202,edge_on,edge_on,True
194860,edge_on,edge_on,True
257957,edge_on,edge_on,True
10641,edge_on,edge_on,True
84441,edge_on,edge_on,True
263626,edge_on,edge_on,True
148721,edge_on,edge_on,True
155653,edge_on,edge_on,True
167053,edge_on,cigar_shaped_elliptical,False
237103,edge_on,edge_on,True
40476,edge_on,edge_on,True
230035,edge_on,cigar_shaped_elliptical,False
18579,edge_on,edge_on,True
145658,edge_on,edge_on,True
181468,edge_on,edge_on,True
91571,edge_on,edge_on,True
76690,edge_on,edge_on,True
118412,edge_on,edge_on,True
142681,edge_on,cigar_shaped_elliptical,False
98552,edge_on,cigar_shaped_elliptical,False
127249,edge_on,edge_on,True
163271,edge_on,edge_on,True
288415,edge_on,edge_on,True
152137,edge_on,cigar_shaped_elliptical,False
35421,edge_on,edge_on,True
254,edge_on,edge_on,True
247027,edge_on,edge_on,True
241686,edge_on,cigar_shaped_elliptical,False
176187,edge_on,edge_on,True
219616,edge_on,edge_on,True
125625,edge_on,edge_on,True
150444,edge_on,edge_on,True
263841,edge_on,edge_on,True
262352,edge_on,edge_on,True
115467,edge_on,edge_on,True
88139,edge_on,edge_on,True
73866,edge_on,edge_on,True
188919,edge_on,cigar_shaped_elliptical,False
181005,edge_on,edge_on,True
273623,edge_on,edge_on,True
255389,edge_on,edge_on,True
83201,edge_on,edge_on,True
116129,edge_on,edge_on,True
237542,edge_on,edge_on,True
223135,edge_on,edge_on,True
4939,edge_on,cigar_shaped_elliptical,False
194071,edge_on,irregular,False
40337,edge_on,in_between_elliptical,False
243515,edge_on,edge_on,True
107468,edge_on,barred_spirals,False
119528,edge_on,edge_on,True
245558,edge_on,edge_on,True
88987,edge_on,edge_on,True
211502,edge_on,edge_on,True
24491,edge_on,edge_on,True
252762,edge_on,edge_on,True
228197,edge_on,edge_on,True
194388,edge_on,edge_on,True
79779,edge_on,cigar_shaped_elliptical,False
94812,edge_on,edge_on,True
213911,edge_on,cigar_shaped_elliptical,False
1687,edge_on,edge_on,True
246727,edge_on,edge_on,True
177318,edge_on,edge_on,True
255444,edge_on,cigar_shaped_elliptical,False
227953,edge_on,edge_on,True
291986,edge_on,edge_on,True
222958,edge_on,edge_on,True
58260,edge_on,edge_on,True
91666,edge_on,edge_on,True
80294,edge_on,edge_on,True
67622,edge_on,edge_on,True
254658,edge_on,edge_on,True
56118,edge_on,edge_on,True
164430,edge_on,edge_on,True
255898,edge_on,edge_on,True
175407,edge_on,edge_on,True
216135,edge_on,edge_on,True
64966,edge_on,cigar_shaped_elliptical,False
229397,edge_on,edge_on,True
265308,edge_on,cigar_shaped_elliptical,False
189025,edge_on,edge_on,True
92882,edge_on,edge_on,True
57075,edge_on,edge_on,True
118072,edge_on,edge_on,True
184220,edge_on,edge_on,True
220829,edge_on,edge_on,True
196106,edge_on,edge_on,True
222825,edge_on,cigar_shaped_elliptical,False
84983,edge_on,edge_on,True
10798,edge_on,edge_on,True
8345,edge_on,edge_on,True
142412,edge_on,cigar_shaped_elliptical,False
220825,edge_on,edge_on,True
264876,edge_on,cigar_shaped_elliptical,False
40494,edge_on,edge_on,True
184311,edge_on,edge_on,True
136730,edge_on,edge_on,True
194735,edge_on,edge_on,True
76074,edge_on,edge_on,True
167716,edge_on,cigar_shaped_elliptical,False
167136,edge_on,edge_on,True
238951,edge_on,edge_on,True
217440,edge_on,edge_on,True
249263,edge_on,edge_on,True
145134,edge_on,edge_on,True
251327,edge_on,edge_on,True
172340,edge_on,edge_on,True
19749,edge_on,cigar_shaped_elliptical,False
27294,edge_on,cigar_shaped_elliptical,False
213178,edge_on,cigar_shaped_elliptical,False
242860,edge_on,edge_on,True
213915,edge_on,edge_on,True
246933,edge_on,edge_on,True
221407,edge_on,cigar_shaped_elliptical,False
120796,edge_on,edge_on,True
14172,edge_on,edge_on,True
108363,edge_on,edge_on,True
65458,edge_on,in_between_elliptical,False
96546,edge_on,edge_on,True
154366,edge_on,edge_on,True
38361,edge_on,edge_on,True
75565,edge_on,edge_on,True
201931,edge_on,edge_on,True
248723,edge_on,edge_on,True
78917,edge_on,edge_on,True
211379,edge_on,edge_on,True
73512,edge_on,edge_on,True
248115,edge_on,edge_on,True
115323,edge_on,edge_on,True
25308,edge_on,cigar_shaped_elliptical,False
10653,edge_on,edge_on,True
67865,edge_on,cigar_shaped_elliptical,False
222181,edge_on,edge_on,True
237976,edge_on,edge_on,True
66747,edge_on,edge_on,True
244024,edge_on,edge_on,True
214909,edge_on,edge_on,True
162215,edge_on,edge_on,True
151677,edge_on,edge_on,True
272291,edge_on,edge_on,True
213650,edge_on,edge_on,True
36150,edge_on,cigar_shaped_elliptical,False
180928,edge_on,edge_on,True
135505,edge_on,edge_on,True
123367,edge_on,edge_on,True
29929,edge_on,edge_on,True
76382,edge_on,edge_on,True
154111,edge_on,edge_on,True
25256,edge_on,edge_on,True
151438,edge_on,edge_on,True
174971,edge_on,edge_on,True
60573,edge_on,edge_on,True
215120,edge_on,cigar_shaped_elliptical,False
123103,edge_on,cigar_shaped_elliptical,False
186662,edge_on,edge_on,True
251284,edge_on,edge_on,True
265286,edge_on,cigar_shaped_elliptical,False
138879,edge_on,edge_on,True
288076,edge_on,edge_on,True
254305,edge_on,edge_on,True
178483,edge_on,edge_on,True
192571,edge_on,cigar_shaped_elliptical,False
21428,edge_on,edge_on,True
184323,edge_on,edge_on,True
218411,edge_on,edge_on,True
239879,edge_on,edge_on,True
630,edge_on,edge_on,True
188126,edge_on,edge_on,True
153565,edge_on,edge_on,True
205888,edge_on,cigar_shaped_elliptical,False
14224,edge_on,edge_on,True
93932,edge_on,cigar_shaped_elliptical,False
222075,edge_on,edge_on,True
53845,edge_on,edge_on,True
128017,edge_on,edge_on,True
235330,edge_on,edge_on,True
140830,edge_on,edge_on,True
26715,edge_on,edge_on,True
2521,edge_on,edge_on,True
241837,edge_on,edge_on,True
268764,edge_on,edge_on,True
278743,edge_on,edge_on,True
7889,edge_on,cigar_shaped_elliptical,False
128977,edge_on,edge_on,True
206217,edge_on,cigar_shaped_elliptical,False
108402,edge_on,edge_on,True
36345,edge_on,edge_on,True
268398,edge_on,edge_on,True
10579,edge_on,edge_on,True
194395,edge_on,in_between_elliptical,False
178179,edge_on,edge_on,True
247384,edge_on,edge_on,True
229600,edge_on,edge_on,True
265575,edge_on,edge_on,True
265491,edge_on,edge_on,True
246983,edge_on,edge_on,True
204127,edge_on,edge_on,True
21500,edge_on,edge_on,True
14887,edge_on,edge_on,True
9752,edge_on,edge_on,True
100839,edge_on,irregular,False
16738,edge_on,edge_on,True
14415,edge_on,edge_on,True
130599,edge_on,edge_on,True
91211,edge_on,edge_on,True
260167,edge_on,edge_on,True
58533,edge_on,unbarred_spirals,False
248592,edge_on,edge_on,True
104039,edge_on,edge_on,True
265732,edge_on,cigar_shaped_elliptical,False
55322,edge_on,edge_on,True
2807,edge_on,edge_on,True
224521,edge_on,merger,False
263984,edge_on,edge_on,True
252619,edge_on,edge_on,True
158867,edge_on,edge_on,True
136473,edge_on,edge_on,True
22946,edge_on,edge_on,True
204463,edge_on,edge_on,True
94838,edge_on,edge_on,True
59727,edge_on,edge_on,True
12979,edge_on,edge_on,True
193660,edge_on,edge_on,True
59632,edge_on,edge_on,True
109390,edge_on,edge_on,True
187946,edge_on,cigar_shaped_elliptical,False
7305,edge_on,edge_on,True
76982,edge_on,edge_on,True
271943,edge_on,edge_on,True
121200,edge_on,edge_on,True
170739,edge_on,edge_on,True
183463,edge_on,edge_on,True
9605,edge_on,edge_on,True
263647,edge_on,edge_on,True
261613,edge_on,edge_on,True
124321,edge_on,merger,False
264577,edge_on,edge_on,True
118112,edge_on,edge_on,True
273821,edge_on,edge_on,True
208278,edge_on,edge_on,True
211733,edge_on,edge_on,True
40914,edge_on,cigar_shaped_elliptical,False
159410,edge_on,edge_on,True
262957,edge_on,edge_on,True
234363,edge_on,edge_on,True
267219,edge_on,edge_on,True
145030,edge_on,edge_on,True
62229,edge_on,edge_on,True
183877,edge_on,edge_on,True
175738,edge_on,edge_on,True
14256,edge_on,cigar_shaped_elliptical,False
258541,edge_on,edge_on,True
141331,edge_on,edge_on,True
266444,edge_on,edge_on,True
101865,edge_on,cigar_shaped_elliptical,False
54634,edge_on,unbarred_spirals,False
187696,edge_on,edge_on,True
169426,edge_on,edge_on,True
272622,edge_on,edge_on,True
136941,edge_on,merger,False
256902,edge_on,edge_on,True
170982,edge_on,edge_on,True
112977,edge_on,cigar_shaped_elliptical,False
258035,edge_on,edge_on,True
139332,edge_on,edge_on,True
20583,edge_on,edge_on,True
28103,edge_on,edge_on,True
66764,edge_on,edge_on,True
44351,edge_on,edge_on,True
105740,edge_on,edge_on,True
263601,edge_on,edge_on,True
119262,edge_on,edge_on,True
71281,edge_on,edge_on,True
215765,edge_on,edge_on,True
30139,edge_on,edge_on,True
265931,edge_on,edge_on,True
238949,edge_on,edge_on,True
100000,edge_on,edge_on,True
11481,edge_on,edge_on,True
260748,edge_on,edge_on,True
204770,edge_on,edge_on,True
199,edge_on,edge_on,True
57780,edge_on,edge_on,True
119320,edge_on,cigar_shaped_elliptical,False
187242,edge_on,edge_on,True
81595,edge_on,edge_on,True
247202,edge_on,edge_on,True
193673,edge_on,edge_on,True
31856,edge_on,edge_on,True
267165,edge_on,edge_on,True
20330,edge_on,edge_on,True
190949,edge_on,edge_on,True
163826,edge_on,edge_on,True
264314,edge_on,unbarred_spirals,False
263277,edge_on,edge_on,True
246407,edge_on,edge_on,True
49726,edge_on,edge_on,True
172533,edge_on,in_between_elliptical,False
279212,edge_on,edge_on,True
284336,edge_on,edge_on,True
136406,edge_on,edge_on,True
257340,edge_on,irregular,False
239324,edge_on,edge_on,True
133717,edge_on,edge_on,True
291923,edge_on,edge_on,True
210409,edge_on,edge_on,True
277577,edge_on,edge_on,True
235465,edge_on,edge_on,True
119080,edge_on,edge_on,True
92720,edge_on,edge_on,True
58678,edge_on,edge_on,True
277502,edge_on,cigar_shaped_elliptical,False
154535,edge_on,edge_on,True
44942,edge_on,edge_on,True
83730,edge_on,merger,False
196921,edge_on,edge_on,True
251080,edge_on,edge_on,True
48303,edge_on,edge_on,True
235759,edge_on,edge_on,True
75935,edge_on,edge_on,True
51452,edge_on,edge_on,True
162183,edge_on,edge_on,True
229059,edge_on,edge_on,True
121059,edge_on,edge_on,True
148777,edge_on,edge_on,True
53318,edge_on,cigar_shaped_elliptical,False
140493,edge_on,edge_on,True
131518,edge_on,edge_on,True
260595,edge_on,edge_on,True
265543,edge_on,edge_on,True
262241,edge_on,edge_on,True
184585,edge_on,edge_on,True
109075,edge_on,edge_on,True
163727,edge_on,cigar_shaped_elliptical,False
143631,edge_on,edge_on,True
167391,edge_on,edge_on,True
250056,edge_on,edge_on,True
111814,edge_on,edge_on,True
228071,edge_on,edge_on,True
208348,edge_on,edge_on,True
185793,edge_on,edge_on,True
170559,edge_on,edge_on,True
33843,edge_on,edge_on,True
36031,edge_on,cigar_shaped_elliptical,False
67962,edge_on,edge_on,True
273324,edge_on,edge_on,True
224349,edge_on,edge_on,True
41879,edge_on,edge_on,True
273109,edge_on,cigar_shaped_elliptical,False
44382,edge_on,edge_on,True
251462,edge_on,edge_on,True
135914,edge_on,edge_on,True
149369,edge_on,unbarred_spirals,False
153947,edge_on,edge_on,True
132225,edge_on,edge_on,True
83645,edge_on,edge_on,True
33640,edge_on,edge_on,True
154592,edge_on,edge_on,True
108131,edge_on,edge_on,True
256382,edge_on,edge_on,True
212148,edge_on,edge_on,True
222089,edge_on,edge_on,True
111505,edge_on,cigar_shaped_elliptical,False
192830,edge_on,edge_on,True
63135,edge_on,cigar_shaped_elliptical,False
235790,edge_on,cigar_shaped_elliptical,False
40684,edge_on,cigar_shaped_elliptical,False
268163,edge_on,edge_on,True
175544,edge_on,edge_on,True
92738,edge_on,edge_on,True
44868,edge_on,edge_on,True
155788,edge_on,edge_on,True
84501,edge_on,cigar_shaped_elliptical,False
61466,edge_on,edge_on,True
173200,edge_on,edge_on,True
228268,edge_on,cigar_shaped_elliptical,False
38048,edge_on,edge_on,True
48770,edge_on,edge_on,True
270543,edge_on,edge_on,True
273882,edge_on,edge_on,True
178264,edge_on,edge_on,True
74647,edge_on,edge_on,True
263516,edge_on,edge_on,True
109889,edge_on,cigar_shaped_elliptical,False
279492,edge_on,edge_on,True
51905,edge_on,edge_on,True
229262,edge_on,edge_on,True
262312,edge_on,cigar_shaped_elliptical,False
73253,edge_on,edge_on,True
264115,edge_on,edge_on,True
38676,edge_on,edge_on,True
135963,edge_on,edge_on,True
201877,edge_on,edge_on,True
157427,edge_on,edge_on,True
252218,edge_on,edge_on,True
60659,edge_on,edge_on,True
169026,edge_on,edge_on,True
271968,edge_on,cigar_shaped_elliptical,False
6543,edge_on,cigar_shaped_elliptical,False
71655,edge_on,edge_on,True
126875,edge_on,edge_on,True
151463,edge_on,cigar_shaped_elliptical,False
181901,edge_on,edge_on,True
112721,edge_on,edge_on,True
151177,edge_on,edge_on,True
205831,edge_on,edge_on,True
127008,edge_on,edge_on,True
83915,edge_on,edge_on,True
33560,edge_on,edge_on,True
173376,edge_on,edge_on,True
155340,edge_on,edge_on,True
260955,edge_on,edge_on,True
72448,edge_on,edge_on,True
249638,edge_on,edge_on,True
153159,edge_on,edge_on,True
120877,edge_on,unbarred_spirals,False
209994,edge_on,edge_on,True
260179,edge_on,edge_on,True
31859,edge_on,cigar_shaped_elliptical,False
262004,edge_on,edge_on,True
48496,edge_on,edge_on,True
81958,edge_on,edge_on,True
36305,edge_on,merger,False
138427,edge_on,edge_on,True
139616,edge_on,cigar_shaped_elliptical,False
68690,edge_on,edge_on,True
178237,edge_on,edge_on,True
35633,edge_on,edge_on,True
11711,edge_on,edge_on,True
29911,edge_on,cigar_shaped_elliptical,False
95229,edge_on,edge_on,True
220774,edge_on,edge_on,True
266386,edge_on,edge_on,True
95841,edge_on,edge_on,True
137752,edge_on,edge_on,True
255909,edge_on,edge_on,True
265932,edge_on,edge_on,True
251221,edge_on,edge_on,True
272479,edge_on,cigar_shaped_elliptical,False
215298,edge_on,edge_on,True
109083,edge_on,cigar_shaped_elliptical,False
184771,edge_on,edge_on,True
49849,edge_on,edge_on,True
152093,edge_on,edge_on,True
257584,edge_on,edge_on,True
190674,edge_on,edge_on,True
237966,edge_on,edge_on,True
263540,edge_on,edge_on,True
206116,edge_on,edge_on,True
100340,edge_on,edge_on,True
120790,edge_on,edge_on,True
16228,edge_on,edge_on,True
116606,edge_on,edge_on,True
44473,edge_on,edge_on,True
236267,edge_on,cigar_shaped_elliptical,False
115742,edge_on,edge_on,True
151492,edge_on,edge_on,True
30098,edge_on,cigar_shaped_elliptical,False
2821,edge_on,edge_on,True
127283,edge_on,edge_on,True
266797,edge_on,edge_on,True
58621,edge_on,edge_on,True
262772,edge_on,edge_on,True
101384,edge_on,edge_on,True
291579,edge_on,edge_on,True
233732,edge_on,barred_spirals,False
273449,edge_on,edge_on,True
170603,edge_on,cigar_shaped_elliptical,False
96890,edge_on,edge_on,True
81550,edge_on,edge_on,True
57524,edge_on,edge_on,True
25515,edge_on,barred_spirals,False
144098,edge_on,edge_on,True
4370,edge_on,edge_on,True
2230,edge_on,cigar_shaped_elliptical,False
275529,edge_on,edge_on,True
87542,edge_on,edge_on,True
213686,edge_on,edge_on,True
249654,edge_on,cigar_shaped_elliptical,False
269906,edge_on,edge_on,True
170661,edge_on,edge_on,True
841,edge_on,cigar_shaped_elliptical,False
173210,edge_on,edge_on,True
129697,edge_on,edge_on,True
177833,edge_on,cigar_shaped_elliptical,False
129353,edge_on,cigar_shaped_elliptical,False
112145,edge_on,edge_on,True
266743,edge_on,edge_on,True
70426,edge_on,edge_on,True
58595,edge_on,edge_on,True
136948,edge_on,edge_on,True
96056,edge_on,edge_on,True
142549,edge_on,cigar_shaped_elliptical,False
247702,edge_on,edge_on,True
77780,edge_on,edge_on,True
92381,edge_on,edge_on,True
249658,edge_on,edge_on,True
197916,edge_on,edge_on,True
272530,edge_on,edge_on,True
266344,edge_on,cigar_shaped_elliptical,False
211896,edge_on,cigar_shaped_elliptical,False
187753,edge_on,edge_on,True
154109,edge_on,cigar_shaped_elliptical,False
174890,edge_on,cigar_shaped_elliptical,False
142339,edge_on,edge_on,True
35672,edge_on,cigar_shaped_elliptical,False
91762,edge_on,edge_on,True
79328,edge_on,edge_on,True
101177,edge_on,edge_on,True
69251,edge_on,cigar_shaped_elliptical,False
188647,edge_on,edge_on,True
21323,edge_on,cigar_shaped_elliptical,False
86152,edge_on,edge_on,True
199748,edge_on,edge_on,True
213337,edge_on,cigar_shaped_elliptical,False
143309,edge_on,cigar_shaped_elliptical,False
215056,edge_on,edge_on,True
103256,edge_on,edge_on,True
159326,edge_on,edge_on,True
134463,edge_on,edge_on,True
286269,edge_on,edge_on,True
80442,edge_on,edge_on,True
257837,edge_on,edge_on,True
207901,edge_on,cigar_shaped_elliptical,False
273653,edge_on,edge_on,True
3737,in_between_elliptical,cigar_shaped_elliptical,False
3123,in_between_elliptical,unbarred_spirals,False
143370,in_between_elliptical,in_between_elliptical,True
92983,in_between_elliptical,cigar_shaped_elliptical,False
122442,in_between_elliptical,in_between_elliptical,True
26706,in_between_elliptical,in_between_elliptical,True
253367,in_between_elliptical,cigar_shaped_elliptical,False
268735,in_between_elliptical,round_elliptical,False
161496,in_between_elliptical,in_between_elliptical,True
207761,in_between_elliptical,in_between_elliptical,True
41833,in_between_elliptical,in_between_elliptical,True
200426,in_between_elliptical,round_elliptical,False
28671,in_between_elliptical,in_between_elliptical,True
90955,in_between_elliptical,cigar_shaped_elliptical,False
168841,in_between_elliptical,in_between_elliptical,True
185982,in_between_elliptical,in_between_elliptical,True
19292,in_between_elliptical,in_between_elliptical,True
199353,in_between_elliptical,in_between_elliptical,True
186998,in_between_elliptical,in_between_elliptical,True
134529,in_between_elliptical,in_between_elliptical,True
23260,in_between_elliptical,in_between_elliptical,True
33940,in_between_elliptical,in_between_elliptical,True
194740,in_between_elliptical,in_between_elliptical,True
11448,in_between_elliptical,in_between_elliptical,True
195903,in_between_elliptical,in_between_elliptical,True
162057,in_between_elliptical,in_between_elliptical,True
68825,in_between_elliptical,in_between_elliptical,True
22432,in_between_elliptical,in_between_elliptical,True
100911,in_between_elliptical,irregular,False
149445,in_between_elliptical,round_elliptical,False
70090,in_between_elliptical,in_between_elliptical,True
71946,in_between_elliptical,in_between_elliptical,True
56376,in_between_elliptical,in_between_elliptical,True
179879,in_between_elliptical,in_between_elliptical,True
122718,in_between_elliptical,unbarred_spirals,False
84047,in_between_elliptical,in_between_elliptical,True
131558,in_between_elliptical,in_between_elliptical,True
224100,in_between_elliptical,in_between_elliptical,True
232627,in_between_elliptical,round_elliptical,False
97240,in_between_elliptical,in_between_elliptical,True
292927,in_between_elliptical,in_between_elliptical,True
13767,in_between_elliptical,in_between_elliptical,True
249158,in_between_elliptical,irregular,False
206622,in_between_elliptical,in_between_elliptical,True
110566,in_between_elliptical,in_between_elliptical,True
40030,in_between_elliptical,in_between_elliptical,True
117982,in_between_elliptical,in_between_elliptical,True
58415,in_between_elliptical,in_between_elliptical,True
62152,in_between_elliptical,round_elliptical,False
38869,in_between_elliptical,round_elliptical,False
256378,in_between_elliptical,in_between_elliptical,True
1927,in_between_elliptical,in_between_elliptical,True
162529,in_between_elliptical,in_between_elliptical,True
32064,in_between_elliptical,in_between_elliptical,True
123840,in_between_elliptical,in_between_elliptical,True
76457,in_between_elliptical,round_elliptical,False
50002,in_between_elliptical,in_between_elliptical,True
274304,in_between_elliptical,in_between_elliptical,True
159050,in_between_elliptical,in_between_elliptical,True
108449,in_between_elliptical,in_between_elliptical,True
20809,in_between_elliptical,in_between_elliptical,True
27198,in_between_elliptical,in_between_elliptical,True
205420,in_between_elliptical,in_between_elliptical,True
18403,in_between_elliptical,in_between_elliptical,True
235736,in_between_elliptical,in_between_elliptical,True
181564,in_between_elliptical,in_between_elliptical,True
38058,in_between_elliptical,in_between_elliptical,True
200261,in_between_elliptical,in_between_elliptical,True
35222,in_between_elliptical,in_between_elliptical,True
237419,in_between_elliptical,unbarred_spirals,False
48102,in_between_elliptical,in_between_elliptical,True
74903,in_between_elliptical,in_between_elliptical,True
143026,in_between_elliptical,in_between_elliptical,True
228453,in_between_elliptical,in_between_elliptical,True
118847,in_between_elliptical,cigar_shaped_elliptical,False
197890,in_between_elliptical,in_between_elliptical,True
45291,in_between_elliptical,in_between_elliptical,True
57267,in_between_elliptical,in_between_elliptical,True
197158,in_between_elliptical,in_between_elliptical,True
68434,in_between_elliptical,in_between_elliptical,True
241162,in_between_elliptical,in_between_elliptical,True
23217,in_between_elliptical,unbarred_spirals,False
224150,in_between_elliptical,in_between_elliptical,True
223362,in_between_elliptical,in_between_elliptical,True
138633,in_between_elliptical,in_between_elliptical,True
106329,in_between_elliptical,in_between_elliptical,True
181869,in_between_elliptical,in_between_elliptical,True
245375,in_between_elliptical,in_between_elliptical,True
178568,in_between_elliptical,in_between_elliptical,True
33562,in_between_elliptical,in_between_elliptical,True
134257,in_between_elliptical,in_between_elliptical,True
30614,in_between_elliptical,in_between_elliptical,True
38537,in_between_elliptical,in_between_elliptical,True
126600,in_between_elliptical,in_between_elliptical,True
15943,in_between_elliptical,in_between_elliptical,True
10051,in_between_elliptical,in_between_elliptical,True
96474,in_between_elliptical,in_between_elliptical,True
213432,in_between_elliptical,in_between_elliptical,True
262121,in_between_elliptical,in_between_elliptical,True
30446,in_between_elliptical,in_between_elliptical,True
231650,in_between_elliptical,in_between_elliptical,True
59252,in_between_elliptical,in_between_elliptical,True
168890,in_between_elliptical,in_between_elliptical,True
77524,in_between_elliptical,in_between_elliptical,True
67495,in_between_elliptical,in_between_elliptical,True
195830,in_between_elliptical,in_between_elliptical,True
29819,in_between_elliptical,in_between_elliptical,True
37992,in_between_elliptical,round_elliptical,False
47658,in_between_elliptical,in_between_elliptical,True
129440,in_between_elliptical,in_between_elliptical,True
173011,in_between_elliptical,in_between_elliptical,True
187252,in_between_elliptical,in_between_elliptical,True
154249,in_between_elliptical,in_between_elliptical,True
33811,in_between_elliptical,in_between_elliptical,True
211348,in_between_elliptical,unbarred_spirals,False
179422,in_between_elliptical,round_elliptical,False
235922,in_between_elliptical,in_between_elliptical,True
12042,in_between_elliptical,in_between_elliptical,True
108817,in_between_elliptical,in_between_elliptical,True
228479,in_between_elliptical,in_between_elliptical,True
76532,in_between_elliptical,in_between_elliptical,True
167623,in_between_elliptical,in_between_elliptical,True
8386,in_between_elliptical,in_between_elliptical,True
45268,in_between_elliptical,cigar_shaped_elliptical,False
43749,in_between_elliptical,in_between_elliptical,True
124640,in_between_elliptical,in_between_elliptical,True
6950,in_between_elliptical,in_between_elliptical,True
162697,in_between_elliptical,in_between_elliptical,True
59244,in_between_elliptical,in_between_elliptical,True
175728,in_between_elliptical,in_between_elliptical,True
132752,in_between_elliptical,in_between_elliptical,True
141589,in_between_elliptical,round_elliptical,False
145328,in_between_elliptical,in_between_elliptical,True
73395,in_between_elliptical,round_elliptical,False
37460,in_between_elliptical,in_between_elliptical,True
91234,in_between_elliptical,in_between_elliptical,True
274125,in_between_elliptical,in_between_elliptical,True
42107,in_between_elliptical,in_between_elliptical,True
133580,in_between_elliptical,in_between_elliptical,True
44409,in_between_elliptical,in_between_elliptical,True
34603,in_between_elliptical,in_between_elliptical,True
51077,in_between_elliptical,in_between_elliptical,True
141567,in_between_elliptical,irregular,False
95311,in_between_elliptical,in_between_elliptical,True
128354,in_between_elliptical,round_elliptical,False
44696,in_between_elliptical,in_between_elliptical,True
229524,in_between_elliptical,in_between_elliptical,True
201098,in_between_elliptical,in_between_elliptical,True
234697,in_between_elliptical,in_between_elliptical,True
76845,in_between_elliptical,round_elliptical,False
245475,in_between_elliptical,round_elliptical,False
105351,in_between_elliptical,round_elliptical,False
203193,in_between_elliptical,in_between_elliptical,True
286241,in_between_elliptical,in_between_elliptical,True
130908,in_between_elliptical,in_between_elliptical,True
244697,in_between_elliptical,in_between_elliptical,True
194160,in_between_elliptical,in_between_elliptical,True
79536,in_between_elliptical,in_between_elliptical,True
23861,in_between_elliptical,cigar_shaped_elliptical,False
254778,in_between_elliptical,in_between_elliptical,True
3872,in_between_elliptical,in_between_elliptical,True
75987,in_between_elliptical,in_between_elliptical,True
30441,in_between_elliptical,in_between_elliptical,True
118974,in_between_elliptical,cigar_shaped_elliptical,False
77626,in_between_elliptical,in_between_elliptical,True
197849,in_between_elliptical,in_between_elliptical,True
96058,in_between_elliptical,in_between_elliptical,True
120722,in_between_elliptical,in_between_elliptical,True
234628,in_between_elliptical,in_between_elliptical,True
54953,in_between_elliptical,in_between_elliptical,True
233165,in_between_elliptical,in_between_elliptical,True
10507,in_between_elliptical,in_between_elliptical,True
35680,in_between_elliptical,in_between_elliptical,True
123096,in_between_elliptical,in_between_elliptical,True
41576,in_between_elliptical,in_between_elliptical,True
153078,in_between_elliptical,round_elliptical,False
113975,in_between_elliptical,in_between_elliptical,True
97608,in_between_elliptical,in_between_elliptical,True
11487,in_between_elliptical,in_between_elliptical,True
159141,in_between_elliptical,in_between_elliptical,True
62819,in_between_elliptical,in_between_elliptical,True
38576,in_between_elliptical,in_between_elliptical,True
221210,in_between_elliptical,in_between_elliptical,True
164397,in_between_elliptical,in_between_elliptical,True
122880,in_between_elliptical,round_elliptical,False
39388,in_between_elliptical,in_between_elliptical,True
213475,in_between_elliptical,in_between_elliptical,True
241988,in_between_elliptical,round_elliptical,False
269992,in_between_elliptical,in_between_elliptical,True
131119,in_between_elliptical,in_between_elliptical,True
220754,in_between_elliptical,in_between_elliptical,True
205790,in_between_elliptical,in_between_elliptical,True
38870,in_between_elliptical,irregular,False
71184,in_between_elliptical,in_between_elliptical,True
46284,in_between_elliptical,in_between_elliptical,True
152436,in_between_elliptical,in_between_elliptical,True
13330,in_between_elliptical,in_between_elliptical,True
158310,in_between_elliptical,in_between_elliptical,True
207227,in_between_elliptical,in_between_elliptical,True
199024,in_between_elliptical,round_elliptical,False
113892,in_between_elliptical,in_between_elliptical,True
2742,in_between_elliptical,in_between_elliptical,True
225771,in_between_elliptical,cigar_shaped_elliptical,False
229080,in_between_elliptical,in_between_elliptical,True
172064,in_between_elliptical,in_between_elliptical,True
36585,in_between_elliptical,in_between_elliptical,True
12886,in_between_elliptical,in_between_elliptical,True
200802,in_between_elliptical,cigar_shaped_elliptical,False
213260,in_between_elliptical,in_between_elliptical,True
172023,in_between_elliptical,in_between_elliptical,True
261758,in_between_elliptical,in_between_elliptical,True
220085,in_between_elliptical,round_elliptical,False
15151,in_between_elliptical,in_between_elliptical,True
66768,in_between_elliptical,in_between_elliptical,True
49203,in_between_elliptical,in_between_elliptical,True
54703,in_between_elliptical,in_between_elliptical,True
95510,in_between_elliptical,in_between_elliptical,True
238744,in_between_elliptical,in_between_elliptical,True
70499,in_between_elliptical,round_elliptical,False
174714,in_between_elliptical,round_elliptical,False
156440,in_between_elliptical,in_between_elliptical,True
112282,in_between_elliptical,cigar_shaped_elliptical,False
152206,in_between_elliptical,in_between_elliptical,True
240630,in_between_elliptical,in_between_elliptical,True
244231,in_between_elliptical,in_between_elliptical,True
154184,in_between_elliptical,round_elliptical,False
13143,in_between_elliptical,in_between_elliptical,True
185732,in_between_elliptical,in_between_elliptical,True
49710,in_between_elliptical,in_between_elliptical,True
131626,in_between_elliptical,in_between_elliptical,True
106468,in_between_elliptical,in_between_elliptical,True
27900,in_between_elliptical,in_between_elliptical,True
183419,in_between_elliptical,in_between_elliptical,True
182172,in_between_elliptical,in_between_elliptical,True
211641,in_between_elliptical,in_between_elliptical,True
7424,in_between_elliptical,in_between_elliptical,True
55012,in_between_elliptical,in_between_elliptical,True
158818,in_between_elliptical,in_between_elliptical,True
62861,in_between_elliptical,round_elliptical,False
283075,in_between_elliptical,in_between_elliptical,True
38446,in_between_elliptical,in_between_elliptical,True
64086,in_between_elliptical,in_between_elliptical,True
75881,in_between_elliptical,round_elliptical,False
283409,in_between_elliptical,in_between_elliptical,True
93566,in_between_elliptical,unbarred_spirals,False
265620,in_between_elliptical,in_between_elliptical,True
238906,in_between_elliptical,in_between_elliptical,True
72099,in_between_elliptical,in_between_elliptical,True
14003,in_between_elliptical,unbarred_spirals,False
70046,in_between_elliptical,unbarred_spirals,False
23326,in_between_elliptical,in_between_elliptical,True
277659,in_between_elliptical,in_between_elliptical,True
34926,in_between_elliptical,in_between_elliptical,True
210951,in_between_elliptical,in_between_elliptical,True
109093,in_between_elliptical,in_between_elliptical,True
120081,in_between_elliptical,in_between_elliptical,True
206007,in_between_elliptical,in_between_elliptical,True
240213,in_between_elliptical,round_elliptical,False
30801,in_between_elliptical,in_between_elliptical,True
172301,in_between_elliptical,in_between_elliptical,True
119338,in_between_elliptical,in_between_elliptical,True
114832,in_between_elliptical,round_elliptical,False
107346,in_between_elliptical,barred_spirals,False
184258,in_between_elliptical,cigar_shaped_elliptical,False
268373,in_between_elliptical,in_between_elliptical,True
255530,in_between_elliptical,irregular,False
149929,in_between_elliptical,in_between_elliptical,True
233773,in_between_elliptical,in_between_elliptical,True
97270,in_between_elliptical,in_between_elliptical,True
45179,in_between_elliptical,round_elliptical,False
92478,in_between_elliptical,in_between_elliptical,True
206646,in_between_elliptical,in_between_elliptical,True
81801,in_between_elliptical,in_between_elliptical,True
255680,in_between_elliptical,in_between_elliptical,True
158791,in_between_elliptical,in_between_elliptical,True
34126,in_between_elliptical,in_between_elliptical,True
186157,in_between_elliptical,in_between_elliptical,True
65560,in_between_elliptical,in_between_elliptical,True
181557,in_between_elliptical,in_between_elliptical,True
6977,in_between_elliptical,in_between_elliptical,True
207155,in_between_elliptical,cigar_shaped_elliptical,False
113769,in_between_elliptical,in_between_elliptical,True
86258,in_between_elliptical,round_elliptical,False
57866,in_between_elliptical,in_between_elliptical,True
249614,in_between_elliptical,in_between_elliptical,True
84719,in_between_elliptical,in_between_elliptical,True
143800,in_between_elliptical,in_between_elliptical,True
88385,in_between_elliptical,in_between_elliptical,True
260786,in_between_elliptical,in_between_elliptical,True
14950,in_between_elliptical,in_between_elliptical,True
208084,in_between_elliptical,in_between_elliptical,True
88717,in_between_elliptical,in_between_elliptical,True
208646,in_between_elliptical,round_elliptical,False
199422,in_between_elliptical,in_between_elliptical,True
84872,in_between_elliptical,in_between_elliptical,True
145669,in_between_elliptical,in_between_elliptical,True
82443,in_between_elliptical,in_between_elliptical,True
23389,in_between_elliptical,in_between_elliptical,True
78781,in_between_elliptical,in_between_elliptical,True
266168,in_between_elliptical,in_between_elliptical,True
211666,in_between_elliptical,round_elliptical,False
160469,in_between_elliptical,irregular,False
110629,in_between_elliptical,in_between_elliptical,True
223975,in_between_elliptical,in_between_elliptical,True
150478,in_between_elliptical,in_between_elliptical,True
24272,in_between_elliptical,in_between_elliptical,True
181981,in_between_elliptical,in_between_elliptical,True
54661,in_between_elliptical,in_between_elliptical,True
263481,in_between_elliptical,in_between_elliptical,True
100377,in_between_elliptical,in_between_elliptical,True
13089,in_between_elliptical,in_between_elliptical,True
226555,in_between_elliptical,irregular,False
173876,in_between_elliptical,in_between_elliptical,True
96108,in_between_elliptical,in_between_elliptical,True
47829,in_between_elliptical,in_between_elliptical,True
152948,in_between_elliptical,in_between_elliptical,True
204911,in_between_elliptical,in_between_elliptical,True
175157,in_between_elliptical,in_between_elliptical,True
269243,in_between_elliptical,cigar_shaped_elliptical,False
108564,in_between_elliptical,in_between_elliptical,True
212303,in_between_elliptical,in_between_elliptical,True
53800,in_between_elliptical,round_elliptical,False
112832,in_between_elliptical,in_between_elliptical,True
150596,in_between_elliptical,in_between_elliptical,True
244956,in_between_elliptical,in_between_elliptical,True
14945,in_between_elliptical,in_between_elliptical,True
283695,in_between_elliptical,in_between_elliptical,True
21848,in_between_elliptical,in_between_elliptical,True
97131,in_between_elliptical,in_between_elliptical,True
15834,in_between_elliptical,in_between_elliptical,True
25390,in_between_elliptical,in_between_elliptical,True
46444,in_between_elliptical,in_between_elliptical,True
2326,in_between_elliptical,in_between_elliptical,True
40222,in_between_elliptical,in_between_elliptical,True
34314,in_between_elliptical,in_between_elliptical,True
123101,in_between_elliptical,round_elliptical,False
208182,in_between_elliptical,in_between_elliptical,True
157338,in_between_elliptical,in_between_elliptical,True
114980,in_between_elliptical,in_between_elliptical,True
4369,in_between_elliptical,in_between_elliptical,True
89417,in_between_elliptical,in_between_elliptical,True
95917,in_between_elliptical,in_between_elliptical,True
97841,in_between_elliptical,round_elliptical,False
232749,in_between_elliptical,in_between_elliptical,True
12582,in_between_elliptical,in_between_elliptical,True
41444,in_between_elliptical,in_between_elliptical,True
92324,in_between_elliptical,in_between_elliptical,True
91479,in_between_elliptical,in_between_elliptical,True
100035,in_between_elliptical,in_between_elliptical,True
71047,in_between_elliptical,in_between_elliptical,True
89177,in_between_elliptical,irregular,False
291194,in_between_elliptical,barred_spirals,False
164603,in_between_elliptical,in_between_elliptical,True
222270,in_between_elliptical,in_between_elliptical,True
107431,in_between_elliptical,in_between_elliptical,True
128554,in_between_elliptical,irregular,False
165371,in_between_elliptical,in_between_elliptical,True
258580,in_between_elliptical,in_between_elliptical,True
293488,in_between_elliptical,in_between_elliptical,True
233277,in_between_elliptical,in_between_elliptical,True
234959,in_between_elliptical,in_between_elliptical,True
70907,in_between_elliptical,in_between_elliptical,True
151596,in_between_elliptical,in_between_elliptical,True
17550,in_between_elliptical,in_between_elliptical,True
111561,in_between_elliptical,in_between_elliptical,True
54726,in_between_elliptical,unbarred_spirals,False
138539,in_between_elliptical,in_between_elliptical,True
236929,in_between_elliptical,in_between_elliptical,True
50162,in_between_elliptical,in_between_elliptical,True
177721,in_between_elliptical,in_between_elliptical,True
10364,in_between_elliptical,in_between_elliptical,True
68239,in_between_elliptical,in_between_elliptical,True
104078,in_between_elliptical,in_between_elliptical,True
15029,in_between_elliptical,in_between_elliptical,True
185345,in_between_elliptical,in_between_elliptical,True
213193,in_between_elliptical,in_between_elliptical,True
163248,in_between_elliptical,in_between_elliptical,True
13863,in_between_elliptical,in_between_elliptical,True
60282,in_between_elliptical,in_between_elliptical,True
117148,in_between_elliptical,in_between_elliptical,True
82599,in_between_elliptical,in_between_elliptical,True
28688,in_between_elliptical,in_between_elliptical,True
27660,in_between_elliptical,in_between_elliptical,True
217611,in_between_elliptical,round_elliptical,False
285982,in_between_elliptical,in_between_elliptical,True
149623,in_between_elliptical,in_between_elliptical,True
176995,in_between_elliptical,in_between_elliptical,True
242706,in_between_elliptical,in_between_elliptical,True
55630,in_between_elliptical,unbarred_spirals,False
226108,in_between_elliptical,unbarred_spirals,False
87304,in_between_elliptical,in_between_elliptical,True
20252,in_between_elliptical,in_between_elliptical,True
138867,in_between_elliptical,in_between_elliptical,True
113302,in_between_elliptical,in_between_elliptical,True
262179,in_between_elliptical,in_between_elliptical,True
218177,in_between_elliptical,in_between_elliptical,True
10858,in_between_elliptical,in_between_elliptical,True
48425,in_between_elliptical,in_between_elliptical,True
284127,in_between_elliptical,round_elliptical,False
150137,in_between_elliptical,in_between_elliptical,True
52853,in_between_elliptical,in_between_elliptical,True
164804,in_between_elliptical,in_between_elliptical,True
243052,in_between_elliptical,in_between_elliptical,True
284154,in_between_elliptical,in_between_elliptical,True
154639,in_between_elliptical,in_between_elliptical,True
229375,in_between_elliptical,round_elliptical,False
166460,in_between_elliptical,in_between_elliptical,True
107163,in_between_elliptical,in_between_elliptical,True
131783,in_between_elliptical,in_between_elliptical,True
117701,in_between_elliptical,in_between_elliptical,True
16605,in_between_elliptical,in_between_elliptical,True
54142,in_between_elliptical,in_between_elliptical,True
76286,in_between_elliptical,round_elliptical,False
255535,in_between_elliptical,in_between_elliptical,True
52823,in_between_elliptical,in_between_elliptical,True
230001,in_between_elliptical,in_between_elliptical,True
69475,in_between_elliptical,merger,False
85855,in_between_elliptical,in_between_elliptical,True
182353,in_between_elliptical,in_between_elliptical,True
164125,in_between_elliptical,in_between_elliptical,True
106479,in_between_elliptical,in_between_elliptical,True
88746,in_between_elliptical,in_between_elliptical,True
65180,in_between_elliptical,in_between_elliptical,True
177252,in_between_elliptical,in_between_elliptical,True
70695,in_between_elliptical,in_between_elliptical,True
159188,in_between_elliptical,round_elliptical,False
26944,in_between_elliptical,round_elliptical,False
192796,in_between_elliptical,cigar_shaped_elliptical,False
118172,in_between_elliptical,in_between_elliptical,True
72264,in_between_elliptical,in_between_elliptical,True
85296,in_between_elliptical,round_elliptical,False
285521,in_between_elliptical,in_between_elliptical,True
212652,in_between_elliptical,in_between_elliptical,True
177162,in_between_elliptical,in_between_elliptical,True
110842,in_between_elliptical,in_between_elliptical,True
293323,in_between_elliptical,in_between_elliptical,True
142833,in_between_elliptical,round_elliptical,False
56417,in_between_elliptical,in_between_elliptical,True
227800,in_between_elliptical,in_between_elliptical,True
260551,in_between_elliptical,in_between_elliptical,True
17349,in_between_elliptical,in_between_elliptical,True
25700,in_between_elliptical,in_between_elliptical,True
23146,in_between_elliptical,in_between_elliptical,True
257904,in_between_elliptical,unbarred_spirals,False
65740,in_between_elliptical,cigar_shaped_elliptical,False
58006,in_between_elliptical,in_between_elliptical,True
105923,in_between_elliptical,in_between_elliptical,True
199355,in_between_elliptical,in_between_elliptical,True
140180,in_between_elliptical,irregular,False
56660,in_between_elliptical,in_between_elliptical,True
15282,in_between_elliptical,in_between_elliptical,True
70094,in_between_elliptical,in_between_elliptical,True
107550,in_between_elliptical,in_between_elliptical,True
78866,in_between_elliptical,in_between_elliptical,True
234583,in_between_elliptical,in_between_elliptical,True
200028,in_between_elliptical,in_between_elliptical,True
157478,in_between_elliptical,in_between_elliptical,True
178742,in_between_elliptical,in_between_elliptical,True
65107,in_between_elliptical,in_between_elliptical,True
166854,in_between_elliptical,in_between_elliptical,True
164970,in_between_elliptical,merger,False
33133,in_between_elliptical,in_between_elliptical,True
198929,in_between_elliptical,in_between_elliptical,True
162139,in_between_elliptical,irregular,False
78906,in_between_elliptical,round_elliptical,False
209558,in_between_elliptical,unbarred_spirals,False
65625,in_between_elliptical,in_between_elliptical,True
17943,in_between_elliptical,in_between_elliptical,True
183751,in_between_elliptical,in_between_elliptical,True
227234,in_between_elliptical,in_between_elliptical,True
4005,in_between_elliptical,in_between_elliptical,True
54468,in_between_elliptical,round_elliptical,False
164722,in_between_elliptical,in_between_elliptical,True
109943,in_between_elliptical,in_between_elliptical,True
76737,in_between_elliptical,round_elliptical,False
48363,in_between_elliptical,unbarred_spirals,False
114129,in_between_elliptical,in_between_elliptical,True
151337,in_between_elliptical,in_between_elliptical,True
22095,in_between_elliptical,in_between_elliptical,True
275111,in_between_elliptical,unbarred_spirals,False
57679,in_between_elliptical,in_between_elliptical,True
14204,in_between_elliptical,round_elliptical,False
68158,in_between_elliptical,unbarred_spirals,False
25525,in_between_elliptical,in_between_elliptical,True
110436,in_between_elliptical,in_between_elliptical,True
140169,in_between_elliptical,in_between_elliptical,True
20510,in_between_elliptical,in_between_elliptical,True
191452,in_between_elliptical,in_between_elliptical,True
255025,in_between_elliptical,in_between_elliptical,True
266687,in_between_elliptical,irregular,False
66657,in_between_elliptical,in_between_elliptical,True
186678,in_between_elliptical,in_between_elliptical,True
108076,in_between_elliptical,in_between_elliptical,True
264044,in_between_elliptical,round_elliptical,False
155127,in_between_elliptical,in_between_elliptical,True
264470,in_between_elliptical,in_between_elliptical,True
85931,in_between_elliptical,in_between_elliptical,True
273191,in_between_elliptical,round_elliptical,False
34434,in_between_elliptical,irregular,False
22042,in_between_elliptical,in_between_elliptical,True
150289,in_between_elliptical,round_elliptical,False
250403,in_between_elliptical,in_between_elliptical,True
216317,in_between_elliptical,in_between_elliptical,True
171552,in_between_elliptical,in_between_elliptical,True
96570,in_between_elliptical,in_between_elliptical,True
32639,in_between_elliptical,in_between_elliptical,True
203341,in_between_elliptical,in_between_elliptical,True
87750,in_between_elliptical,round_elliptical,False
134085,in_between_elliptical,in_between_elliptical,True
140494,in_between_elliptical,in_between_elliptical,True
55427,in_between_elliptical,in_between_elliptical,True
28572,in_between_elliptical,in_between_elliptical,True
236379,in_between_elliptical,round_elliptical,False
191451,in_between_elliptical,in_between_elliptical,True
51849,in_between_elliptical,in_between_elliptical,True
62757,in_between_elliptical,in_between_elliptical,True
80051,in_between_elliptical,in_between_elliptical,True
74736,in_between_elliptical,barred_spirals,False
13680,in_between_elliptical,in_between_elliptical,True
217081,in_between_elliptical,unbarred_spirals,False
11025,in_between_elliptical,round_elliptical,False
285890,in_between_elliptical,in_between_elliptical,True
176848,in_between_elliptical,in_between_elliptical,True
160867,in_between_elliptical,unbarred_spirals,False
225699,in_between_elliptical,unbarred_spirals,False
258392,in_between_elliptical,in_between_elliptical,True
98920,in_between_elliptical,in_between_elliptical,True
70043,in_between_elliptical,unbarred_spirals,False
142172,in_between_elliptical,round_elliptical,False
215635,in_between_elliptical,in_between_elliptical,True
122232,in_between_elliptical,in_between_elliptical,True
197334,in_between_elliptical,in_between_elliptical,True
208817,in_between_elliptical,in_between_elliptical,True
33485,in_between_elliptical,in_between_elliptical,True
293935,in_between_elliptical,in_between_elliptical,True
135983,in_between_elliptical,in_between_elliptical,True
135287,in_between_elliptical,round_elliptical,False
118779,in_between_elliptical,in_between_elliptical,True
233947,in_between_elliptical,in_between_elliptical,True
227930,in_between_elliptical,in_between_elliptical,True
170075,in_between_elliptical,merger,False
200376,in_between_elliptical,irregular,False
120047,in_between_elliptical,in_between_elliptical,True
155479,in_between_elliptical,cigar_shaped_elliptical,False
35098,in_between_elliptical,in_between_elliptical,True
13403,in_between_elliptical,irregular,False
142669,in_between_elliptical,in_between_elliptical,True
77226,in_between_elliptical,in_between_elliptical,True
259844,in_between_elliptical,in_between_elliptical,True
240583,in_between_elliptical,in_between_elliptical,True
234207,in_between_elliptical,in_between_elliptical,True
71038,in_between_elliptical,in_between_elliptical,True
157605,in_between_elliptical,round_elliptical,False
226871,in_between_elliptical,in_between_elliptical,True
41230,in_between_elliptical,in_between_elliptical,True
436,in_between_elliptical,in_between_elliptical,True
193060,in_between_elliptical,in_between_elliptical,True
198884,in_between_elliptical,in_between_elliptical,True
92364,in_between_elliptical,in_between_elliptical,True
268465,in_between_elliptical,in_between_elliptical,True
116545,in_between_elliptical,in_between_elliptical,True
50478,in_between_elliptical,cigar_shaped_elliptical,False
122983,in_between_elliptical,in_between_elliptical,True
47513,in_between_elliptical,unbarred_spirals,False
211945,in_between_elliptical,in_between_elliptical,True
227576,in_between_elliptical,in_between_elliptical,True
148668,in_between_elliptical,in_between_elliptical,True
85537,in_between_elliptical,in_between_elliptical,True
153676,in_between_elliptical,in_between_elliptical,True
175046,in_between_elliptical,barred_spirals,False
19312,in_between_elliptical,unbarred_spirals,False
62989,in_between_elliptical,in_between_elliptical,True
168892,in_between_elliptical,in_between_elliptical,True
96443,in_between_elliptical,in_between_elliptical,True
278033,in_between_elliptical,unbarred_spirals,False
16836,in_between_elliptical,in_between_elliptical,True
90394,in_between_elliptical,in_between_elliptical,True
173921,in_between_elliptical,in_between_elliptical,True
165430,in_between_elliptical,in_between_elliptical,True
145133,in_between_elliptical,cigar_shaped_elliptical,False
97460,in_between_elliptical,in_between_elliptical,True
57325,in_between_elliptical,round_elliptical,False
148332,in_between_elliptical,in_between_elliptical,True
108979,in_between_elliptical,in_between_elliptical,True
224229,in_between_elliptical,in_between_elliptical,True
67578,in_between_elliptical,in_between_elliptical,True
176558,in_between_elliptical,in_between_elliptical,True
29859,in_between_elliptical,in_between_elliptical,True
40906,in_between_elliptical,round_elliptical,False
155122,in_between_elliptical,in_between_elliptical,True
229996,in_between_elliptical,in_between_elliptical,True
150030,in_between_elliptical,in_between_elliptical,True
136660,in_between_elliptical,in_between_elliptical,True
53058,in_between_elliptical,in_between_elliptical,True
86139,in_between_elliptical,irregular,False
88818,in_between_elliptical,in_between_elliptical,True
108388,in_between_elliptical,in_between_elliptical,True
119203,in_between_elliptical,in_between_elliptical,True
102979,in_between_elliptical,in_between_elliptical,True
68822,in_between_elliptical,barred_spirals,False
212407,in_between_elliptical,round_elliptical,False
39976,in_between_elliptical,in_between_elliptical,True
250945,in_between_elliptical,in_between_elliptical,True
228491,in_between_elliptical,unbarred_spirals,False
117373,in_between_elliptical,in_between_elliptical,True
2762,in_between_elliptical,in_between_elliptical,True
91547,in_between_elliptical,unbarred_spirals,False
216992,in_between_elliptical,unbarred_spirals,False
267566,in_between_elliptical,in_between_elliptical,True
260480,in_between_elliptical,in_between_elliptical,True
257683,in_between_elliptical,in_between_elliptical,True
141737,in_between_elliptical,round_elliptical,False
116731,in_between_elliptical,in_between_elliptical,True
258328,in_between_elliptical,round_elliptical,False
34613,in_between_elliptical,round_elliptical,False
80874,in_between_elliptical,in_between_elliptical,True
20374,in_between_elliptical,in_between_elliptical,True
161176,in_between_elliptical,in_between_elliptical,True
254839,in_between_elliptical,in_between_elliptical,True
56837,in_between_elliptical,in_between_elliptical,True
26371,in_between_elliptical,in_between_elliptical,True
186896,in_between_elliptical,in_between_elliptical,True
217243,in_between_elliptical,in_between_elliptical,True
174492,in_between_elliptical,in_between_elliptical,True
254322,in_between_elliptical,round_elliptical,False
98523,in_between_elliptical,in_between_elliptical,True
116455,in_between_elliptical,in_between_elliptical,True
19697,in_between_elliptical,in_between_elliptical,True
52711,in_between_elliptical,in_between_elliptical,True
100350,in_between_elliptical,unbarred_spirals,False
163467,in_between_elliptical,round_elliptical,False
57135,in_between_elliptical,in_between_elliptical,True
247651,in_between_elliptical,unbarred_spirals,False
235872,in_between_elliptical,in_between_elliptical,True
109733,in_between_elliptical,cigar_shaped_elliptical,False
145041,in_between_elliptical,in_between_elliptical,True
198659,in_between_elliptical,in_between_elliptical,True
213304,in_between_elliptical,in_between_elliptical,True
188652,in_between_elliptical,in_between_elliptical,True
4911,in_between_elliptical,in_between_elliptical,True
16867,in_between_elliptical,in_between_elliptical,True
230160,in_between_elliptical,in_between_elliptical,True
49181,in_between_elliptical,in_between_elliptical,True
231662,in_between_elliptical,round_elliptical,False
211239,in_between_elliptical,in_between_elliptical,True
242923,in_between_elliptical,in_between_elliptical,True
166341,in_between_elliptical,in_between_elliptical,True
61462,in_between_elliptical,in_between_elliptical,True
275833,in_between_elliptical,in_between_elliptical,True
20632,in_between_elliptical,in_between_elliptical,True
216445,in_between_elliptical,in_between_elliptical,True
212710,in_between_elliptical,in_between_elliptical,True
143400,in_between_elliptical,in_between_elliptical,True
84094,in_between_elliptical,merger,False
91217,in_between_elliptical,in_between_elliptical,True
81116,in_between_elliptical,in_between_elliptical,True
136286,in_between_elliptical,in_between_elliptical,True
205740,in_between_elliptical,in_between_elliptical,True
13373,in_between_elliptical,in_between_elliptical,True
153583,in_between_elliptical,in_between_elliptical,True
86678,in_between_elliptical,in_between_elliptical,True
127410,in_between_elliptical,round_elliptical,False
7331,in_between_elliptical,in_between_elliptical,True
181516,in_between_elliptical,in_between_elliptical,True
154471,in_between_elliptical,in_between_elliptical,True
71976,in_between_elliptical,in_between_elliptical,True
222813,in_between_elliptical,in_between_elliptical,True
101079,in_between_elliptical,in_between_elliptical,True
160322,in_between_elliptical,in_between_elliptical,True
113662,in_between_elliptical,in_between_elliptical,True
128235,in_between_elliptical,in_between_elliptical,True
249940,in_between_elliptical,irregular,False
199644,in_between_elliptical,round_elliptical,False
179951,in_between_elliptical,irregular,False
37809,in_between_elliptical,in_between_elliptical,True
266404,in_between_elliptical,irregular,False
209578,in_between_elliptical,in_between_elliptical,True
110086,in_between_elliptical,in_between_elliptical,True
148793,in_between_elliptical,in_between_elliptical,True
126558,in_between_elliptical,round_elliptical,False
228873,in_between_elliptical,in_between_elliptical,True
39327,in_between_elliptical,irregular,False
283766,in_between_elliptical,cigar_shaped_elliptical,False
245485,in_between_elliptical,in_between_elliptical,True
238867,in_between_elliptical,in_between_elliptical,True
8734,in_between_elliptical,round_elliptical,False
121860,in_between_elliptical,in_between_elliptical,True
8832,in_between_elliptical,in_between_elliptical,True
161999,in_between_elliptical,in_between_elliptical,True
81986,in_between_elliptical,in_between_elliptical,True
207356,in_between_elliptical,in_between_elliptical,True
126415,in_between_elliptical,in_between_elliptical,True
226907,in_between_elliptical,in_between_elliptical,True
238893,in_between_elliptical,unbarred_spirals,False
205927,in_between_elliptical,in_between_elliptical,True
16387,in_between_elliptical,in_between_elliptical,True
131782,in_between_elliptical,unbarred_spirals,False
235247,in_between_elliptical,in_between_elliptical,True
140675,in_between_elliptical,in_between_elliptical,True
145103,in_between_elliptical,round_elliptical,False
135340,in_between_elliptical,in_between_elliptical,True
293631,in_between_elliptical,in_between_elliptical,True
244635,in_between_elliptical,in_between_elliptical,True
178602,in_between_elliptical,in_between_elliptical,True
225676,in_between_elliptical,round_elliptical,False
228869,in_between_elliptical,in_between_elliptical,True
193722,in_between_elliptical,round_elliptical,False
280222,in_between_elliptical,in_between_elliptical,True
47898,in_between_elliptical,in_between_elliptical,True
177185,in_between_elliptical,irregular,False
111723,in_between_elliptical,in_between_elliptical,True
44865,in_between_elliptical,in_between_elliptical,True
127291,in_between_elliptical,in_between_elliptical,True
91112,in_between_elliptical,in_between_elliptical,True
93480,in_between_elliptical,round_elliptical,False
285771,in_between_elliptical,in_between_elliptical,True
259630,in_between_elliptical,in_between_elliptical,True
176821,in_between_elliptical,in_between_elliptical,True
222857,in_between_elliptical,in_between_elliptical,True
207003,in_between_elliptical,in_between_elliptical,True
185328,in_between_elliptical,in_between_elliptical,True
171961,in_between_elliptical,in_between_elliptical,True
184859,in_between_elliptical,in_between_elliptical,True
57276,in_between_elliptical,in_between_elliptical,True
198926,in_between_elliptical,in_between_elliptical,True
85249,in_between_elliptical,in_between_elliptical,True
292743,in_between_elliptical,merger,False
132606,in_between_elliptical,in_between_elliptical,True
185139,in_between_elliptical,in_between_elliptical,True
134212,in_between_elliptical,in_between_elliptical,True
239403,in_between_elliptical,in_between_elliptical,True
69125,in_between_elliptical,in_between_elliptical,True
134279,in_between_elliptical,in_between_elliptical,True
228057,in_between_elliptical,in_between_elliptical,True
272895,in_between_elliptical,in_between_elliptical,True
220416,in_between_elliptical,in_between_elliptical,True
173780,in_between_elliptical,in_between_elliptical,True
89028,in_between_elliptical,in_between_elliptical,True
275203,in_between_elliptical,in_between_elliptical,True
75940,in_between_elliptical,round_elliptical,False
241858,in_between_elliptical,in_between_elliptical,True
117945,in_between_elliptical,in_between_elliptical,True
1050,in_between_elliptical,in_between_elliptical,True
239462,in_between_elliptical,in_between_elliptical,True
85600,in_between_elliptical,in_between_elliptical,True
124534,in_between_elliptical,in_between_elliptical,True
252170,in_between_elliptical,in_between_elliptical,True
882,in_between_elliptical,round_elliptical,False
127350,in_between_elliptical,in_between_elliptical,True
219887,in_between_elliptical,in_between_elliptical,True
273381,in_between_elliptical,in_between_elliptical,True
36424,in_between_elliptical,in_between_elliptical,True
173963,in_between_elliptical,irregular,False
150638,in_between_elliptical,in_between_elliptical,True
106542,in_between_elliptical,in_between_elliptical,True
116599,in_between_elliptical,in_between_elliptical,True
213385,in_between_elliptical,in_between_elliptical,True
23027,in_between_elliptical,in_between_elliptical,True
208449,in_between_elliptical,cigar_shaped_elliptical,False
84426,in_between_elliptical,in_between_elliptical,True
234870,in_between_elliptical,in_between_elliptical,True
179983,in_between_elliptical,in_between_elliptical,True
174533,in_between_elliptical,in_between_elliptical,True
208899,in_between_elliptical,in_between_elliptical,True
1005,in_between_elliptical,in_between_elliptical,True
203545,in_between_elliptical,in_between_elliptical,True
184876,in_between_elliptical,cigar_shaped_elliptical,False
63856,in_between_elliptical,in_between_elliptical,True
155000,in_between_elliptical,in_between_elliptical,True
46445,in_between_elliptical,in_between_elliptical,True
109631,in_between_elliptical,in_between_elliptical,True
58689,in_between_elliptical,in_between_elliptical,True
187748,in_between_elliptical,cigar_shaped_elliptical,False
76146,in_between_elliptical,in_between_elliptical,True
230892,in_between_elliptical,in_between_elliptical,True
128709,in_between_elliptical,in_between_elliptical,True
118718,in_between_elliptical,in_between_elliptical,True
249340,in_between_elliptical,in_between_elliptical,True
198691,in_between_elliptical,in_between_elliptical,True
87704,in_between_elliptical,round_elliptical,False
117588,in_between_elliptical,round_elliptical,False
88272,in_between_elliptical,in_between_elliptical,True
212556,in_between_elliptical,round_elliptical,False
127935,in_between_elliptical,round_elliptical,False
27535,in_between_elliptical,in_between_elliptical,True
204615,in_between_elliptical,round_elliptical,False
262310,in_between_elliptical,in_between_elliptical,True
114245,in_between_elliptical,in_between_elliptical,True
253032,in_between_elliptical,irregular,False
167328,in_between_elliptical,round_elliptical,False
107370,in_between_elliptical,round_elliptical,False
122927,in_between_elliptical,unbarred_spirals,False
96887,in_between_elliptical,in_between_elliptical,True
175594,in_between_elliptical,in_between_elliptical,True
102188,in_between_elliptical,in_between_elliptical,True
9662,in_between_elliptical,irregular,False
283476,in_between_elliptical,in_between_elliptical,True
201745,in_between_elliptical,in_between_elliptical,True
86092,in_between_elliptical,in_between_elliptical,True
46546,in_between_elliptical,in_between_elliptical,True
219025,in_between_elliptical,in_between_elliptical,True
258353,in_between_elliptical,cigar_shaped_elliptical,False
125649,in_between_elliptical,round_elliptical,False
190873,in_between_elliptical,in_between_elliptical,True
226252,in_between_elliptical,in_between_elliptical,True
143486,in_between_elliptical,cigar_shaped_elliptical,False
171340,in_between_elliptical,round_elliptical,False
251613,in_between_elliptical,unbarred_spirals,False
78630,in_between_elliptical,in_between_elliptical,True
140049,in_between_elliptical,unbarred_spirals,False
17501,in_between_elliptical,in_between_elliptical,True
269234,in_between_elliptical,in_between_elliptical,True
231678,in_between_elliptical,cigar_shaped_elliptical,False
169153,in_between_elliptical,in_between_elliptical,True
265587,in_between_elliptical,unbarred_spirals,False
108907,in_between_elliptical,unbarred_spirals,False
62235,in_between_elliptical,unbarred_spirals,False
22211,in_between_elliptical,in_between_elliptical,True
107563,in_between_elliptical,in_between_elliptical,True
88339,in_between_elliptical,in_between_elliptical,True
132352,in_between_elliptical,in_between_elliptical,True
58954,in_between_elliptical,in_between_elliptical,True
177678,in_between_elliptical,in_between_elliptical,True
152324,in_between_elliptical,round_elliptical,False
40854,in_between_elliptical,in_between_elliptical,True
140159,in_between_elliptical,in_between_elliptical,True
50640,in_between_elliptical,in_between_elliptical,True
232746,in_between_elliptical,in_between_elliptical,True
89527,in_between_elliptical,in_between_elliptical,True
89600,in_between_elliptical,in_between_elliptical,True
219806,in_between_elliptical,round_elliptical,False
183828,in_between_elliptical,in_between_elliptical,True
80557,in_between_elliptical,in_between_elliptical,True
31381,in_between_elliptical,in_between_elliptical,True
144558,in_between_elliptical,in_between_elliptical,True
117591,in_between_elliptical,in_between_elliptical,True
107056,in_between_elliptical,in_between_elliptical,True
103605,in_between_elliptical,in_between_elliptical,True
160720,in_between_elliptical,unbarred_spirals,False
183930,in_between_elliptical,in_between_elliptical,True
154615,in_between_elliptical,in_between_elliptical,True
277207,in_between_elliptical,in_between_elliptical,True
93671,in_between_elliptical,in_between_elliptical,True
115549,in_between_elliptical,in_between_elliptical,True
109490,in_between_elliptical,in_between_elliptical,True
232192,in_between_elliptical,in_between_elliptical,True
61268,in_between_elliptical,in_between_elliptical,True
50321,in_between_elliptical,in_between_elliptical,True
191688,in_between_elliptical,in_between_elliptical,True
33286,in_between_elliptical,in_between_elliptical,True
261867,in_between_elliptical,in_between_elliptical,True
246384,in_between_elliptical,unbarred_spirals,False
157549,in_between_elliptical,in_between_elliptical,True
35248,in_between_elliptical,in_between_elliptical,True
47636,in_between_elliptical,merger,False
35485,in_between_elliptical,in_between_elliptical,True
210806,in_between_elliptical,in_between_elliptical,True
250808,in_between_elliptical,unbarred_spirals,False
139174,in_between_elliptical,in_between_elliptical,True
134394,in_between_elliptical,cigar_shaped_elliptical,False
125549,in_between_elliptical,in_between_elliptical,True
236695,in_between_elliptical,in_between_elliptical,True
195985,in_between_elliptical,in_between_elliptical,True
263452,in_between_elliptical,cigar_shaped_elliptical,False
5266,in_between_elliptical,in_between_elliptical,True
73498,in_between_elliptical,in_between_elliptical,True
194503,in_between_elliptical,in_between_elliptical,True
109781,in_between_elliptical,in_between_elliptical,True
86177,in_between_elliptical,in_between_elliptical,True
163941,in_between_elliptical,in_between_elliptical,True
154146,in_between_elliptical,in_between_elliptical,True
281729,in_between_elliptical,in_between_elliptical,True
175740,in_between_elliptical,in_between_elliptical,True
222306,in_between_elliptical,in_between_elliptical,True
14644,in_between_elliptical,in_between_elliptical,True
79052,in_between_elliptical,in_between_elliptical,True
119895,in_between_elliptical,in_between_elliptical,True
46087,in_between_elliptical,in_between_elliptical,True
113124,in_between_elliptical,in_between_elliptical,True
266094,in_between_elliptical,in_between_elliptical,True
30964,in_between_elliptical,in_between_elliptical,True
51145,in_between_elliptical,unbarred_spirals,False
53931,in_between_elliptical,in_between_elliptical,True
66360,in_between_elliptical,in_between_elliptical,True
222998,in_between_elliptical,round_elliptical,False
17598,in_between_elliptical,round_elliptical,False
111242,in_between_elliptical,in_between_elliptical,True
119247,in_between_elliptical,in_between_elliptical,True
56770,in_between_elliptical,in_between_elliptical,True
143055,in_between_elliptical,cigar_shaped_elliptical,False
206980,in_between_elliptical,in_between_elliptical,True
88264,in_between_elliptical,in_between_elliptical,True
1909,in_between_elliptical,in_between_elliptical,True
56297,in_between_elliptical,cigar_shaped_elliptical,False
142812,in_between_elliptical,in_between_elliptical,True
31537,in_between_elliptical,in_between_elliptical,True
234255,in_between_elliptical,in_between_elliptical,True
169404,in_between_elliptical,unbarred_spirals,False
141168,in_between_elliptical,in_between_elliptical,True
124177,in_between_elliptical,round_elliptical,False
206594,in_between_elliptical,in_between_elliptical,True
180563,in_between_elliptical,in_between_elliptical,True
36460,in_between_elliptical,barred_spirals,False
165023,in_between_elliptical,in_between_elliptical,True
84066,in_between_elliptical,in_between_elliptical,True
127693,in_between_elliptical,in_between_elliptical,True
53907,in_between_elliptical,in_between_elliptical,True
124158,in_between_elliptical,in_between_elliptical,True
113628,in_between_elliptical,in_between_elliptical,True
122310,in_between_elliptical,in_between_elliptical,True
65136,in_between_elliptical,in_between_elliptical,True
85083,in_between_elliptical,round_elliptical,False
256476,in_between_elliptical,in_between_elliptical,True
82048,in_between_elliptical,in_between_elliptical,True
15543,in_between_elliptical,in_between_elliptical,True
141491,in_between_elliptical,in_between_elliptical,True
264563,in_between_elliptical,in_between_elliptical,True
154926,in_between_elliptical,in_between_elliptical,True
154278,in_between_elliptical,in_between_elliptical,True
204065,in_between_elliptical,in_between_elliptical,True
52692,in_between_elliptical,in_between_elliptical,True
207399,in_between_elliptical,in_between_elliptical,True
129152,in_between_elliptical,in_between_elliptical,True
175172,in_between_elliptical,in_between_elliptical,True
67747,in_between_elliptical,in_between_elliptical,True
126036,in_between_elliptical,round_elliptical,False
181887,in_between_elliptical,in_between_elliptical,True
158487,in_between_elliptical,in_between_elliptical,True
71470,in_between_elliptical,in_between_elliptical,True
189058,in_between_elliptical,in_between_elliptical,True
214034,in_between_elliptical,in_between_elliptical,True
217302,in_between_elliptical,in_between_elliptical,True
152308,in_between_elliptical,in_between_elliptical,True
135458,in_between_elliptical,in_between_elliptical,True
1813,in_between_elliptical,round_elliptical,False
236401,in_between_elliptical,in_between_elliptical,True
153185,in_between_elliptical,in_between_elliptical,True
187159,in_between_elliptical,round_elliptical,False
95242,in_between_elliptical,in_between_elliptical,True
148829,in_between_elliptical,in_between_elliptical,True
285382,in_between_elliptical,in_between_elliptical,True
228917,in_between_elliptical,in_between_elliptical,True
176262,in_between_elliptical,in_between_elliptical,True
107045,in_between_elliptical,in_between_elliptical,True
252242,in_between_elliptical,in_between_elliptical,True
278041,in_between_elliptical,in_between_elliptical,True
134676,in_between_elliptical,unbarred_spirals,False
265835,in_between_elliptical,unbarred_spirals,False
144799,in_between_elliptical,round_elliptical,False
187249,in_between_elliptical,in_between_elliptical,True
188114,in_between_elliptical,in_between_elliptical,True
216398,in_between_elliptical,in_between_elliptical,True
106410,in_between_elliptical,in_between_elliptical,True
10779,in_between_elliptical,in_between_elliptical,True
103587,in_between_elliptical,in_between_elliptical,True
176643,in_between_elliptical,merger,False
241796,in_between_elliptical,in_between_elliptical,True
56969,in_between_elliptical,in_between_elliptical,True
130910,in_between_elliptical,in_between_elliptical,True
159043,in_between_elliptical,unbarred_spirals,False
48443,in_between_elliptical,unbarred_spirals,False
143277,in_between_elliptical,in_between_elliptical,True
157470,in_between_elliptical,in_between_elliptical,True
286402,in_between_elliptical,in_between_elliptical,True
126838,in_between_elliptical,in_between_elliptical,True
164733,in_between_elliptical,round_elliptical,False
117135,in_between_elliptical,in_between_elliptical,True
234732,in_between_elliptical,in_between_elliptical,True
47739,in_between_elliptical,in_between_elliptical,True
234097,in_between_elliptical,in_between_elliptical,True
238398,in_between_elliptical,irregular,False
161696,in_between_elliptical,in_between_elliptical,True
220907,in_between_elliptical,unbarred_spirals,False
181304,in_between_elliptical,in_between_elliptical,True
171241,in_between_elliptical,in_between_elliptical,True
115597,in_between_elliptical,in_between_elliptical,True
214627,in_between_elliptical,round_elliptical,False
219314,in_between_elliptical,in_between_elliptical,True
188670,in_between_elliptical,in_between_elliptical,True
173426,in_between_elliptical,in_between_elliptical,True
165717,in_between_elliptical,in_between_elliptical,True
110526,in_between_elliptical,in_between_elliptical,True
85385,in_between_elliptical,round_elliptical,False
119441,in_between_elliptical,barred_spirals,False
157496,in_between_elliptical,in_between_elliptical,True
197038,in_between_elliptical,in_between_elliptical,True
67292,in_between_elliptical,in_between_elliptical,True
247632,in_between_elliptical,in_between_elliptical,True
245587,in_between_elliptical,in_between_elliptical,True
61767,in_between_elliptical,in_between_elliptical,True
156356,in_between_elliptical,in_between_elliptical,True
4341,in_between_elliptical,in_between_elliptical,True
236502,in_between_elliptical,in_between_elliptical,True
28123,in_between_elliptical,in_between_elliptical,True
229309,in_between_elliptical,in_between_elliptical,True
26669,in_between_elliptical,in_between_elliptical,True
242812,in_between_elliptical,in_between_elliptical,True
282556,in_between_elliptical,in_between_elliptical,True
162240,in_between_elliptical,in_between_elliptical,True
49661,in_between_elliptical,cigar_shaped_elliptical,False
81048,in_between_elliptical,in_between_elliptical,True
65538,in_between_elliptical,in_between_elliptical,True
134160,in_between_elliptical,in_between_elliptical,True
258826,in_between_elliptical,in_between_elliptical,True
176451,in_between_elliptical,in_between_elliptical,True
201351,in_between_elliptical,in_between_elliptical,True
10901,in_between_elliptical,in_between_elliptical,True
41836,in_between_elliptical,in_between_elliptical,True
230440,in_between_elliptical,in_between_elliptical,True
130784,in_between_elliptical,in_between_elliptical,True
74075,in_between_elliptical,in_between_elliptical,True
225218,in_between_elliptical,in_between_elliptical,True
40458,in_between_elliptical,in_between_elliptical,True
35510,in_between_elliptical,in_between_elliptical,True
36813,in_between_elliptical,merger,False
223423,in_between_elliptical,in_between_elliptical,True
169164,in_between_elliptical,in_between_elliptical,True
167279,in_between_elliptical,cigar_shaped_elliptical,False
284611,in_between_elliptical,in_between_elliptical,True
171913,in_between_elliptical,in_between_elliptical,True
234647,in_between_elliptical,round_elliptical,False
19269,in_between_elliptical,in_between_elliptical,True
156175,in_between_elliptical,in_between_elliptical,True
62884,in_between_elliptical,in_between_elliptical,True
25956,in_between_elliptical,in_between_elliptical,True
221614,in_between_elliptical,in_between_elliptical,True
241795,in_between_elliptical,in_between_elliptical,True
198921,in_between_elliptical,in_between_elliptical,True
232920,in_between_elliptical,in_between_elliptical,True
23148,in_between_elliptical,round_elliptical,False
55456,in_between_elliptical,in_between_elliptical,True
151712,in_between_elliptical,in_between_elliptical,True
138666,in_between_elliptical,in_between_elliptical,True
217738,in_between_elliptical,round_elliptical,False
71474,in_between_elliptical,in_between_elliptical,True
186715,in_between_elliptical,in_between_elliptical,True
175987,in_between_elliptical,in_between_elliptical,True
2321,in_between_elliptical,in_between_elliptical,True
261382,in_between_elliptical,in_between_elliptical,True
150365,in_between_elliptical,in_between_elliptical,True
241578,in_between_elliptical,in_between_elliptical,True
139546,in_between_elliptical,in_between_elliptical,True
19313,in_between_elliptical,in_between_elliptical,True
68688,in_between_elliptical,cigar_shaped_elliptical,False
166230,in_between_elliptical,in_between_elliptical,True
295270,in_between_elliptical,cigar_shaped_elliptical,False
26801,in_between_elliptical,round_elliptical,False
136410,in_between_elliptical,in_between_elliptical,True
76663,in_between_elliptical,in_between_elliptical,True
156609,in_between_elliptical,cigar_shaped_elliptical,False
188522,in_between_elliptical,in_between_elliptical,True
34844,in_between_elliptical,in_between_elliptical,True
161956,in_between_elliptical,in_between_elliptical,True
47141,in_between_elliptical,in_between_elliptical,True
4347,in_between_elliptical,round_elliptical,False
2508,in_between_elliptical,in_between_elliptical,True
209449,in_between_elliptical,in_between_elliptical,True
81892,in_between_elliptical,in_between_elliptical,True
264861,in_between_elliptical,irregular,False
57756,in_between_elliptical,in_between_elliptical,True
206604,in_between_elliptical,in_between_elliptical,True
30541,in_between_elliptical,in_between_elliptical,True
241792,in_between_elliptical,in_between_elliptical,True
37967,in_between_elliptical,in_between_elliptical,True
242560,in_between_elliptical,in_between_elliptical,True
277433,in_between_elliptical,in_between_elliptical,True
291366,in_between_elliptical,in_between_elliptical,True
187864,in_between_elliptical,round_elliptical,False
113202,in_between_elliptical,unbarred_spirals,False
277154,in_between_elliptical,barred_spirals,False
180006,in_between_elliptical,in_between_elliptical,True
212313,in_between_elliptical,in_between_elliptical,True
33623,in_between_elliptical,in_between_elliptical,True
114725,in_between_elliptical,in_between_elliptical,True
2181,in_between_elliptical,barred_spirals,False
125553,in_between_elliptical,cigar_shaped_elliptical,False
245579,in_between_elliptical,cigar_shaped_elliptical,False
43768,in_between_elliptical,cigar_shaped_elliptical,False
88574,in_between_elliptical,in_between_elliptical,True
57875,in_between_elliptical,in_between_elliptical,True
144025,in_between_elliptical,in_between_elliptical,True
209817,in_between_elliptical,in_between_elliptical,True
200603,in_between_elliptical,in_between_elliptical,True
166098,in_between_elliptical,cigar_shaped_elliptical,False
142621,in_between_elliptical,in_between_elliptical,True
253768,in_between_elliptical,irregular,False
97119,in_between_elliptical,in_between_elliptical,True
203740,in_between_elliptical,unbarred_spirals,False
125316,in_between_elliptical,in_between_elliptical,True
73911,in_between_elliptical,in_between_elliptical,True
135930,in_between_elliptical,round_elliptical,False
184042,in_between_elliptical,in_between_elliptical,True
65845,in_between_elliptical,in_between_elliptical,True
133110,in_between_elliptical,in_between_elliptical,True
109627,in_between_elliptical,round_elliptical,False
82639,in_between_elliptical,in_between_elliptical,True
197810,in_between_elliptical,in_between_elliptical,True
125220,in_between_elliptical,in_between_elliptical,True
285551,in_between_elliptical,irregular,False
96077,in_between_elliptical,in_between_elliptical,True
95848,in_between_elliptical,unbarred_spirals,False
33725,in_between_elliptical,in_between_elliptical,True
252159,in_between_elliptical,irregular,False
207873,in_between_elliptical,in_between_elliptical,True
181238,in_between_elliptical,in_between_elliptical,True
225938,in_between_elliptical,in_between_elliptical,True
19131,in_between_elliptical,in_between_elliptical,True
83393,in_between_elliptical,in_between_elliptical,True
159077,in_between_elliptical,in_between_elliptical,True
23517,in_between_elliptical,in_between_elliptical,True
243816,in_between_elliptical,in_between_elliptical,True
55886,in_between_elliptical,in_between_elliptical,True
281716,in_between_elliptical,round_elliptical,False
121231,in_between_elliptical,in_between_elliptical,True
17337,in_between_elliptical,in_between_elliptical,True
39538,in_between_elliptical,round_elliptical,False
92447,in_between_elliptical,in_between_elliptical,True
70932,in_between_elliptical,in_between_elliptical,True
163275,in_between_elliptical,in_between_elliptical,True
126132,in_between_elliptical,in_between_elliptical,True
145222,in_between_elliptical,in_between_elliptical,True
109740,in_between_elliptical,in_between_elliptical,True
248177,in_between_elliptical,in_between_elliptical,True
17111,in_between_elliptical,irregular,False
148019,in_between_elliptical,cigar_shaped_elliptical,False
177431,in_between_elliptical,in_between_elliptical,True
181539,in_between_elliptical,round_elliptical,False
257224,in_between_elliptical,in_between_elliptical,True
79640,in_between_elliptical,in_between_elliptical,True
32654,in_between_elliptical,in_between_elliptical,True
35875,in_between_elliptical,in_between_elliptical,True
265277,in_between_elliptical,in_between_elliptical,True
260386,in_between_elliptical,in_between_elliptical,True
459,in_between_elliptical,in_between_elliptical,True
150065,in_between_elliptical,in_between_elliptical,True
186635,in_between_elliptical,in_between_elliptical,True
196478,in_between_elliptical,in_between_elliptical,True
291460,in_between_elliptical,in_between_elliptical,True
208056,in_between_elliptical,round_elliptical,False
153232,in_between_elliptical,in_between_elliptical,True
108566,in_between_elliptical,barred_spirals,False
169227,in_between_elliptical,in_between_elliptical,True
165295,in_between_elliptical,unbarred_spirals,False
282716,in_between_elliptical,in_between_elliptical,True
133794,in_between_elliptical,in_between_elliptical,True
50639,in_between_elliptical,cigar_shaped_elliptical,False
259043,in_between_elliptical,in_between_elliptical,True
69630,in_between_elliptical,in_between_elliptical,True
236013,in_between_elliptical,round_elliptical,False
125711,in_between_elliptical,cigar_shaped_elliptical,False
69488,in_between_elliptical,round_elliptical,False
125643,in_between_elliptical,irregular,False
127077,in_between_elliptical,merger,False
131146,in_between_elliptical,in_between_elliptical,True
208358,in_between_elliptical,in_between_elliptical,True
182008,in_between_elliptical,in_between_elliptical,True
177689,in_between_elliptical,in_between_elliptical,True
291545,in_between_elliptical,in_between_elliptical,True
212967,in_between_elliptical,in_between_elliptical,True
93559,in_between_elliptical,in_between_elliptical,True
207456,in_between_elliptical,in_between_elliptical,True
190840,in_between_elliptical,in_between_elliptical,True
137702,in_between_elliptical,in_between_elliptical,True
85925,in_between_elliptical,in_between_elliptical,True
159838,in_between_elliptical,in_between_elliptical,True
205356,in_between_elliptical,in_between_elliptical,True
55852,in_between_elliptical,in_between_elliptical,True
57169,in_between_elliptical,in_between_elliptical,True
98688,in_between_elliptical,round_elliptical,False
290405,in_between_elliptical,in_between_elliptical,True
117546,in_between_elliptical,in_between_elliptical,True
103479,in_between_elliptical,in_between_elliptical,True
264078,in_between_elliptical,in_between_elliptical,True
26961,in_between_elliptical,in_between_elliptical,True
229484,in_between_elliptical,in_between_elliptical,True
196593,in_between_elliptical,round_elliptical,False
212589,in_between_elliptical,in_between_elliptical,True
23675,in_between_elliptical,round_elliptical,False
107764,in_between_elliptical,round_elliptical,False
26378,in_between_elliptical,in_between_elliptical,True
111485,in_between_elliptical,in_between_elliptical,True
215772,in_between_elliptical,in_between_elliptical,True
216052,in_between_elliptical,in_between_elliptical,True
119349,in_between_elliptical,in_between_elliptical,True
59958,in_between_elliptical,in_between_elliptical,True
262771,in_between_elliptical,in_between_elliptical,True
209939,in_between_elliptical,cigar_shaped_elliptical,False
105783,in_between_elliptical,in_between_elliptical,True
234777,in_between_elliptical,in_between_elliptical,True
181247,in_between_elliptical,in_between_elliptical,True
266939,in_between_elliptical,in_between_elliptical,True
117326,in_between_elliptical,in_between_elliptical,True
83538,in_between_elliptical,in_between_elliptical,True
134512,in_between_elliptical,in_between_elliptical,True
201293,in_between_elliptical,in_between_elliptical,True
166372,in_between_elliptical,in_between_elliptical,True
31947,in_between_elliptical,round_elliptical,False
222034,in_between_elliptical,in_between_elliptical,True
173964,in_between_elliptical,in_between_elliptical,True
171348,in_between_elliptical,in_between_elliptical,True
77624,in_between_elliptical,in_between_elliptical,True
216303,in_between_elliptical,in_between_elliptical,True
238403,in_between_elliptical,in_between_elliptical,True
251512,in_between_elliptical,in_between_elliptical,True
259521,in_between_elliptical,round_elliptical,False
261618,in_between_elliptical,in_between_elliptical,True
49575,in_between_elliptical,in_between_elliptical,True
155825,in_between_elliptical,in_between_elliptical,True
176135,in_between_elliptical,round_elliptical,False
201172,in_between_elliptical,in_between_elliptical,True
264227,in_between_elliptical,in_between_elliptical,True
152005,in_between_elliptical,round_elliptical,False
237122,in_between_elliptical,in_between_elliptical,True
54920,in_between_elliptical,in_between_elliptical,True
172793,in_between_elliptical,in_between_elliptical,True
63859,in_between_elliptical,in_between_elliptical,True
222124,in_between_elliptical,in_between_elliptical,True
28214,in_between_elliptical,in_between_elliptical,True
187813,in_between_elliptical,in_between_elliptical,True
198280,in_between_elliptical,in_between_elliptical,True
142789,in_between_elliptical,in_between_elliptical,True
137347,in_between_elliptical,cigar_shaped_elliptical,False
35369,in_between_elliptical,in_between_elliptical,True
64593,in_between_elliptical,in_between_elliptical,True
223017,in_between_elliptical,in_between_elliptical,True
30898,in_between_elliptical,in_between_elliptical,True
125899,in_between_elliptical,in_between_elliptical,True
98540,in_between_elliptical,in_between_elliptical,True
130408,in_between_elliptical,in_between_elliptical,True
271989,in_between_elliptical,in_between_elliptical,True
8741,in_between_elliptical,in_between_elliptical,True
228234,in_between_elliptical,round_elliptical,False
16455,in_between_elliptical,in_between_elliptical,True
235704,in_between_elliptical,in_between_elliptical,True
191819,in_between_elliptical,in_between_elliptical,True
105893,in_between_elliptical,in_between_elliptical,True
111683,in_between_elliptical,in_between_elliptical,True
37823,in_between_elliptical,in_between_elliptical,True
169057,in_between_elliptical,in_between_elliptical,True
92370,in_between_elliptical,in_between_elliptical,True
256652,in_between_elliptical,irregular,False
200437,in_between_elliptical,in_between_elliptical,True
79130,in_between_elliptical,in_between_elliptical,True
8027,in_between_elliptical,in_between_elliptical,True
267298,in_between_elliptical,in_between_elliptical,True
79745,in_between_elliptical,in_between_elliptical,True
65187,in_between_elliptical,in_between_elliptical,True
225053,in_between_elliptical,in_between_elliptical,True
180063,in_between_elliptical,cigar_shaped_elliptical,False
210438,in_between_elliptical,in_between_elliptical,True
66793,in_between_elliptical,in_between_elliptical,True
14621,in_between_elliptical,in_between_elliptical,True
156250,in_between_elliptical,unbarred_spirals,False
132838,in_between_elliptical,in_between_elliptical,True
38674,in_between_elliptical,in_between_elliptical,True
189005,in_between_elliptical,in_between_elliptical,True
90977,in_between_elliptical,in_between_elliptical,True
264566,in_between_elliptical,unbarred_spirals,False
210811,in_between_elliptical,in_between_elliptical,True
191873,in_between_elliptical,in_between_elliptical,True
19753,in_between_elliptical,in_between_elliptical,True
16425,in_between_elliptical,in_between_elliptical,True
84781,in_between_elliptical,in_between_elliptical,True
8651,in_between_elliptical,in_between_elliptical,True
184573,in_between_elliptical,in_between_elliptical,True
218327,in_between_elliptical,in_between_elliptical,True
260511,in_between_elliptical,in_between_elliptical,True
7713,in_between_elliptical,in_between_elliptical,True
249162,in_between_elliptical,cigar_shaped_elliptical,False
216946,in_between_elliptical,in_between_elliptical,True
87032,in_between_elliptical,in_between_elliptical,True
142194,in_between_elliptical,in_between_elliptical,True
8194,in_between_elliptical,in_between_elliptical,True
184997,in_between_elliptical,in_between_elliptical,True
164086,in_between_elliptical,in_between_elliptical,True
166752,in_between_elliptical,in_between_elliptical,True
179646,in_between_elliptical,in_between_elliptical,True
230830,in_between_elliptical,in_between_elliptical,True
47921,in_between_elliptical,in_between_elliptical,True
155542,in_between_elliptical,in_between_elliptical,True
194097,in_between_elliptical,in_between_elliptical,True
50242,in_between_elliptical,in_between_elliptical,True
192735,in_between_elliptical,in_between_elliptical,True
86909,in_between_elliptical,in_between_elliptical,True
136331,in_between_elliptical,in_between_elliptical,True
154510,in_between_elliptical,in_between_elliptical,True
205808,in_between_elliptical,in_between_elliptical,True
37398,in_between_elliptical,in_between_elliptical,True
48785,in_between_elliptical,in_between_elliptical,True
271019,in_between_elliptical,in_between_elliptical,True
7290,in_between_elliptical,in_between_elliptical,True
137188,in_between_elliptical,in_between_elliptical,True
91662,in_between_elliptical,in_between_elliptical,True
173350,in_between_elliptical,in_between_elliptical,True
156546,in_between_elliptical,cigar_shaped_elliptical,False
207762,in_between_elliptical,in_between_elliptical,True
45320,in_between_elliptical,unbarred_spirals,False
161930,in_between_elliptical,round_elliptical,False
239869,in_between_elliptical,in_between_elliptical,True
140771,in_between_elliptical,in_between_elliptical,True
148615,in_between_elliptical,in_between_elliptical,True
173910,in_between_elliptical,cigar_shaped_elliptical,False
10872,in_between_elliptical,in_between_elliptical,True
121349,in_between_elliptical,in_between_elliptical,True
121575,in_between_elliptical,in_between_elliptical,True
269062,in_between_elliptical,round_elliptical,False
97554,in_between_elliptical,in_between_elliptical,True
184406,in_between_elliptical,round_elliptical,False
175789,in_between_elliptical,round_elliptical,False
135550,in_between_elliptical,in_between_elliptical,True
46073,in_between_elliptical,in_between_elliptical,True
68978,in_between_elliptical,irregular,False
80495,in_between_elliptical,in_between_elliptical,True
32596,in_between_elliptical,in_between_elliptical,True
124509,in_between_elliptical,in_between_elliptical,True
22881,in_between_elliptical,in_between_elliptical,True
152108,in_between_elliptical,in_between_elliptical,True
99010,in_between_elliptical,in_between_elliptical,True
231022,in_between_elliptical,in_between_elliptical,True
122330,in_between_elliptical,in_between_elliptical,True
179482,in_between_elliptical,in_between_elliptical,True
105751,in_between_elliptical,round_elliptical,False
110387,in_between_elliptical,round_elliptical,False
235375,in_between_elliptical,unbarred_spirals,False
278817,in_between_elliptical,irregular,False
165681,in_between_elliptical,in_between_elliptical,True
49145,in_between_elliptical,in_between_elliptical,True
214602,in_between_elliptical,in_between_elliptical,True
56099,in_between_elliptical,in_between_elliptical,True
237245,in_between_elliptical,in_between_elliptical,True
126748,in_between_elliptical,in_between_elliptical,True
125179,in_between_elliptical,in_between_elliptical,True
57890,in_between_elliptical,in_between_elliptical,True
228247,in_between_elliptical,in_between_elliptical,True
79239,in_between_elliptical,in_between_elliptical,True
191320,in_between_elliptical,in_between_elliptical,True
205858,in_between_elliptical,in_between_elliptical,True
28035,in_between_elliptical,in_between_elliptical,True
45629,in_between_elliptical,in_between_elliptical,True
188166,in_between_elliptical,in_between_elliptical,True
33800,in_between_elliptical,in_between_elliptical,True
96280,in_between_elliptical,in_between_elliptical,True
78527,in_between_elliptical,in_between_elliptical,True
67862,in_between_elliptical,round_elliptical,False
5027,in_between_elliptical,in_between_elliptical,True
193565,in_between_elliptical,in_between_elliptical,True
213293,in_between_elliptical,round_elliptical,False
21854,in_between_elliptical,in_between_elliptical,True
68711,in_between_elliptical,in_between_elliptical,True
241113,in_between_elliptical,in_between_elliptical,True
100039,in_between_elliptical,in_between_elliptical,True
283812,in_between_elliptical,in_between_elliptical,True
236922,in_between_elliptical,round_elliptical,False
63367,in_between_elliptical,in_between_elliptical,True
52205,in_between_elliptical,in_between_elliptical,True
227055,in_between_elliptical,in_between_elliptical,True
234927,in_between_elliptical,in_between_elliptical,True
208799,in_between_elliptical,in_between_elliptical,True
89215,in_between_elliptical,in_between_elliptical,True
137771,in_between_elliptical,in_between_elliptical,True
76863,in_between_elliptical,in_between_elliptical,True
125783,in_between_elliptical,in_between_elliptical,True
152404,in_between_elliptical,in_between_elliptical,True
231217,in_between_elliptical,in_between_elliptical,True
129979,in_between_elliptical,in_between_elliptical,True
169244,in_between_elliptical,in_between_elliptical,True
130656,in_between_elliptical,in_between_elliptical,True
231518,in_between_elliptical,cigar_shaped_elliptical,False
49785,in_between_elliptical,unbarred_spirals,False
85814,in_between_elliptical,in_between_elliptical,True
9642,in_between_elliptical,cigar_shaped_elliptical,False
10803,in_between_elliptical,in_between_elliptical,True
194619,in_between_elliptical,in_between_elliptical,True
283339,in_between_elliptical,in_between_elliptical,True
64101,in_between_elliptical,in_between_elliptical,True
194463,in_between_elliptical,in_between_elliptical,True
239875,in_between_elliptical,round_elliptical,False
285801,in_between_elliptical,in_between_elliptical,True
212364,in_between_elliptical,round_elliptical,False
83152,in_between_elliptical,in_between_elliptical,True
30103,in_between_elliptical,in_between_elliptical,True
27204,in_between_elliptical,unbarred_spirals,False
126326,in_between_elliptical,in_between_elliptical,True
89084,in_between_elliptical,in_between_elliptical,True
166439,in_between_elliptical,in_between_elliptical,True
198737,in_between_elliptical,in_between_elliptical,True
228015,in_between_elliptical,cigar_shaped_elliptical,False
38422,in_between_elliptical,in_between_elliptical,True
237107,in_between_elliptical,in_between_elliptical,True
133330,in_between_elliptical,in_between_elliptical,True
58772,in_between_elliptical,in_between_elliptical,True
163645,in_between_elliptical,in_between_elliptical,True
28074,in_between_elliptical,in_between_elliptical,True
7948,in_between_elliptical,in_between_elliptical,True
188355,in_between_elliptical,in_between_elliptical,True
2592,in_between_elliptical,in_between_elliptical,True
4764,in_between_elliptical,in_between_elliptical,True
16442,in_between_elliptical,in_between_elliptical,True
58076,in_between_elliptical,merger,False
92322,in_between_elliptical,cigar_shaped_elliptical,False
219683,in_between_elliptical,in_between_elliptical,True
174459,in_between_elliptical,in_between_elliptical,True
128300,in_between_elliptical,in_between_elliptical,True
79851,in_between_elliptical,in_between_elliptical,True
75263,in_between_elliptical,in_between_elliptical,True
200424,in_between_elliptical,in_between_elliptical,True
257808,in_between_elliptical,unbarred_spirals,False
232838,in_between_elliptical,in_between_elliptical,True
36580,in_between_elliptical,in_between_elliptical,True
240477,in_between_elliptical,in_between_elliptical,True
84232,in_between_elliptical,in_between_elliptical,True
46603,in_between_elliptical,in_between_elliptical,True
177214,in_between_elliptical,in_between_elliptical,True
57353,in_between_elliptical,in_between_elliptical,True
262068,in_between_elliptical,in_between_elliptical,True
35922,in_between_elliptical,in_between_elliptical,True
138679,in_between_elliptical,barred_spirals,False
128121,in_between_elliptical,in_between_elliptical,True
275352,in_between_elliptical,round_elliptical,False
33178,in_between_elliptical,in_between_elliptical,True
139939,in_between_elliptical,round_elliptical,False
76122,in_between_elliptical,unbarred_spirals,False
178757,in_between_elliptical,in_between_elliptical,True
58046,in_between_elliptical,in_between_elliptical,True
200109,in_between_elliptical,in_between_elliptical,True
148270,in_between_elliptical,in_between_elliptical,True
203858,in_between_elliptical,round_elliptical,False
131114,in_between_elliptical,in_between_elliptical,True
171550,in_between_elliptical,in_between_elliptical,True
156802,in_between_elliptical,unbarred_spirals,False
237020,in_between_elliptical,cigar_shaped_elliptical,False
236603,in_between_elliptical,round_elliptical,False
2756,in_between_elliptical,in_between_elliptical,True
34228,in_between_elliptical,in_between_elliptical,True
11339,in_between_elliptical,in_between_elliptical,True
206751,in_between_elliptical,in_between_elliptical,True
93110,in_between_elliptical,in_between_elliptical,True
132486,in_between_elliptical,in_between_elliptical,True
81652,in_between_elliptical,in_between_elliptical,True
155487,in_between_elliptical,irregular,False
253947,in_between_elliptical,in_between_elliptical,True
17521,in_between_elliptical,in_between_elliptical,True
195284,in_between_elliptical,in_between_elliptical,True
212207,in_between_elliptical,round_elliptical,False
173031,in_between_elliptical,barred_spirals,False
98429,in_between_elliptical,round_elliptical,False
8656,in_between_elliptical,in_between_elliptical,True
163254,in_between_elliptical,round_elliptical,False
161780,in_between_elliptical,round_elliptical,False
97360,in_between_elliptical,cigar_shaped_elliptical,False
163337,in_between_elliptical,round_elliptical,False
166265,in_between_elliptical,in_between_elliptical,True
150648,in_between_elliptical,in_between_elliptical,True
230948,in_between_elliptical,round_elliptical,False
76859,in_between_elliptical,in_between_elliptical,True
25805,in_between_elliptical,in_between_elliptical,True
158601,in_between_elliptical,barred_spirals,False
98738,in_between_elliptical,in_between_elliptical,True
16118,in_between_elliptical,in_between_elliptical,True
214731,in_between_elliptical,in_between_elliptical,True
54209,in_between_elliptical,in_between_elliptical,True
234391,in_between_elliptical,in_between_elliptical,True
228032,in_between_elliptical,in_between_elliptical,True
182187,in_between_elliptical,in_between_elliptical,True
36571,in_between_elliptical,in_between_elliptical,True
265908,in_between_elliptical,barred_spirals,False
152496,in_between_elliptical,in_between_elliptical,True
119290,in_between_elliptical,in_between_elliptical,True
128967,in_between_elliptical,in_between_elliptical,True
82759,in_between_elliptical,in_between_elliptical,True
56952,in_between_elliptical,in_between_elliptical,True
177111,in_between_elliptical,in_between_elliptical,True
166147,in_between_elliptical,in_between_elliptical,True
205977,in_between_elliptical,in_between_elliptical,True
291887,in_between_elliptical,in_between_elliptical,True
157404,in_between_elliptical,in_between_elliptical,True
89380,in_between_elliptical,in_between_elliptical,True
210683,in_between_elliptical,in_between_elliptical,True
35224,in_between_elliptical,in_between_elliptical,True
63828,in_between_elliptical,in_between_elliptical,True
9239,in_between_elliptical,in_between_elliptical,True
90054,in_between_elliptical,in_between_elliptical,True
159300,in_between_elliptical,round_elliptical,False
97090,in_between_elliptical,in_between_elliptical,True
172692,in_between_elliptical,in_between_elliptical,True
4980,in_between_elliptical,in_between_elliptical,True
108,in_between_elliptical,round_elliptical,False
178309,in_between_elliptical,in_between_elliptical,True
193744,in_between_elliptical,cigar_shaped_elliptical,False
243999,in_between_elliptical,in_between_elliptical,True
185167,in_between_elliptical,in_between_elliptical,True
222285,in_between_elliptical,round_elliptical,False
237274,in_between_elliptical,in_between_elliptical,True
77961,in_between_elliptical,round_elliptical,False
81465,in_between_elliptical,in_between_elliptical,True
176477,in_between_elliptical,in_between_elliptical,True
27298,in_between_elliptical,in_between_elliptical,True
137102,in_between_elliptical,in_between_elliptical,True
144649,in_between_elliptical,in_between_elliptical,True
16739,in_between_elliptical,in_between_elliptical,True
109245,in_between_elliptical,in_between_elliptical,True
243552,in_between_elliptical,round_elliptical,False
115034,in_between_elliptical,in_between_elliptical,True
98052,in_between_elliptical,in_between_elliptical,True
257367,in_between_elliptical,in_between_elliptical,True
64646,in_between_elliptical,in_between_elliptical,True
76194,in_between_elliptical,in_between_elliptical,True
100628,in_between_elliptical,irregular,False
259206,in_between_elliptical,in_between_elliptical,True
89639,in_between_elliptical,barred_spirals,False
207954,in_between_elliptical,in_between_elliptical,True
211584,in_between_elliptical,in_between_elliptical,True
122837,in_between_elliptical,in_between_elliptical,True
18219,in_between_elliptical,in_between_elliptical,True
89976,in_between_elliptical,in_between_elliptical,True
110754,in_between_elliptical,in_between_elliptical,True
235933,in_between_elliptical,in_between_elliptical,True
156386,in_between_elliptical,in_between_elliptical,True
120697,in_between_elliptical,in_between_elliptical,True
223349,in_between_elliptical,round_elliptical,False
101590,in_between_elliptical,in_between_elliptical,True
154478,in_between_elliptical,in_between_elliptical,True
181600,in_between_elliptical,unbarred_spirals,False
51144,in_between_elliptical,in_between_elliptical,True
32449,in_between_elliptical,in_between_elliptical,True
46899,in_between_elliptical,in_between_elliptical,True
39547,in_between_elliptical,in_between_elliptical,True
179927,in_between_elliptical,cigar_shaped_elliptical,False
122322,in_between_elliptical,in_between_elliptical,True
156393,in_between_elliptical,in_between_elliptical,True
13683,in_between_elliptical,in_between_elliptical,True
17553,in_between_elliptical,cigar_shaped_elliptical,False
175578,in_between_elliptical,round_elliptical,False
172417,in_between_elliptical,in_between_elliptical,True
109556,in_between_elliptical,in_between_elliptical,True
86642,in_between_elliptical,round_elliptical,False
155593,in_between_elliptical,in_between_elliptical,True
272670,in_between_elliptical,cigar_shaped_elliptical,False
152261,in_between_elliptical,in_between_elliptical,True
155688,in_between_elliptical,in_between_elliptical,True
115158,in_between_elliptical,round_elliptical,False
125097,in_between_elliptical,in_between_elliptical,True
210640,in_between_elliptical,unbarred_spirals,False
138554,in_between_elliptical,in_between_elliptical,True
22077,in_between_elliptical,in_between_elliptical,True
143652,in_between_elliptical,in_between_elliptical,True
84281,in_between_elliptical,in_between_elliptical,True
136092,in_between_elliptical,in_between_elliptical,True
62346,in_between_elliptical,in_between_elliptical,True
155647,in_between_elliptical,in_between_elliptical,True
51339,in_between_elliptical,in_between_elliptical,True
209700,in_between_elliptical,in_between_elliptical,True
52650,in_between_elliptical,cigar_shaped_elliptical,False
155770,in_between_elliptical,in_between_elliptical,True
163692,in_between_elliptical,in_between_elliptical,True
194965,in_between_elliptical,in_between_elliptical,True
181629,in_between_elliptical,in_between_elliptical,True
15677,in_between_elliptical,in_between_elliptical,True
71992,in_between_elliptical,cigar_shaped_elliptical,False
233525,in_between_elliptical,edge_on,False
166232,in_between_elliptical,round_elliptical,False
244228,in_between_elliptical,round_elliptical,False
80151,in_between_elliptical,round_elliptical,False
144635,in_between_elliptical,in_between_elliptical,True
224824,in_between_elliptical,in_between_elliptical,True
255658,in_between_elliptical,irregular,False
177922,in_between_elliptical,irregular,False
172423,in_between_elliptical,in_between_elliptical,True
23995,in_between_elliptical,in_between_elliptical,True
32926,in_between_elliptical,in_between_elliptical,True
226983,in_between_elliptical,round_elliptical,False
1976,in_between_elliptical,irregular,False
224337,in_between_elliptical,in_between_elliptical,True
222064,in_between_elliptical,irregular,False
135792,in_between_elliptical,in_between_elliptical,True
155224,in_between_elliptical,in_between_elliptical,True
65209,in_between_elliptical,in_between_elliptical,True
288512,in_between_elliptical,unbarred_spirals,False
33130,in_between_elliptical,in_between_elliptical,True
92186,in_between_elliptical,in_between_elliptical,True
103184,in_between_elliptical,in_between_elliptical,True
242736,in_between_elliptical,in_between_elliptical,True
117805,in_between_elliptical,in_between_elliptical,True
62514,in_between_elliptical,in_between_elliptical,True
34785,in_between_elliptical,in_between_elliptical,True
158421,in_between_elliptical,in_between_elliptical,True
12158,in_between_elliptical,in_between_elliptical,True
197180,in_between_elliptical,in_between_elliptical,True
216543,in_between_elliptical,in_between_elliptical,True
260931,in_between_elliptical,in_between_elliptical,True
127216,in_between_elliptical,irregular,False
9259,in_between_elliptical,round_elliptical,False
284842,in_between_elliptical,in_between_elliptical,True
263684,in_between_elliptical,cigar_shaped_elliptical,False
176243,in_between_elliptical,in_between_elliptical,True
22703,in_between_elliptical,in_between_elliptical,True
252578,in_between_elliptical,unbarred_spirals,False
63649,in_between_elliptical,in_between_elliptical,True
217606,in_between_elliptical,in_between_elliptical,True
212232,in_between_elliptical,in_between_elliptical,True
97842,irregular,merger,False
47789,irregular,irregular,True
163494,irregular,irregular,True
238318,irregular,unbarred_spirals,False
155331,irregular,irregular,True
65988,irregular,irregular,True
112178,irregular,irregular,True
57783,irregular,round_elliptical,False
141117,irregular,unbarred_spirals,False
130787,irregular,edge_on,False
49921,irregular,irregular,True
268243,irregular,in_between_elliptical,False
135652,irregular,irregular,True
239128,irregular,irregular,True
212089,irregular,unbarred_spirals,False
46671,irregular,irregular,True
65120,irregular,merger,False
107598,irregular,edge_on,False
192269,irregular,merger,False
41745,irregular,unbarred_spirals,False
32867,irregular,irregular,True
259177,irregular,irregular,True
49101,irregular,irregular,True
262967,irregular,irregular,True
222327,irregular,merger,False
277120,irregular,irregular,True
262081,irregular,edge_on,False
188816,irregular,irregular,True
145323,irregular,edge_on,False
157059,irregular,in_between_elliptical,False
27592,irregular,irregular,True
41804,irregular,merger,False
8398,irregular,unbarred_spirals,False
14388,irregular,irregular,True
229324,irregular,irregular,True
156198,irregular,irregular,True
207652,irregular,merger,False
169896,irregular,irregular,True
258785,irregular,irregular,True
174816,irregular,irregular,True
59448,irregular,merger,False
191561,irregular,cigar_shaped_elliptical,False
20452,irregular,irregular,True
282927,irregular,irregular,True
59605,irregular,barred_spirals,False
2636,irregular,irregular,True
1591,irregular,irregular,True
98268,irregular,irregular,True
199941,irregular,in_between_elliptical,False
260208,irregular,irregular,True
230947,irregular,irregular,True
171795,irregular,unbarred_spirals,False
56424,irregular,merger,False
62140,irregular,irregular,True
65020,irregular,irregular,True
45162,irregular,irregular,True
100699,irregular,irregular,True
261773,irregular,irregular,True
176358,irregular,irregular,True
77060,irregular,irregular,True
235657,irregular,irregular,True
20054,irregular,irregular,True
77052,irregular,irregular,True
252908,irregular,irregular,True
264420,irregular,barred_spirals,False
168912,irregular,in_between_elliptical,False
272036,irregular,irregular,True
234781,irregular,merger,False
135602,irregular,irregular,True
70060,irregular,irregular,True
69370,irregular,irregular,True
30841,irregular,barred_spirals,False
261588,irregular,irregular,True
270397,irregular,irregular,True
27405,irregular,irregular,True
251118,irregular,irregular,True
256873,irregular,irregular,True
167460,irregular,irregular,True
187640,irregular,irregular,True
171572,irregular,irregular,True
260536,irregular,irregular,True
263508,irregular,irregular,True
272240,irregular,irregular,True
207149,irregular,irregular,True
63305,irregular,merger,False
205939,irregular,irregular,True
3683,irregular,irregular,True
205436,irregular,irregular,True
136324,irregular,irregular,True
152737,irregular,irregular,True
30853,irregular,barred_spirals,False
100561,irregular,in_between_elliptical,False
65396,irregular,unbarred_spirals,False
283293,irregular,barred_spirals,False
132100,irregular,irregular,True
28502,irregular,merger,False
88796,irregular,in_between_elliptical,False
94990,irregular,irregular,True
72842,irregular,round_elliptical,False
273325,irregular,barred_spirals,False
176348,irregular,irregular,True
190658,irregular,irregular,True
37929,irregular,irregular,True
100425,irregular,irregular,True
151106,irregular,irregular,True
61791,irregular,barred_spirals,False
177942,irregular,merger,False
253897,irregular,irregular,True
168133,irregular,irregular,True
118954,irregular,irregular,True
263268,irregular,unbarred_spirals,False
251983,irregular,irregular,True
265668,irregular,irregular,True
183705,irregular,irregular,True
233809,irregular,irregular,True
149523,irregular,irregular,True
248741,irregular,irregular,True
105801,irregular,irregular,True
89033,irregular,irregular,True
263116,irregular,irregular,True
224699,irregular,irregular,True
42294,irregular,merger,False
249995,irregular,edge_on,False
200714,irregular,irregular,True
6869,irregular,irregular,True
92096,irregular,cigar_shaped_elliptical,False
172383,irregular,merger,False
291211,irregular,unbarred_spirals,False
100079,irregular,irregular,True
231492,irregular,irregular,True
195227,irregular,irregular,True
96492,irregular,barred_spirals,False
58495,irregular,in_between_elliptical,False
200871,irregular,irregular,True
26984,irregular,irregular,True
81006,irregular,irregular,True
172355,irregular,barred_spirals,False
270146,irregular,irregular,True
270187,irregular,irregular,True
40400,irregular,irregular,True
248252,irregular,irregular,True
83345,irregular,irregular,True
88583,irregular,irregular,True
228024,irregular,irregular,True
110450,irregular,irregular,True
144701,irregular,irregular,True
261976,irregular,irregular,True
76955,irregular,irregular,True
11011,irregular,unbarred_spirals,False
19648,irregular,irregular,True
240772,irregular,irregular,True
10586,irregular,unbarred_spirals,False
165535,irregular,irregular,True
75946,irregular,irregular,True
272380,irregular,irregular,True
256821,irregular,irregular,True
241637,irregular,irregular,True
187893,irregular,irregular,True
15500,irregular,irregular,True
59966,irregular,irregular,True
144242,irregular,irregular,True
173408,irregular,round_elliptical,False
177671,irregular,irregular,True
74408,irregular,irregular,True
281601,irregular,irregular,True
34316,irregular,in_between_elliptical,False
39331,irregular,barred_spirals,False
238296,irregular,irregular,True
160025,irregular,irregular,True
139083,irregular,irregular,True
110652,irregular,irregular,True
170757,irregular,irregular,True
176063,irregular,irregular,True
218256,irregular,merger,False
262112,irregular,irregular,True
185725,irregular,merger,False
256030,irregular,irregular,True
75094,irregular,irregular,True
238372,irregular,barred_spirals,False
66387,irregular,in_between_elliptical,False
261853,irregular,irregular,True
277013,irregular,merger,False
181490,irregular,irregular,True
233340,irregular,irregular,True
193503,irregular,in_between_elliptical,False
11250,irregular,irregular,True
176474,irregular,irregular,True
261460,irregular,irregular,True
234619,irregular,edge_on,False
205142,irregular,irregular,True
71408,irregular,irregular,True
162736,irregular,irregular,True
95831,irregular,irregular,True
83514,irregular,round_elliptical,False
263080,irregular,edge_on,False
229294,irregular,irregular,True
156368,irregular,irregular,True
71623,irregular,irregular,True
148899,irregular,edge_on,False
27462,irregular,merger,False
53396,irregular,cigar_shaped_elliptical,False
156215,irregular,irregular,True
264437,irregular,edge_on,False
65204,irregular,irregular,True
120219,irregular,merger,False
128080,irregular,irregular,True
26490,irregular,barred_spirals,False
171376,irregular,irregular,True
291512,irregular,irregular,True
48996,irregular,irregular,True
128950,irregular,irregular,True
166755,irregular,irregular,True
270362,irregular,irregular,True
7581,irregular,irregular,True
183867,irregular,irregular,True
127689,irregular,cigar_shaped_elliptical,False
206868,irregular,round_elliptical,False
230417,irregular,irregular,True
66414,irregular,irregular,True
54745,irregular,irregular,True
239108,irregular,irregular,True
247196,irregular,irregular,True
270198,irregular,irregular,True
255259,irregular,irregular,True
179537,irregular,irregular,True
265555,irregular,irregular,True
158004,irregular,irregular,True
223769,irregular,irregular,True
103467,irregular,cigar_shaped_elliptical,False
255491,irregular,irregular,True
259329,irregular,irregular,True
54872,irregular,irregular,True
27371,irregular,in_between_elliptical,False
246745,irregular,irregular,True
260869,irregular,irregular,True
241625,irregular,irregular,True
33330,irregular,irregular,True
278912,irregular,round_elliptical,False
254828,irregular,irregular,True
246401,irregular,irregular,True
184083,irregular,irregular,True
268826,irregular,edge_on,False
227629,irregular,irregular,True
79725,irregular,merger,False
51510,irregular,irregular,True
259046,irregular,barred_spirals,False
271995,irregular,barred_spirals,False
181591,irregular,irregular,True
210183,irregular,irregular,True
58412,irregular,irregular,True
11362,irregular,irregular,True
233747,irregular,in_between_elliptical,False
173513,irregular,irregular,True
257728,irregular,edge_on,False
213157,irregular,irregular,True
247458,irregular,in_between_elliptical,False
241114,irregular,irregular,True
272756,irregular,unbarred_spirals,False
178130,irregular,merger,False
179252,irregular,irregular,True
11119,irregular,irregular,True
14072,irregular,round_elliptical,False
7608,irregular,irregular,True
262893,irregular,irregular,True
198458,irregular,irregular,True
243294,irregular,irregular,True
272095,irregular,barred_spirals,False
151615,irregular,irregular,True
68085,irregular,cigar_shaped_elliptical,False
270167,irregular,irregular,True
191235,irregular,irregular,True
200026,irregular,in_between_elliptical,False
250100,irregular,irregular,True
273400,irregular,merger,False
153828,irregular,unbarred_spirals,False
149092,irregular,irregular,True
116739,irregular,irregular,True
258775,irregular,in_between_elliptical,False
155966,irregular,round_elliptical,False
195135,irregular,irregular,True
49566,irregular,barred_spirals,False
270872,irregular,irregular,True
75608,irregular,round_elliptical,False
228766,irregular,irregular,True
241433,irregular,in_between_elliptical,False
286616,irregular,edge_on,False
22343,irregular,round_elliptical,False
277948,irregular,irregular,True
221931,irregular,irregular,True
18974,irregular,irregular,True
1276,irregular,irregular,True
44681,irregular,irregular,True
117833,irregular,irregular,True
46487,irregular,unbarred_spirals,False
291959,irregular,merger,False
198265,irregular,unbarred_spirals,False
69738,irregular,irregular,True
118057,irregular,irregular,True
74638,irregular,irregular,True
125070,irregular,irregular,True
90657,irregular,irregular,True
37393,irregular,irregular,True
32399,irregular,irregular,True
249849,irregular,irregular,True
105768,irregular,irregular,True
174969,irregular,irregular,True
142100,irregular,irregular,True
239745,irregular,merger,False
90946,irregular,merger,False
214433,irregular,irregular,True
15616,irregular,barred_spirals,False
82522,irregular,irregular,True
292589,irregular,barred_spirals,False
286651,irregular,irregular,True
260860,irregular,irregular,True
215972,irregular,irregular,True
244288,irregular,round_elliptical,False
154237,irregular,irregular,True
148227,irregular,irregular,True
141283,irregular,round_elliptical,False
84028,irregular,barred_spirals,False
258620,irregular,irregular,True
175291,irregular,edge_on,False
90285,irregular,irregular,True
97058,irregular,barred_spirals,False
176903,irregular,irregular,True
271749,irregular,edge_on,False
254878,irregular,irregular,True
218062,irregular,irregular,True
119909,irregular,irregular,True
69221,irregular,irregular,True
259643,irregular,irregular,True
287509,irregular,irregular,True
31325,irregular,edge_on,False
101481,irregular,irregular,True
69041,irregular,irregular,True
26643,irregular,irregular,True
76435,irregular,irregular,True
256583,irregular,irregular,True
245,irregular,irregular,True
165078,irregular,irregular,True
204142,irregular,irregular,True
185909,irregular,merger,False
249828,irregular,irregular,True
110008,irregular,irregular,True
131996,irregular,irregular,True
80353,irregular,irregular,True
274766,irregular,irregular,True
294960,irregular,irregular,True
85246,irregular,barred_spirals,False
255077,irregular,unbarred_spirals,False
195947,irregular,irregular,True
114239,irregular,irregular,True
100679,irregular,merger,False
193229,irregular,irregular,True
166028,irregular,round_elliptical,False
273548,irregular,irregular,True
257140,irregular,cigar_shaped_elliptical,False
177390,irregular,irregular,True
90773,irregular,irregular,True
260100,irregular,irregular,True
48060,irregular,cigar_shaped_elliptical,False
22720,irregular,irregular,True
73089,irregular,irregular,True
156775,irregular,irregular,True
269139,irregular,irregular,True
272879,irregular,merger,False
234562,irregular,irregular,True
164230,irregular,cigar_shaped_elliptical,False
188436,irregular,irregular,True
56464,irregular,in_between_elliptical,False
242900,irregular,round_elliptical,False
271862,irregular,merger,False
196412,irregular,irregular,True
159711,irregular,irregular,True
44533,irregular,in_between_elliptical,False
239354,irregular,round_elliptical,False
136439,irregular,edge_on,False
84833,irregular,irregular,True
252125,irregular,irregular,True
133815,irregular,round_elliptical,False
27159,irregular,round_elliptical,False
263006,irregular,irregular,True
123271,irregular,irregular,True
271517,irregular,irregular,True
270080,irregular,barred_spirals,False
114673,irregular,irregular,True
272758,irregular,unbarred_spirals,False
85225,irregular,edge_on,False
260171,irregular,irregular,True
95929,irregular,irregular,True
259300,irregular,irregular,True
221810,irregular,irregular,True
32318,irregular,unbarred_spirals,False
89448,irregular,irregular,True
71413,irregular,irregular,True
58780,irregular,irregular,True
67579,irregular,unbarred_spirals,False
82587,irregular,merger,False
265497,irregular,irregular,True
164121,irregular,irregular,True
294500,irregular,unbarred_spirals,False
25423,irregular,irregular,True
271521,irregular,irregular,True
53633,irregular,round_elliptical,False
265456,irregular,irregular,True
209438,irregular,irregular,True
265223,irregular,unbarred_spirals,False
293097,irregular,merger,False
245889,irregular,unbarred_spirals,False
243313,irregular,irregular,True
136200,irregular,irregular,True
47589,irregular,irregular,True
218237,irregular,irregular,True
66040,irregular,in_between_elliptical,False
295214,irregular,barred_spirals,False
151755,irregular,irregular,True
32875,irregular,in_between_elliptical,False
141585,irregular,round_elliptical,False
7169,irregular,irregular,True
275865,irregular,irregular,True
18606,irregular,irregular,True
269178,irregular,irregular,True
266733,irregular,irregular,True
225899,irregular,irregular,True
172517,irregular,irregular,True
170866,irregular,barred_spirals,False
165562,irregular,irregular,True
67743,irregular,merger,False
30335,irregular,round_elliptical,False
259089,irregular,irregular,True
248570,irregular,irregular,True
36539,irregular,unbarred_spirals,False
13489,irregular,cigar_shaped_elliptical,False
274217,irregular,edge_on,False
250222,irregular,irregular,True
36769,irregular,irregular,True
224454,irregular,cigar_shaped_elliptical,False
58419,irregular,irregular,True
142850,irregular,irregular,True
134119,irregular,unbarred_spirals,False
61096,irregular,irregular,True
127297,irregular,irregular,True
259130,irregular,irregular,True
59443,irregular,merger,False
287784,irregular,irregular,True
158462,irregular,unbarred_spirals,False
266082,irregular,cigar_shaped_elliptical,False
227349,irregular,merger,False
249093,irregular,unbarred_spirals,False
149515,irregular,irregular,True
214606,irregular,irregular,True
224631,irregular,unbarred_spirals,False
201698,irregular,irregular,True
60221,irregular,irregular,True
102463,irregular,irregular,True
17955,irregular,irregular,True
257190,irregular,irregular,True
108999,irregular,round_elliptical,False
232155,irregular,irregular,True
245793,irregular,irregular,True
52220,irregular,irregular,True
6714,irregular,irregular,True
41705,irregular,unbarred_spirals,False
58692,irregular,irregular,True
88386,irregular,irregular,True
11019,irregular,irregular,True
235284,irregular,irregular,True
223622,irregular,irregular,True
252518,irregular,irregular,True
242293,irregular,irregular,True
50939,irregular,unbarred_spirals,False
112260,irregular,irregular,True
5087,irregular,unbarred_spirals,False
165680,irregular,irregular,True
170243,irregular,irregular,True
38643,irregular,irregular,True
218913,irregular,irregular,True
249764,irregular,irregular,True
97596,irregular,irregular,True
1186,irregular,irregular,True
110405,irregular,irregular,True
178063,irregular,irregular,True
83340,irregular,irregular,True
85579,irregular,merger,False
44759,irregular,irregular,True
26883,irregular,irregular,True
227659,irregular,barred_spirals,False
11476,irregular,barred_spirals,False
253535,irregular,irregular,True
261055,irregular,irregular,True
137368,irregular,irregular,True
78579,irregular,irregular,True
231237,irregular,irregular,True
161702,irregular,merger,False
122140,irregular,unbarred_spirals,False
196608,irregular,irregular,True
262168,irregular,unbarred_spirals,False
153688,irregular,irregular,True
203762,irregular,irregular,True
249169,irregular,irregular,True
206400,irregular,irregular,True
293690,irregular,irregular,True
176967,irregular,merger,False
7477,irregular,barred_spirals,False
274732,irregular,irregular,True
295025,irregular,irregular,True
283340,irregular,irregular,True
99078,irregular,irregular,True
228452,irregular,irregular,True
98782,irregular,barred_spirals,False
67402,irregular,irregular,True
185681,irregular,irregular,True
789,irregular,in_between_elliptical,False
12027,irregular,round_elliptical,False
175118,irregular,barred_spirals,False
76445,irregular,barred_spirals,False
127761,irregular,round_elliptical,False
256087,irregular,irregular,True
213901,irregular,irregular,True
158297,irregular,irregular,True
187922,irregular,irregular,True
255878,irregular,irregular,True
101960,irregular,cigar_shaped_elliptical,False
198962,irregular,irregular,True
203129,irregular,irregular,True
193645,irregular,merger,False
56961,irregular,irregular,True
218986,irregular,irregular,True
167646,irregular,irregular,True
28570,irregular,unbarred_spirals,False
204034,irregular,irregular,True
113050,irregular,cigar_shaped_elliptical,False
181243,irregular,irregular,True
282618,irregular,irregular,True
255703,irregular,irregular,True
138259,irregular,irregular,True
125794,irregular,barred_spirals,False
120875,irregular,irregular,True
123463,irregular,in_between_elliptical,False
254099,irregular,unbarred_spirals,False
269143,irregular,irregular,True
155498,irregular,in_between_elliptical,False
128628,irregular,irregular,True
17517,irregular,round_elliptical,False
138503,irregular,irregular,True
49858,irregular,irregular,True
231314,irregular,irregular,True
188392,irregular,irregular,True
268595,irregular,irregular,True
86178,irregular,irregular,True
94852,irregular,irregular,True
295059,irregular,irregular,True
89229,irregular,unbarred_spirals,False
259894,irregular,edge_on,False
238106,irregular,merger,False
268704,irregular,unbarred_spirals,False
255637,irregular,unbarred_spirals,False
38064,irregular,irregular,True
69233,irregular,unbarred_spirals,False
177067,irregular,irregular,True
76182,irregular,irregular,True
186138,irregular,irregular,True
23919,irregular,cigar_shaped_elliptical,False
113922,irregular,irregular,True
201040,irregular,cigar_shaped_elliptical,False
95797,irregular,irregular,True
245321,irregular,irregular,True
190471,irregular,irregular,True
20269,irregular,irregular,True
139879,irregular,irregular,True
8777,irregular,irregular,True
260489,irregular,unbarred_spirals,False
270616,irregular,irregular,True
270085,irregular,irregular,True
166307,irregular,irregular,True
228458,irregular,barred_spirals,False
99380,irregular,round_elliptical,False
31320,irregular,unbarred_spirals,False
254871,irregular,irregular,True
266732,irregular,irregular,True
26049,irregular,irregular,True
214569,irregular,irregular,True
133709,irregular,unbarred_spirals,False
94943,irregular,merger,False
153055,irregular,irregular,True
209186,irregular,irregular,True
270122,irregular,irregular,True
218302,irregular,irregular,True
51965,irregular,irregular,True
247618,irregular,irregular,True
109965,irregular,in_between_elliptical,False
125402,irregular,irregular,True
251345,irregular,irregular,True
1934,irregular,irregular,True
72979,irregular,irregular,True
187234,irregular,irregular,True
250207,irregular,unbarred_spirals,False
69627,irregular,irregular,True
54964,irregular,irregular,True
172727,irregular,irregular,True
110561,irregular,barred_spirals,False
168888,irregular,irregular,True
24405,irregular,irregular,True
84829,irregular,round_elliptical,False
115171,irregular,irregular,True
246628,irregular,irregular,True
140801,irregular,merger,False
129862,irregular,irregular,True
238061,irregular,irregular,True
90456,irregular,irregular,True
259790,irregular,irregular,True
159183,irregular,irregular,True
289684,irregular,irregular,True
34095,irregular,barred_spirals,False
197379,irregular,merger,False
244268,irregular,irregular,True
170491,irregular,irregular,True
125958,irregular,irregular,True
86993,irregular,edge_on,False
119455,irregular,irregular,True
138201,irregular,irregular,True
115043,irregular,irregular,True
209132,irregular,irregular,True
203809,irregular,unbarred_spirals,False
258674,irregular,irregular,True
210110,irregular,edge_on,False
196511,irregular,irregular,True
161787,irregular,round_elliptical,False
194878,irregular,irregular,True
154519,irregular,unbarred_spirals,False
253249,irregular,irregular,True
181789,irregular,irregular,True
94219,irregular,in_between_elliptical,False
90472,irregular,irregular,True
39788,irregular,irregular,True
275581,irregular,edge_on,False
260275,irregular,irregular,True
191390,irregular,merger,False
2492,irregular,irregular,True
105703,irregular,irregular,True
74741,irregular,merger,False
271475,irregular,in_between_elliptical,False
94780,irregular,irregular,True
101229,irregular,irregular,True
165662,irregular,merger,False
133059,irregular,irregular,True
248236,irregular,edge_on,False
205126,irregular,irregular,True
132358,irregular,irregular,True
125378,irregular,irregular,True
224828,irregular,irregular,True
81112,irregular,irregular,True
125217,irregular,barred_spirals,False
267217,irregular,irregular,True
205463,irregular,cigar_shaped_elliptical,False
19147,irregular,merger,False
267747,irregular,irregular,True
273568,irregular,irregular,True
251568,irregular,irregular,True
212399,irregular,irregular,True
119166,irregular,irregular,True
60425,irregular,unbarred_spirals,False
51250,irregular,irregular,True
227284,irregular,irregular,True
252961,irregular,irregular,True
93719,irregular,edge_on,False
181998,irregular,merger,False
14334,irregular,unbarred_spirals,False
63257,irregular,irregular,True
207281,irregular,irregular,True
87578,irregular,irregular,True
70537,irregular,irregular,True
79526,irregular,irregular,True
25180,irregular,irregular,True
280725,irregular,irregular,True
159404,irregular,barred_spirals,False
253770,irregular,irregular,True
181992,irregular,irregular,True
154570,irregular,round_elliptical,False
258261,irregular,irregular,True
267575,irregular,irregular,True
250891,irregular,irregular,True
24207,irregular,irregular,True
114994,irregular,irregular,True
284963,irregular,irregular,True
36144,irregular,irregular,True
201434,irregular,irregular,True
31344,irregular,merger,False
231750,irregular,merger,False
294661,irregular,merger,False
207126,irregular,merger,False
138441,irregular,irregular,True
232371,irregular,merger,False
208286,irregular,irregular,True
86462,irregular,irregular,True
33694,irregular,irregular,True
246356,irregular,irregular,True
186103,irregular,irregular,True
166114,irregular,round_elliptical,False
16942,irregular,round_elliptical,False
126463,irregular,irregular,True
130490,irregular,in_between_elliptical,False
163196,irregular,unbarred_spirals,False
255758,irregular,irregular,True
209203,irregular,irregular,True
238413,irregular,irregular,True
63884,irregular,irregular,True
6875,irregular,irregular,True
254498,irregular,unbarred_spirals,False
226832,irregular,irregular,True
137816,irregular,in_between_elliptical,False
107794,irregular,unbarred_spirals,False
259631,irregular,irregular,True
240146,irregular,unbarred_spirals,False
65188,irregular,irregular,True
271319,irregular,irregular,True
119308,irregular,irregular,True
162798,irregular,merger,False
258025,irregular,irregular,True
32864,irregular,irregular,True
80193,irregular,round_elliptical,False
264425,irregular,irregular,True
209395,irregular,irregular,True
273700,irregular,irregular,True
261177,irregular,unbarred_spirals,False
195898,irregular,irregular,True
196871,irregular,irregular,True
80838,irregular,merger,False
44985,irregular,merger,False
64910,irregular,irregular,True
116551,irregular,irregular,True
51728,irregular,round_elliptical,False
14041,irregular,merger,False
122018,irregular,merger,False
69043,irregular,irregular,True
261026,irregular,irregular,True
261810,irregular,irregular,True
181809,irregular,irregular,True
258332,irregular,in_between_elliptical,False
254171,irregular,round_elliptical,False
27259,irregular,irregular,True
266085,irregular,irregular,True
257001,irregular,barred_spirals,False
129822,irregular,unbarred_spirals,False
139260,irregular,irregular,True
83908,irregular,irregular,True
60767,irregular,irregular,True
196496,irregular,in_between_elliptical,False
173299,irregular,irregular,True
227526,irregular,irregular,True
10486,irregular,merger,False
294045,irregular,irregular,True
186402,irregular,irregular,True
96368,irregular,irregular,True
150079,irregular,irregular,True
262021,irregular,irregular,True
182051,irregular,cigar_shaped_elliptical,False
290856,irregular,irregular,True
254672,irregular,edge_on,False
157697,irregular,unbarred_spirals,False
254307,irregular,irregular,True
205413,irregular,irregular,True
137497,irregular,irregular,True
23654,irregular,edge_on,False
73143,irregular,irregular,True
56920,irregular,irregular,True
128016,irregular,irregular,True
30109,irregular,irregular,True
90695,irregular,barred_spirals,False
41775,irregular,irregular,True
258666,irregular,irregular,True
30156,irregular,in_between_elliptical,False
108519,irregular,round_elliptical,False
270909,irregular,irregular,True
10003,irregular,irregular,True
246153,irregular,unbarred_spirals,False
60377,irregular,irregular,True
188328,irregular,irregular,True
173672,irregular,irregular,True
107602,irregular,unbarred_spirals,False
258741,irregular,irregular,True
143526,irregular,barred_spirals,False
179791,irregular,irregular,True
237816,irregular,barred_spirals,False
133477,irregular,irregular,True
77927,irregular,irregular,True
113672,irregular,irregular,True
63261,irregular,irregular,True
22641,irregular,irregular,True
165666,irregular,round_elliptical,False
106579,irregular,irregular,True
20389,irregular,irregular,True
206040,irregular,irregular,True
41291,irregular,irregular,True
117384,irregular,irregular,True
248302,irregular,irregular,True
126095,irregular,irregular,True
14133,irregular,unbarred_spirals,False
60267,irregular,irregular,True
266882,irregular,irregular,True
58222,irregular,round_elliptical,False
89287,irregular,irregular,True
269352,irregular,irregular,True
212147,irregular,irregular,True
51215,irregular,merger,False
150954,irregular,irregular,True
21447,irregular,in_between_elliptical,False
80239,irregular,irregular,True
68959,irregular,irregular,True
36473,irregular,irregular,True
229617,irregular,unbarred_spirals,False
11161,irregular,irregular,True
254651,irregular,irregular,True
62252,irregular,unbarred_spirals,False
178220,irregular,unbarred_spirals,False
271584,irregular,irregular,True
161218,irregular,cigar_shaped_elliptical,False
222989,irregular,in_between_elliptical,False
15882,irregular,merger,False
44731,irregular,barred_spirals,False
239737,irregular,edge_on,False
138389,irregular,irregular,True
208206,irregular,irregular,True
115939,irregular,merger,False
9577,irregular,irregular,True
260922,irregular,irregular,True
120526,irregular,in_between_elliptical,False
191709,irregular,irregular,True
206409,irregular,merger,False
127194,irregular,unbarred_spirals,False
143532,irregular,irregular,True
255632,irregular,irregular,True
226025,irregular,irregular,True
263182,irregular,merger,False
11189,irregular,irregular,True
205777,irregular,irregular,True
45300,irregular,irregular,True
273118,irregular,round_elliptical,False
141539,irregular,unbarred_spirals,False
230570,irregular,irregular,True
20932,irregular,unbarred_spirals,False
167942,irregular,merger,False
156152,irregular,round_elliptical,False
263100,irregular,irregular,True
174294,irregular,barred_spirals,False
274938,irregular,irregular,True
94930,irregular,edge_on,False
115303,irregular,cigar_shaped_elliptical,False
185640,irregular,unbarred_spirals,False
12333,irregular,irregular,True
263077,irregular,irregular,True
53941,irregular,irregular,True
28804,irregular,irregular,True
128913,irregular,irregular,True
13977,irregular,irregular,True
108998,irregular,irregular,True
29835,irregular,irregular,True
69926,irregular,unbarred_spirals,False
285668,irregular,merger,False
253806,irregular,merger,False
253709,irregular,irregular,True
126131,irregular,irregular,True
266285,irregular,irregular,True
205801,irregular,irregular,True
76730,irregular,irregular,True
184780,irregular,unbarred_spirals,False
57566,irregular,irregular,True
57786,irregular,irregular,True
80329,irregular,barred_spirals,False
137403,irregular,irregular,True
79979,irregular,irregular,True
160464,irregular,in_between_elliptical,False
260013,irregular,irregular,True
229085,irregular,irregular,True
227778,irregular,edge_on,False
26377,irregular,irregular,True
49122,irregular,irregular,True
1578,irregular,irregular,True
105605,irregular,round_elliptical,False
56310,irregular,irregular,True
264083,irregular,irregular,True
85053,irregular,irregular,True
285880,irregular,round_elliptical,False
195661,irregular,unbarred_spirals,False
254237,irregular,unbarred_spirals,False
109680,irregular,unbarred_spirals,False
201776,irregular,merger,False
173971,irregular,in_between_elliptical,False
260141,irregular,irregular,True
111503,irregular,merger,False
118478,irregular,irregular,True
111567,irregular,irregular,True
140760,irregular,irregular,True
88009,irregular,irregular,True
133594,irregular,in_between_elliptical,False
36843,irregular,irregular,True
267564,irregular,irregular,True
271817,irregular,irregular,True
259741,irregular,irregular,True
82590,irregular,irregular,True
109678,irregular,irregular,True
149427,irregular,edge_on,False
244036,irregular,irregular,True
258073,irregular,irregular,True
255076,irregular,irregular,True
260151,irregular,irregular,True
557,irregular,edge_on,False
112972,irregular,irregular,True
59619,irregular,irregular,True
31276,irregular,irregular,True
226812,irregular,merger,False
178221,irregular,cigar_shaped_elliptical,False
144097,irregular,irregular,True
168799,irregular,irregular,True
52833,irregular,irregular,True
214953,irregular,irregular,True
248598,irregular,irregular,True
81951,irregular,irregular,True
238643,irregular,irregular,True
76056,irregular,merger,False
236185,irregular,merger,False
14393,irregular,barred_spirals,False
53946,irregular,irregular,True
282082,irregular,irregular,True
132295,irregular,irregular,True
62632,irregular,irregular,True
273777,irregular,irregular,True
251413,irregular,irregular,True
170576,irregular,irregular,True
7732,irregular,irregular,True
119643,irregular,irregular,True
129186,irregular,round_elliptical,False
134115,irregular,irregular,True
213727,irregular,merger,False
220395,irregular,irregular,True
17334,irregular,unbarred_spirals,False
106781,irregular,round_elliptical,False
28179,irregular,irregular,True
246097,irregular,irregular,True
236025,irregular,round_elliptical,False
222445,irregular,irregular,True
16014,irregular,cigar_shaped_elliptical,False
77160,irregular,merger,False
259997,irregular,unbarred_spirals,False
114501,irregular,irregular,True
11209,irregular,irregular,True
227993,irregular,round_elliptical,False
183748,irregular,barred_spirals,False
189226,irregular,irregular,True
142468,irregular,irregular,True
246904,irregular,irregular,True
76602,irregular,irregular,True
229710,irregular,irregular,True
59805,irregular,irregular,True
113169,irregular,irregular,True
267171,irregular,barred_spirals,False
263703,irregular,irregular,True
173193,irregular,cigar_shaped_elliptical,False
267306,irregular,edge_on,False
255917,irregular,irregular,True
251542,irregular,irregular,True
157688,irregular,irregular,True
120300,irregular,irregular,True
140742,irregular,irregular,True
139018,irregular,barred_spirals,False
232182,irregular,barred_spirals,False
18838,irregular,irregular,True
36254,irregular,irregular,True
220193,irregular,irregular,True
120807,irregular,round_elliptical,False
74326,irregular,irregular,True
67986,irregular,irregular,True
257336,irregular,unbarred_spirals,False
16949,irregular,irregular,True
254786,irregular,irregular,True
247373,irregular,edge_on,False
214152,irregular,irregular,True
106920,irregular,cigar_shaped_elliptical,False
114117,irregular,merger,False
82397,irregular,irregular,True
209646,irregular,irregular,True
224525,irregular,in_between_elliptical,False
285901,irregular,irregular,True
66100,irregular,merger,False
73273,irregular,edge_on,False
263728,irregular,irregular,True
114993,irregular,irregular,True
191465,irregular,unbarred_spirals,False
201051,irregular,irregular,True
247087,irregular,irregular,True
284695,irregular,irregular,True
109047,irregular,irregular,True
184273,irregular,irregular,True
282552,irregular,irregular,True
181308,irregular,merger,False
69155,irregular,irregular,True
224948,irregular,edge_on,False
108914,irregular,irregular,True
68136,irregular,irregular,True
231288,irregular,irregular,True
223635,irregular,irregular,True
131320,irregular,irregular,True
236211,irregular,cigar_shaped_elliptical,False
116178,irregular,irregular,True
40326,irregular,irregular,True
193170,irregular,in_between_elliptical,False
165581,irregular,irregular,True
253083,irregular,irregular,True
90145,irregular,irregular,True
232040,irregular,round_elliptical,False
199525,irregular,unbarred_spirals,False
25857,irregular,irregular,True
140267,irregular,irregular,True
247024,irregular,irregular,True
196516,irregular,unbarred_spirals,False
210920,irregular,round_elliptical,False
263174,irregular,irregular,True
33741,irregular,irregular,True
245807,irregular,irregular,True
257154,irregular,irregular,True
57690,irregular,irregular,True
256281,irregular,irregular,True
110702,irregular,edge_on,False
270527,irregular,irregular,True
49142,irregular,irregular,True
128278,irregular,irregular,True
124668,irregular,merger,False
151793,irregular,irregular,True
124566,irregular,irregular,True
220104,irregular,irregular,True
98164,irregular,irregular,True
7627,irregular,irregular,True
132247,irregular,irregular,True
192229,irregular,round_elliptical,False
90984,irregular,unbarred_spirals,False
91803,irregular,round_elliptical,False
212512,irregular,in_between_elliptical,False
22907,irregular,irregular,True
75709,irregular,irregular,True
71400,irregular,unbarred_spirals,False
47110,irregular,irregular,True
65607,irregular,irregular,True
11028,irregular,unbarred_spirals,False
246340,irregular,unbarred_spirals,False
99146,irregular,unbarred_spirals,False
52899,irregular,irregular,True
149518,irregular,irregular,True
150046,irregular,unbarred_spirals,False
275451,irregular,irregular,True
58555,irregular,merger,False
191788,irregular,barred_spirals,False
119100,irregular,irregular,True
251110,irregular,unbarred_spirals,False
156658,irregular,irregular,True
125131,irregular,irregular,True
38068,irregular,irregular,True
37474,irregular,irregular,True
96636,irregular,irregular,True
23315,irregular,irregular,True
260459,irregular,irregular,True
90177,irregular,barred_spirals,False
61573,irregular,irregular,True
119718,irregular,round_elliptical,False
32509,irregular,round_elliptical,False
253203,irregular,irregular,True
32079,irregular,irregular,True
268485,irregular,unbarred_spirals,False
273621,irregular,irregular,True
175165,irregular,unbarred_spirals,False
193271,irregular,irregular,True
235477,irregular,irregular,True
27740,irregular,irregular,True
235688,irregular,round_elliptical,False
263735,irregular,irregular,True
70822,irregular,irregular,True
264989,irregular,irregular,True
213891,irregular,edge_on,False
97305,irregular,irregular,True
177681,irregular,irregular,True
186516,irregular,irregular,True
8523,irregular,round_elliptical,False
32715,irregular,merger,False
259144,irregular,irregular,True
255101,irregular,unbarred_spirals,False
265547,irregular,unbarred_spirals,False
7136,irregular,irregular,True
283008,irregular,irregular,True
263800,irregular,irregular,True
260256,irregular,irregular,True
160659,irregular,irregular,True
113285,irregular,unbarred_spirals,False
156789,irregular,irregular,True
220775,irregular,unbarred_spirals,False
272902,irregular,irregular,True
93954,irregular,in_between_elliptical,False
81320,irregular,irregular,True
254783,irregular,irregular,True
263752,irregular,irregular,True
153181,irregular,irregular,True
99510,irregular,irregular,True
74211,irregular,round_elliptical,False
51576,irregular,unbarred_spirals,False
230260,irregular,in_between_elliptical,False
163184,irregular,round_elliptical,False
169925,irregular,irregular,True
116780,irregular,in_between_elliptical,False
111162,irregular,irregular,True
258927,irregular,irregular,True
11181,irregular,irregular,True
112764,irregular,in_between_elliptical,False
28093,irregular,unbarred_spirals,False
243581,irregular,unbarred_spirals,False
232687,irregular,irregular,True
256007,irregular,edge_on,False
254721,irregular,irregular,True
39799,irregular,irregular,True
260140,irregular,edge_on,False
41854,irregular,edge_on,False
6767,irregular,irregular,True
17086,irregular,irregular,True
263214,irregular,irregular,True
185010,irregular,irregular,True
72304,irregular,cigar_shaped_elliptical,False
123142,irregular,irregular,True
225793,irregular,irregular,True
222967,irregular,irregular,True
237868,irregular,unbarred_spirals,False
109835,irregular,unbarred_spirals,False
255780,irregular,irregular,True
33973,irregular,unbarred_spirals,False
291316,irregular,irregular,True
55750,irregular,irregular,True
272934,irregular,irregular,True
273500,irregular,irregular,True
20791,irregular,unbarred_spirals,False
267979,irregular,irregular,True
209640,irregular,irregular,True
213955,irregular,irregular,True
107735,irregular,irregular,True
93021,irregular,edge_on,False
53488,irregular,barred_spirals,False
131625,irregular,irregular,True
255404,irregular,cigar_shaped_elliptical,False
106777,irregular,irregular,True
270880,irregular,irregular,True
118160,irregular,irregular,True
94586,irregular,merger,False
127756,irregular,irregular,True
127290,irregular,in_between_elliptical,False
78192,irregular,irregular,True
158576,irregular,irregular,True
220991,irregular,irregular,True
18796,irregular,irregular,True
20127,irregular,irregular,True
80896,irregular,barred_spirals,False
58812,irregular,irregular,True
174341,irregular,irregular,True
211218,irregular,irregular,True
228094,irregular,irregular,True
27485,irregular,irregular,True
86024,irregular,unbarred_spirals,False
244668,irregular,irregular,True
261637,irregular,irregular,True
5525,irregular,in_between_elliptical,False
249751,irregular,irregular,True
285848,irregular,irregular,True
193113,irregular,irregular,True
247708,irregular,irregular,True
247435,irregular,barred_spirals,False
150116,irregular,merger,False
191218,irregular,irregular,True
272455,irregular,edge_on,False
256012,irregular,irregular,True
23848,irregular,in_between_elliptical,False
73745,irregular,irregular,True
163292,irregular,edge_on,False
195507,irregular,irregular,True
131319,irregular,irregular,True
266068,irregular,edge_on,False
241250,irregular,irregular,True
161822,irregular,barred_spirals,False
59643,irregular,unbarred_spirals,False
73367,irregular,unbarred_spirals,False
239750,irregular,irregular,True
171245,irregular,irregular,True
58524,merger,merger,True
40173,merger,merger,True
52876,merger,merger,True
264386,merger,merger,True
90596,merger,merger,True
230517,merger,merger,True
159108,merger,merger,True
261054,merger,irregular,False
201876,merger,merger,True
173761,merger,merger,True
96350,merger,merger,True
40565,merger,merger,True
164489,merger,merger,True
224486,merger,merger,True
188623,merger,merger,True
98879,merger,cigar_shaped_elliptical,False
239167,merger,unbarred_spirals,False
132038,merger,merger,True
230964,merger,merger,True
31981,merger,merger,True
133597,merger,merger,True
197582,merger,merger,True
137122,merger,merger,True
149921,merger,merger,True
246657,merger,merger,True
72301,merger,merger,True
34169,merger,merger,True
197018,merger,merger,True
260790,merger,merger,True
100577,merger,merger,True
58055,merger,merger,True
257029,merger,merger,True
216367,merger,merger,True
116825,merger,merger,True
16101,merger,merger,True
157345,merger,merger,True
149300,merger,merger,True
218389,merger,merger,True
85768,merger,merger,True
185013,merger,round_elliptical,False
13144,merger,merger,True
265589,merger,irregular,False
256445,merger,merger,True
259781,merger,merger,True
4313,merger,merger,True
240156,merger,merger,True
102619,merger,merger,True
257910,merger,edge_on,False
109830,merger,merger,True
169028,merger,irregular,False
38378,merger,merger,True
53846,merger,in_between_elliptical,False
113082,merger,merger,True
82591,merger,merger,True
250189,merger,merger,True
221426,merger,merger,True
125052,merger,merger,True
233670,merger,merger,True
211756,merger,merger,True
222373,merger,merger,True
136017,merger,irregular,False
132457,merger,merger,True
61112,merger,merger,True
254700,merger,merger,True
198688,merger,merger,True
125993,merger,merger,True
222437,merger,merger,True
167576,merger,merger,True
88350,merger,merger,True
210248,merger,merger,True
256603,merger,merger,True
121246,merger,merger,True
218990,merger,merger,True
259194,merger,merger,True
273279,merger,merger,True
212143,merger,merger,True
195441,merger,irregular,False
223416,merger,merger,True
81084,merger,merger,True
162959,merger,barred_spirals,False
168535,merger,merger,True
28606,merger,round_elliptical,False
279139,merger,irregular,False
241737,merger,merger,True
230319,merger,merger,True
283696,merger,round_elliptical,False
265989,merger,merger,True
290894,merger,merger,True
215737,merger,merger,True
169989,merger,merger,True
70686,merger,merger,True
75213,merger,merger,True
261805,merger,merger,True
250027,merger,merger,True
93188,merger,merger,True
201379,merger,irregular,False
127403,merger,merger,True
54707,merger,merger,True
10807,merger,merger,True
148249,merger,merger,True
230424,merger,merger,True
190957,merger,merger,True
111113,merger,merger,True
181204,merger,irregular,False
210102,merger,merger,True
63646,merger,merger,True
93734,merger,merger,True
4187,merger,merger,True
74370,merger,merger,True
71505,merger,merger,True
263536,merger,merger,True
122359,merger,merger,True
257852,merger,merger,True
1555,merger,merger,True
113189,merger,merger,True
270169,merger,merger,True
79626,merger,irregular,False
87932,merger,merger,True
205469,merger,irregular,False
164541,merger,merger,True
244689,merger,merger,True
256182,merger,merger,True
13490,merger,merger,True
27300,merger,merger,True
194620,merger,merger,True
82204,merger,merger,True
262790,merger,merger,True
167666,merger,merger,True
195701,merger,merger,True
64937,merger,merger,True
247082,merger,merger,True
175134,merger,merger,True
264903,merger,merger,True
68927,merger,merger,True
36105,merger,merger,True
31895,merger,merger,True
261531,merger,merger,True
127713,merger,merger,True
269281,merger,merger,True
237605,merger,merger,True
6967,merger,merger,True
95195,merger,merger,True
176516,merger,merger,True
109029,merger,merger,True
37170,merger,merger,True
137168,merger,merger,True
155145,merger,irregular,False
257075,merger,merger,True
149472,merger,irregular,False
272654,merger,merger,True
112221,merger,merger,True
74532,merger,irregular,False
94310,merger,merger,True
186269,merger,merger,True
86022,merger,merger,True
259159,merger,merger,True
246963,merger,merger,True
117989,merger,merger,True
47828,merger,merger,True
81404,merger,edge_on,False
273151,merger,barred_spirals,False
273504,merger,merger,True
75536,merger,irregular,False
180558,merger,merger,True
265718,merger,merger,True
97612,merger,merger,True
222527,merger,merger,True
23500,merger,merger,True
38828,merger,merger,True
274365,merger,merger,True
62577,merger,merger,True
141131,merger,merger,True
225347,merger,merger,True
113598,merger,merger,True
114440,merger,merger,True
47931,merger,merger,True
103448,merger,merger,True
280268,merger,merger,True
209037,merger,edge_on,False
156211,merger,merger,True
82937,merger,merger,True
68487,merger,merger,True
211783,merger,merger,True
218889,merger,merger,True
217711,merger,merger,True
178354,merger,merger,True
81755,merger,merger,True
101848,merger,merger,True
160846,merger,merger,True
238994,merger,merger,True
54525,merger,merger,True
83424,merger,merger,True
257598,merger,in_between_elliptical,False
247935,merger,irregular,False
179662,merger,merger,True
145316,merger,merger,True
175349,merger,merger,True
173673,merger,merger,True
256670,merger,merger,True
116932,merger,merger,True
276602,merger,unbarred_spirals,False
120660,merger,merger,True
187093,merger,edge_on,False
276819,merger,merger,True
30928,merger,unbarred_spirals,False
83550,merger,merger,True
110189,merger,irregular,False
270492,merger,merger,True
76812,merger,irregular,False
41157,merger,merger,True
105747,merger,merger,True
203367,merger,merger,True
125209,merger,merger,True
156903,merger,merger,True
111102,merger,merger,True
209099,merger,irregular,False
154002,merger,merger,True
204607,merger,merger,True
21239,merger,merger,True
75863,merger,merger,True
13707,merger,merger,True
31427,merger,merger,True
54122,merger,merger,True
256391,merger,merger,True
258334,merger,edge_on,False
273770,merger,merger,True
144524,merger,unbarred_spirals,False
33751,merger,merger,True
163060,merger,merger,True
135905,merger,barred_spirals,False
95154,merger,merger,True
212889,merger,merger,True
177378,merger,merger,True
185815,merger,merger,True
117122,merger,merger,True
251349,merger,merger,True
269652,merger,merger,True
136381,merger,merger,True
187103,merger,merger,True
181163,merger,merger,True
154963,merger,merger,True
19861,merger,unbarred_spirals,False
1561,merger,merger,True
259102,merger,round_elliptical,False
260321,merger,irregular,False
232660,merger,merger,True
139827,merger,merger,True
7971,merger,merger,True
125126,merger,merger,True
54573,merger,merger,True
208405,merger,merger,True
195161,merger,merger,True
99748,merger,merger,True
41242,merger,merger,True
163996,merger,merger,True
95253,merger,merger,True
125155,merger,merger,True
150564,merger,merger,True
258097,merger,irregular,False
125357,merger,merger,True
15925,merger,merger,True
211823,merger,merger,True
115022,merger,merger,True
142293,merger,merger,True
198649,merger,in_between_elliptical,False
223377,merger,merger,True
216566,merger,merger,True
151387,merger,round_elliptical,False
207127,merger,irregular,False
99463,merger,merger,True
251458,merger,merger,True
39099,merger,merger,True
55451,merger,merger,True
121345,merger,merger,True
39034,merger,merger,True
111150,merger,merger,True
242156,merger,merger,True
115081,merger,merger,True
138227,merger,merger,True
246835,merger,irregular,False
238862,merger,merger,True
90023,merger,merger,True
69336,merger,merger,True
249326,merger,merger,True
10742,merger,merger,True
98869,merger,merger,True
63387,merger,merger,True
221638,merger,merger,True
43659,merger,merger,True
257365,merger,merger,True
20241,merger,merger,True
267210,merger,merger,True
106039,merger,irregular,False
149983,merger,merger,True
26417,merger,merger,True
125874,merger,merger,True
194134,merger,merger,True
286769,merger,unbarred_spirals,False
121259,merger,merger,True
119333,merger,merger,True
30241,merger,round_elliptical,False
210121,merger,merger,True
266689,merger,merger,True
149982,merger,irregular,False
71234,merger,merger,True
222728,merger,merger,True
244758,merger,merger,True
10015,merger,merger,True
259458,merger,barred_spirals,False
40665,merger,merger,True
32083,merger,merger,True
285120,merger,merger,True
102708,merger,merger,True
267274,merger,merger,True
20920,merger,merger,True
259771,merger,merger,True
240950,merger,merger,True
97320,merger,merger,True
189284,merger,merger,True
252864,merger,merger,True
192012,merger,merger,True
201049,merger,merger,True
249336,merger,merger,True
270017,merger,merger,True
169984,merger,merger,True
31964,merger,merger,True
236241,merger,merger,True
137781,merger,merger,True
53858,merger,merger,True
203289,merger,irregular,False
52602,merger,merger,True
5294,merger,merger,True
138183,merger,irregular,False
231362,merger,merger,True
155964,merger,merger,True
73949,merger,merger,True
181642,merger,merger,True
46104,merger,merger,True
139552,merger,merger,True
173666,merger,merger,True
45908,merger,merger,True
155765,merger,merger,True
267014,merger,merger,True
30938,merger,merger,True
187314,merger,merger,True
89930,merger,merger,True
187963,merger,merger,True
154137,merger,barred_spirals,False
108373,merger,round_elliptical,False
108954,merger,merger,True
221993,merger,merger,True
86210,merger,merger,True
114372,merger,merger,True
47371,merger,merger,True
41963,merger,merger,True
177220,merger,merger,True
193813,merger,merger,True
237305,merger,merger,True
50752,merger,merger,True
160389,merger,merger,True
103297,merger,merger,True
235401,merger,merger,True
283503,merger,irregular,False
86542,merger,merger,True
61858,merger,merger,True
212363,merger,merger,True
167675,merger,merger,True
254880,merger,merger,True
107400,merger,merger,True
239702,merger,merger,True
61149,merger,in_between_elliptical,False
43978,merger,merger,True
189351,merger,merger,True
68412,merger,merger,True
267944,merger,merger,True
251582,merger,merger,True
120116,merger,merger,True
255143,merger,merger,True
221076,merger,merger,True
118156,merger,merger,True
37703,merger,cigar_shaped_elliptical,False
137045,merger,merger,True
136043,merger,merger,True
225158,merger,merger,True
15606,merger,in_between_elliptical,False
172136,merger,merger,True
65233,merger,merger,True
38123,merger,irregular,False
97500,merger,merger,True
36666,merger,merger,True
259172,merger,merger,True
263797,merger,edge_on,False
199602,merger,merger,True
61113,merger,merger,True
178819,merger,irregular,False
110058,merger,merger,True
27645,merger,merger,True
97726,merger,merger,True
216366,merger,merger,True
270794,merger,merger,True
292215,merger,merger,True
108096,merger,merger,True
149811,merger,merger,True
7116,merger,merger,True
148025,merger,merger,True
205340,merger,merger,True
56148,merger,irregular,False
75456,merger,merger,True
259690,merger,merger,True
273121,merger,merger,True
286389,merger,merger,True
288865,merger,merger,True
205936,merger,merger,True
30154,merger,merger,True
16705,merger,merger,True
195207,merger,cigar_shaped_elliptical,False
90169,merger,merger,True
74571,merger,merger,True
120156,merger,merger,True
138564,merger,merger,True
198721,merger,merger,True
154180,round_elliptical,round_elliptical,True
107243,round_elliptical,round_elliptical,True
72107,round_elliptical,round_elliptical,True
97239,round_elliptical,round_elliptical,True
278070,round_elliptical,round_elliptical,True
96486,round_elliptical,round_elliptical,True
149429,round_elliptical,round_elliptical,True
255805,round_elliptical,irregular,False
83013,round_elliptical,round_elliptical,True
117014,round_elliptical,round_elliptical,True
196312,round_elliptical,round_elliptical,True
82037,round_elliptical,round_elliptical,True
24164,round_elliptical,round_elliptical,True
54844,round_elliptical,round_elliptical,True
188589,round_elliptical,round_elliptical,True
206267,round_elliptical,round_elliptical,True
14854,round_elliptical,round_elliptical,True
199372,round_elliptical,round_elliptical,True
40526,round_elliptical,round_elliptical,True
239392,round_elliptical,round_elliptical,True
53465,round_elliptical,in_between_elliptical,False
37610,round_elliptical,round_elliptical,True
22256,round_elliptical,round_elliptical,True
38786,round_elliptical,round_elliptical,True
22883,round_elliptical,round_elliptical,True
237794,round_elliptical,round_elliptical,True
144255,round_elliptical,round_elliptical,True
212613,round_elliptical,round_elliptical,True
4359,round_elliptical,round_elliptical,True
223756,round_elliptical,round_elliptical,True
192227,round_elliptical,round_elliptical,True
198523,round_elliptical,round_elliptical,True
24420,round_elliptical,round_elliptical,True
136834,round_elliptical,round_elliptical,True
133952,round_elliptical,unbarred_spirals,False
110078,round_elliptical,round_elliptical,True
58220,round_elliptical,round_elliptical,True
236036,round_elliptical,round_elliptical,True
206061,round_elliptical,round_elliptical,True
15780,round_elliptical,round_elliptical,True
60810,round_elliptical,round_elliptical,True
107050,round_elliptical,round_elliptical,True
26685,round_elliptical,round_elliptical,True
196706,round_elliptical,round_elliptical,True
232253,round_elliptical,round_elliptical,True
166434,round_elliptical,round_elliptical,True
113735,round_elliptical,round_elliptical,True
169396,round_elliptical,round_elliptical,True
227173,round_elliptical,round_elliptical,True
36683,round_elliptical,round_elliptical,True
119560,round_elliptical,in_between_elliptical,False
156857,round_elliptical,round_elliptical,True
109785,round_elliptical,round_elliptical,True
150143,round_elliptical,unbarred_spirals,False
236378,round_elliptical,round_elliptical,True
257935,round_elliptical,round_elliptical,True
209259,round_elliptical,round_elliptical,True
83990,round_elliptical,round_elliptical,True
103712,round_elliptical,round_elliptical,True
156312,round_elliptical,round_elliptical,True
20991,round_elliptical,round_elliptical,True
48207,round_elliptical,round_elliptical,True
9560,round_elliptical,round_elliptical,True
201152,round_elliptical,round_elliptical,True
286366,round_elliptical,round_elliptical,True
213619,round_elliptical,round_elliptical,True
40363,round_elliptical,round_elliptical,True
210337,round_elliptical,round_elliptical,True
177122,round_elliptical,round_elliptical,True
129056,round_elliptical,round_elliptical,True
12939,round_elliptical,round_elliptical,True
88949,round_elliptical,round_elliptical,True
42129,round_elliptical,round_elliptical,True
170254,round_elliptical,round_elliptical,True
158746,round_elliptical,round_elliptical,True
213481,round_elliptical,round_elliptical,True
54403,round_elliptical,round_elliptical,True
243200,round_elliptical,round_elliptical,True
207733,round_elliptical,round_elliptical,True
219859,round_elliptical,round_elliptical,True
132701,round_elliptical,round_elliptical,True
16614,round_elliptical,round_elliptical,True
292932,round_elliptical,round_elliptical,True
141935,round_elliptical,round_elliptical,True
155410,round_elliptical,round_elliptical,True
58264,round_elliptical,round_elliptical,True
203984,round_elliptical,merger,False
106015,round_elliptical,round_elliptical,True
134380,round_elliptical,round_elliptical,True
45327,round_elliptical,round_elliptical,True
142556,round_elliptical,round_elliptical,True
18970,round_elliptical,round_elliptical,True
283701,round_elliptical,merger,False
194840,round_elliptical,round_elliptical,True
245070,round_elliptical,round_elliptical,True
3101,round_elliptical,round_elliptical,True
236101,round_elliptical,round_elliptical,True
108083,round_elliptical,round_elliptical,True
49783,round_elliptical,round_elliptical,True
161424,round_elliptical,round_elliptical,True
40339,round_elliptical,round_elliptical,True
223947,round_elliptical,round_elliptical,True
18915,round_elliptical,round_elliptical,True
128066,round_elliptical,round_elliptical,True
50103,round_elliptical,round_elliptical,True
235772,round_elliptical,round_elliptical,True
76748,round_elliptical,round_elliptical,True
220488,round_elliptical,round_elliptical,True
58893,round_elliptical,round_elliptical,True
239526,round_elliptical,round_elliptical,True
23388,round_elliptical,irregular,False
24191,round_elliptical,irregular,False
271768,round_elliptical,round_elliptical,True
221689,round_elliptical,round_elliptical,True
287329,round_elliptical,round_elliptical,True
251986,round_elliptical,round_elliptical,True
31890,round_elliptical,round_elliptical,True
44703,round_elliptical,round_elliptical,True
83418,round_elliptical,round_elliptical,True
185429,round_elliptical,round_elliptical,True
632,round_elliptical,round_elliptical,True
238167,round_elliptical,round_elliptical,True
209217,round_elliptical,round_elliptical,True
179381,round_elliptical,round_elliptical,True
77117,round_elliptical,round_elliptical,True
198994,round_elliptical,round_elliptical,True
20203,round_elliptical,round_elliptical,True
87624,round_elliptical,round_elliptical,True
8049,round_elliptical,round_elliptical,True
176840,round_elliptical,round_elliptical,True
69243,round_elliptical,round_elliptical,True
47665,round_elliptical,round_elliptical,True
273554,round_elliptical,round_elliptical,True
139787,round_elliptical,round_elliptical,True
143466,round_elliptical,round_elliptical,True
35908,round_elliptical,round_elliptical,True
229145,round_elliptical,round_elliptical,True
224962,round_elliptical,round_elliptical,True
67956,round_elliptical,round_elliptical,True
102350,round_elliptical,round_elliptical,True
289757,round_elliptical,round_elliptical,True
22160,round_elliptical,round_elliptical,True
107058,round_elliptical,round_elliptical,True
155624,round_elliptical,round_elliptical,True
193262,round_elliptical,round_elliptical,True
226053,round_elliptical,round_elliptical,True
35447,round_elliptical,round_elliptical,True
63055,round_elliptical,round_elliptical,True
124150,round_elliptical,round_elliptical,True
225010,round_elliptical,round_elliptical,True
16752,round_elliptical,round_elliptical,True
53252,round_elliptical,round_elliptical,True
62883,round_elliptical,round_elliptical,True
289525,round_elliptical,round_elliptical,True
187709,round_elliptical,in_between_elliptical,False
47530,round_elliptical,round_elliptical,True
46995,round_elliptical,round_elliptical,True
151594,round_elliptical,irregular,False
134303,round_elliptical,merger,False
195287,round_elliptical,round_elliptical,True
220910,round_elliptical,round_elliptical,True
204476,round_elliptical,in_between_elliptical,False
122660,round_elliptical,round_elliptical,True
201539,round_elliptical,round_elliptical,True
45130,round_elliptical,round_elliptical,True
234979,round_elliptical,round_elliptical,True
106634,round_elliptical,round_elliptical,True
237784,round_elliptical,round_elliptical,True
124160,round_elliptical,round_elliptical,True
174725,round_elliptical,round_elliptical,True
37724,round_elliptical,round_elliptical,True
34611,round_elliptical,round_elliptical,True
200857,round_elliptical,round_elliptical,True
45384,round_elliptical,round_elliptical,True
208999,round_elliptical,round_elliptical,True
33754,round_elliptical,round_elliptical,True
273776,round_elliptical,round_elliptical,True
250001,round_elliptical,round_elliptical,True
227522,round_elliptical,round_elliptical,True
215301,round_elliptical,round_elliptical,True
166715,round_elliptical,round_elliptical,True
243028,round_elliptical,round_elliptical,True
87522,round_elliptical,round_elliptical,True
156628,round_elliptical,round_elliptical,True
179569,round_elliptical,round_elliptical,True
97023,round_elliptical,barred_spirals,False
28919,round_elliptical,round_elliptical,True
118613,round_elliptical,irregular,False
292881,round_elliptical,round_elliptical,True
36743,round_elliptical,irregular,False
62305,round_elliptical,unbarred_spirals,False
276800,round_elliptical,round_elliptical,True
71405,round_elliptical,irregular,False
74994,round_elliptical,round_elliptical,True
208366,round_elliptical,round_elliptical,True
63119,round_elliptical,round_elliptical,True
115322,round_elliptical,round_elliptical,True
86710,round_elliptical,round_elliptical,True
218757,round_elliptical,round_elliptical,True
219775,round_elliptical,round_elliptical,True
210621,round_elliptical,round_elliptical,True
66638,round_elliptical,round_elliptical,True
229894,round_elliptical,in_between_elliptical,False
24937,round_elliptical,round_elliptical,True
292198,round_elliptical,round_elliptical,True
155616,round_elliptical,round_elliptical,True
199542,round_elliptical,round_elliptical,True
67643,round_elliptical,round_elliptical,True
238277,round_elliptical,round_elliptical,True
94771,round_elliptical,round_elliptical,True
89605,round_elliptical,round_elliptical,True
59675,round_elliptical,round_elliptical,True
173654,round_elliptical,round_elliptical,True
280144,round_elliptical,round_elliptical,True
157810,round_elliptical,round_elliptical,True
117815,round_elliptical,unbarred_spirals,False
71980,round_elliptical,round_elliptical,True
34416,round_elliptical,round_elliptical,True
59735,round_elliptical,round_elliptical,True
191966,round_elliptical,round_elliptical,True
164319,round_elliptical,round_elliptical,True
214324,round_elliptical,round_elliptical,True
55538,round_elliptical,round_elliptical,True
16807,round_elliptical,round_elliptical,True
31149,round_elliptical,round_elliptical,True
229277,round_elliptical,round_elliptical,True
40479,round_elliptical,round_elliptical,True
2015,round_elliptical,round_elliptical,True
136102,round_elliptical,round_elliptical,True
157628,round_elliptical,round_elliptical,True
142960,round_elliptical,round_elliptical,True
84203,round_elliptical,round_elliptical,True
154816,round_elliptical,in_between_elliptical,False
129632,round_elliptical,round_elliptical,True
115508,round_elliptical,round_elliptical,True
152643,round_elliptical,round_elliptical,True
161655,round_elliptical,round_elliptical,True
150880,round_elliptical,round_elliptical,True
63618,round_elliptical,round_elliptical,True
18285,round_elliptical,round_elliptical,True
163414,round_elliptical,round_elliptical,True
110458,round_elliptical,round_elliptical,True
93980,round_elliptical,round_elliptical,True
155211,round_elliptical,round_elliptical,True
176569,round_elliptical,round_elliptical,True
49272,round_elliptical,round_elliptical,True
235849,round_elliptical,round_elliptical,True
237790,round_elliptical,round_elliptical,True
204311,round_elliptical,round_elliptical,True
3656,round_elliptical,round_elliptical,True
125898,round_elliptical,round_elliptical,True
184278,round_elliptical,round_elliptical,True
272931,round_elliptical,irregular,False
127992,round_elliptical,barred_spirals,False
165714,round_elliptical,round_elliptical,True
260618,round_elliptical,round_elliptical,True
227291,round_elliptical,round_elliptical,True
212411,round_elliptical,round_elliptical,True
95763,round_elliptical,round_elliptical,True
252103,round_elliptical,round_elliptical,True
161373,round_elliptical,round_elliptical,True
221833,round_elliptical,round_elliptical,True
21197,round_elliptical,round_elliptical,True
197839,round_elliptical,round_elliptical,True
141772,round_elliptical,round_elliptical,True
20870,round_elliptical,round_elliptical,True
26236,round_elliptical,round_elliptical,True
48794,round_elliptical,round_elliptical,True
173186,round_elliptical,round_elliptical,True
108790,round_elliptical,round_elliptical,True
143458,round_elliptical,round_elliptical,True
261901,round_elliptical,round_elliptical,True
11319,round_elliptical,round_elliptical,True
154247,round_elliptical,round_elliptical,True
209331,round_elliptical,round_elliptical,True
213422,round_elliptical,in_between_elliptical,False
100022,round_elliptical,unbarred_spirals,False
186590,round_elliptical,round_elliptical,True
109475,round_elliptical,round_elliptical,True
51297,round_elliptical,round_elliptical,True
80251,round_elliptical,round_elliptical,True
55955,round_elliptical,round_elliptical,True
186604,round_elliptical,round_elliptical,True
238251,round_elliptical,round_elliptical,True
141351,round_elliptical,round_elliptical,True
164812,round_elliptical,round_elliptical,True
73224,round_elliptical,round_elliptical,True
195187,round_elliptical,round_elliptical,True
25690,round_elliptical,round_elliptical,True
174827,round_elliptical,round_elliptical,True
152527,round_elliptical,unbarred_spirals,False
246814,round_elliptical,irregular,False
229825,round_elliptical,round_elliptical,True
173929,round_elliptical,round_elliptical,True
87142,round_elliptical,round_elliptical,True
39716,round_elliptical,round_elliptical,True
208783,round_elliptical,round_elliptical,True
252886,round_elliptical,round_elliptical,True
97516,round_elliptical,round_elliptical,True
39856,round_elliptical,round_elliptical,True
107734,round_elliptical,round_elliptical,True
203175,round_elliptical,round_elliptical,True
157472,round_elliptical,round_elliptical,True
86284,round_elliptical,round_elliptical,True
187707,round_elliptical,in_between_elliptical,False
179693,round_elliptical,round_elliptical,True
156448,round_elliptical,round_elliptical,True
169880,round_elliptical,round_elliptical,True
113713,round_elliptical,round_elliptical,True
118514,round_elliptical,round_elliptical,True
91300,round_elliptical,round_elliptical,True
83225,round_elliptical,round_elliptical,True
177925,round_elliptical,round_elliptical,True
239623,round_elliptical,round_elliptical,True
197257,round_elliptical,round_elliptical,True
31146,round_elliptical,round_elliptical,True
25106,round_elliptical,round_elliptical,True
17848,round_elliptical,round_elliptical,True
66792,round_elliptical,round_elliptical,True
85466,round_elliptical,round_elliptical,True
201557,round_elliptical,round_elliptical,True
258715,round_elliptical,unbarred_spirals,False
185309,round_elliptical,round_elliptical,True
188381,round_elliptical,round_elliptical,True
943,round_elliptical,round_elliptical,True
230592,round_elliptical,round_elliptical,True
85283,round_elliptical,round_elliptical,True
268586,round_elliptical,unbarred_spirals,False
16697,round_elliptical,round_elliptical,True
144677,round_elliptical,unbarred_spirals,False
11925,round_elliptical,barred_spirals,False
135125,round_elliptical,round_elliptical,True
54396,round_elliptical,round_elliptical,True
257966,round_elliptical,round_elliptical,True
204935,round_elliptical,round_elliptical,True
210327,round_elliptical,round_elliptical,True
209262,round_elliptical,unbarred_spirals,False
203711,round_elliptical,round_elliptical,True
91401,round_elliptical,round_elliptical,True
284981,round_elliptical,round_elliptical,True
194906,round_elliptical,round_elliptical,True
80723,round_elliptical,round_elliptical,True
229616,round_elliptical,round_elliptical,True
19074,round_elliptical,round_elliptical,True
258406,round_elliptical,round_elliptical,True
214426,round_elliptical,round_elliptical,True
72967,round_elliptical,round_elliptical,True
65166,round_elliptical,round_elliptical,True
113729,round_elliptical,round_elliptical,True
112793,round_elliptical,round_elliptical,True
76898,round_elliptical,irregular,False
197763,round_elliptical,round_elliptical,True
96689,round_elliptical,round_elliptical,True
14568,round_elliptical,round_elliptical,True
134674,round_elliptical,round_elliptical,True
184592,round_elliptical,round_elliptical,True
108936,round_elliptical,round_elliptical,True
194843,round_elliptical,round_elliptical,True
232335,round_elliptical,round_elliptical,True
31402,round_elliptical,round_elliptical,True
138678,round_elliptical,irregular,False
116363,round_elliptical,round_elliptical,True
270366,round_elliptical,round_elliptical,True
155464,round_elliptical,round_elliptical,True
13479,round_elliptical,round_elliptical,True
107003,round_elliptical,round_elliptical,True
272847,round_elliptical,round_elliptical,True
90436,round_elliptical,round_elliptical,True
167782,round_elliptical,round_elliptical,True
85923,round_elliptical,round_elliptical,True
63653,round_elliptical,round_elliptical,True
16846,round_elliptical,round_elliptical,True
244344,round_elliptical,round_elliptical,True
126752,round_elliptical,round_elliptical,True
56680,round_elliptical,round_elliptical,True
184568,round_elliptical,round_elliptical,True
153967,round_elliptical,unbarred_spirals,False
119875,round_elliptical,round_elliptical,True
294879,round_elliptical,round_elliptical,True
135196,round_elliptical,round_elliptical,True
35724,round_elliptical,round_elliptical,True
15666,round_elliptical,round_elliptical,True
220098,round_elliptical,round_elliptical,True
66147,round_elliptical,round_elliptical,True
140643,round_elliptical,round_elliptical,True
239140,round_elliptical,round_elliptical,True
160335,round_elliptical,round_elliptical,True
56254,round_elliptical,round_elliptical,True
183504,round_elliptical,round_elliptical,True
237949,round_elliptical,round_elliptical,True
95255,round_elliptical,round_elliptical,True
240085,round_elliptical,round_elliptical,True
50679,round_elliptical,round_elliptical,True
48958,round_elliptical,round_elliptical,True
166156,round_elliptical,round_elliptical,True
15658,round_elliptical,round_elliptical,True
53613,round_elliptical,round_elliptical,True
245774,round_elliptical,round_elliptical,True
179696,round_elliptical,round_elliptical,True
111456,round_elliptical,round_elliptical,True
153586,round_elliptical,round_elliptical,True
41103,round_elliptical,unbarred_spirals,False
157703,round_elliptical,round_elliptical,True
172658,round_elliptical,round_elliptical,True
91362,round_elliptical,round_elliptical,True
132303,round_elliptical,round_elliptical,True
70974,round_elliptical,round_elliptical,True
156956,round_elliptical,round_elliptical,True
7514,round_elliptical,round_elliptical,True
54386,round_elliptical,round_elliptical,True
164442,round_elliptical,round_elliptical,True
76652,round_elliptical,unbarred_spirals,False
198708,round_elliptical,round_elliptical,True
241431,round_elliptical,round_elliptical,True
154389,round_elliptical,round_elliptical,True
260979,round_elliptical,unbarred_spirals,False
116047,round_elliptical,round_elliptical,True
194303,round_elliptical,round_elliptical,True
272648,round_elliptical,unbarred_spirals,False
51579,round_elliptical,round_elliptical,True
69034,round_elliptical,round_elliptical,True
118880,round_elliptical,round_elliptical,True
116265,round_elliptical,round_elliptical,True
51384,round_elliptical,round_elliptical,True
91344,round_elliptical,round_elliptical,True
103195,round_elliptical,round_elliptical,True
69133,round_elliptical,round_elliptical,True
213884,round_elliptical,round_elliptical,True
141385,round_elliptical,round_elliptical,True
10315,round_elliptical,round_elliptical,True
92460,round_elliptical,round_elliptical,True
27400,round_elliptical,round_elliptical,True
200746,round_elliptical,round_elliptical,True
132368,round_elliptical,round_elliptical,True
100824,round_elliptical,round_elliptical,True
35764,round_elliptical,round_elliptical,True
57581,round_elliptical,round_elliptical,True
134567,round_elliptical,round_elliptical,True
125817,round_elliptical,round_elliptical,True
160199,round_elliptical,barred_spirals,False
70621,round_elliptical,round_elliptical,True
118033,round_elliptical,in_between_elliptical,False
178895,round_elliptical,round_elliptical,True
111038,round_elliptical,round_elliptical,True
95367,round_elliptical,round_elliptical,True
178979,round_elliptical,round_elliptical,True
137145,round_elliptical,round_elliptical,True
51660,round_elliptical,round_elliptical,True
76482,round_elliptical,round_elliptical,True
84639,round_elliptical,round_elliptical,True
241902,round_elliptical,merger,False
212515,round_elliptical,round_elliptical,True
117185,round_elliptical,round_elliptical,True
217402,round_elliptical,unbarred_spirals,False
196281,round_elliptical,round_elliptical,True
26370,round_elliptical,round_elliptical,True
240877,round_elliptical,round_elliptical,True
268203,round_elliptical,round_elliptical,True
158591,round_elliptical,round_elliptical,True
154907,round_elliptical,round_elliptical,True
79030,round_elliptical,round_elliptical,True
87255,round_elliptical,round_elliptical,True
98525,round_elliptical,round_elliptical,True
257159,round_elliptical,irregular,False
113961,round_elliptical,round_elliptical,True
236837,round_elliptical,irregular,False
179373,round_elliptical,round_elliptical,True
145125,round_elliptical,round_elliptical,True
207985,round_elliptical,round_elliptical,True
58250,round_elliptical,round_elliptical,True
233415,round_elliptical,round_elliptical,True
226617,round_elliptical,round_elliptical,True
36331,round_elliptical,round_elliptical,True
70540,round_elliptical,round_elliptical,True
274752,round_elliptical,round_elliptical,True
46597,round_elliptical,merger,False
130326,round_elliptical,round_elliptical,True
141005,round_elliptical,round_elliptical,True
126249,round_elliptical,round_elliptical,True
98761,round_elliptical,round_elliptical,True
176740,round_elliptical,round_elliptical,True
7891,round_elliptical,round_elliptical,True
209289,round_elliptical,round_elliptical,True
236653,round_elliptical,round_elliptical,True
119245,round_elliptical,round_elliptical,True
221300,round_elliptical,round_elliptical,True
186914,round_elliptical,round_elliptical,True
209814,round_elliptical,round_elliptical,True
209465,round_elliptical,round_elliptical,True
4540,round_elliptical,round_elliptical,True
2345,round_elliptical,round_elliptical,True
69810,round_elliptical,round_elliptical,True
106802,round_elliptical,round_elliptical,True
80337,round_elliptical,round_elliptical,True
77374,round_elliptical,round_elliptical,True
127461,round_elliptical,in_between_elliptical,False
280410,round_elliptical,round_elliptical,True
294039,round_elliptical,round_elliptical,True
128513,round_elliptical,round_elliptical,True
260723,round_elliptical,unbarred_spirals,False
195933,round_elliptical,round_elliptical,True
78021,round_elliptical,round_elliptical,True
17675,round_elliptical,round_elliptical,True
167677,round_elliptical,round_elliptical,True
44956,round_elliptical,round_elliptical,True
15055,round_elliptical,round_elliptical,True
248842,round_elliptical,round_elliptical,True
210695,round_elliptical,round_elliptical,True
163515,round_elliptical,unbarred_spirals,False
170789,round_elliptical,round_elliptical,True
241443,round_elliptical,round_elliptical,True
58762,round_elliptical,round_elliptical,True
165126,round_elliptical,round_elliptical,True
96508,round_elliptical,round_elliptical,True
78935,round_elliptical,round_elliptical,True
84342,round_elliptical,round_elliptical,True
46464,round_elliptical,round_elliptical,True
29988,round_elliptical,round_elliptical,True
41532,round_elliptical,round_elliptical,True
123955,round_elliptical,round_elliptical,True
176484,round_elliptical,round_elliptical,True
20150,round_elliptical,round_elliptical,True
174789,round_elliptical,round_elliptical,True
20697,round_elliptical,round_elliptical,True
232869,round_elliptical,in_between_elliptical,False
228686,round_elliptical,round_elliptical,True
186495,round_elliptical,round_elliptical,True
162169,round_elliptical,round_elliptical,True
88426,round_elliptical,round_elliptical,True
90737,round_elliptical,round_elliptical,True
92641,round_elliptical,round_elliptical,True
49824,round_elliptical,round_elliptical,True
213369,round_elliptical,round_elliptical,True
135796,round_elliptical,round_elliptical,True
19154,round_elliptical,round_elliptical,True
87914,round_elliptical,round_elliptical,True
177245,round_elliptical,round_elliptical,True
194265,round_elliptical,round_elliptical,True
91419,round_elliptical,round_elliptical,True
6524,round_elliptical,round_elliptical,True
17049,round_elliptical,round_elliptical,True
152143,round_elliptical,round_elliptical,True
26833,round_elliptical,round_elliptical,True
41320,round_elliptical,round_elliptical,True
19066,round_elliptical,round_elliptical,True
235333,round_elliptical,round_elliptical,True
137798,round_elliptical,round_elliptical,True
47398,round_elliptical,round_elliptical,True
79135,round_elliptical,round_elliptical,True
7356,round_elliptical,round_elliptical,True
49224,round_elliptical,round_elliptical,True
112284,round_elliptical,round_elliptical,True
154961,round_elliptical,round_elliptical,True
228839,round_elliptical,round_elliptical,True
150156,round_elliptical,round_elliptical,True
172647,round_elliptical,round_elliptical,True
179467,round_elliptical,round_elliptical,True
167722,round_elliptical,round_elliptical,True
37026,round_elliptical,in_between_elliptical,False
86305,round_elliptical,round_elliptical,True
122655,round_elliptical,round_elliptical,True
285052,round_elliptical,round_elliptical,True
170082,round_elliptical,round_elliptical,True
31392,round_elliptical,round_elliptical,True
277311,round_elliptical,round_elliptical,True
31593,round_elliptical,in_between_elliptical,False
36867,round_elliptical,round_elliptical,True
12168,round_elliptical,round_elliptical,True
92301,round_elliptical,round_elliptical,True
187555,round_elliptical,round_elliptical,True
10542,round_elliptical,in_between_elliptical,False
11856,round_elliptical,round_elliptical,True
160109,round_elliptical,round_elliptical,True
170475,round_elliptical,round_elliptical,True
137278,round_elliptical,round_elliptical,True
135628,round_elliptical,round_elliptical,True
136190,round_elliptical,round_elliptical,True
165988,round_elliptical,round_elliptical,True
144215,round_elliptical,round_elliptical,True
139521,round_elliptical,irregular,False
165052,round_elliptical,round_elliptical,True
141182,round_elliptical,round_elliptical,True
217162,round_elliptical,round_elliptical,True
53670,round_elliptical,round_elliptical,True
199857,round_elliptical,round_elliptical,True
33804,round_elliptical,round_elliptical,True
154469,round_elliptical,round_elliptical,True
128021,round_elliptical,round_elliptical,True
250813,round_elliptical,round_elliptical,True
1465,round_elliptical,round_elliptical,True
173069,round_elliptical,round_elliptical,True
13571,round_elliptical,round_elliptical,True
57103,round_elliptical,round_elliptical,True
272065,round_elliptical,round_elliptical,True
137470,round_elliptical,round_elliptical,True
69037,round_elliptical,irregular,False
222268,round_elliptical,round_elliptical,True
129892,round_elliptical,round_elliptical,True
107568,round_elliptical,round_elliptical,True
163227,round_elliptical,round_elliptical,True
175380,round_elliptical,round_elliptical,True
157491,round_elliptical,round_elliptical,True
43632,round_elliptical,round_elliptical,True
212345,round_elliptical,in_between_elliptical,False
229131,round_elliptical,round_elliptical,True
232085,round_elliptical,round_elliptical,True
152009,round_elliptical,round_elliptical,True
55487,round_elliptical,round_elliptical,True
17939,round_elliptical,barred_spirals,False
186300,round_elliptical,round_elliptical,True
47394,round_elliptical,round_elliptical,True
85595,round_elliptical,round_elliptical,True
225327,round_elliptical,round_elliptical,True
113689,round_elliptical,round_elliptical,True
195927,round_elliptical,round_elliptical,True
79499,round_elliptical,round_elliptical,True
85902,round_elliptical,round_elliptical,True
49501,round_elliptical,round_elliptical,True
97217,round_elliptical,round_elliptical,True
244669,round_elliptical,round_elliptical,True
88461,round_elliptical,round_elliptical,True
110144,round_elliptical,round_elliptical,True
28221,round_elliptical,round_elliptical,True
180687,round_elliptical,round_elliptical,True
166534,round_elliptical,round_elliptical,True
292207,round_elliptical,round_elliptical,True
254930,round_elliptical,round_elliptical,True
195730,round_elliptical,round_elliptical,True
116695,round_elliptical,round_elliptical,True
26918,round_elliptical,round_elliptical,True
20168,round_elliptical,round_elliptical,True
172563,round_elliptical,round_elliptical,True
264794,round_elliptical,round_elliptical,True
191768,round_elliptical,round_elliptical,True
88308,round_elliptical,round_elliptical,True
198437,round_elliptical,irregular,False
88048,round_elliptical,round_elliptical,True
23625,round_elliptical,round_elliptical,True
10967,round_elliptical,round_elliptical,True
216438,round_elliptical,round_elliptical,True
2890,round_elliptical,irregular,False
138993,round_elliptical,round_elliptical,True
44771,round_elliptical,round_elliptical,True
126074,round_elliptical,round_elliptical,True
72112,round_elliptical,round_elliptical,True
81426,round_elliptical,irregular,False
236964,round_elliptical,round_elliptical,True
178577,round_elliptical,round_elliptical,True
200444,round_elliptical,round_elliptical,True
162539,round_elliptical,irregular,False
82185,round_elliptical,round_elliptical,True
8806,round_elliptical,round_elliptical,True
143955,round_elliptical,round_elliptical,True
106924,round_elliptical,round_elliptical,True
69692,round_elliptical,round_elliptical,True
235517,round_elliptical,unbarred_spirals,False
156672,round_elliptical,round_elliptical,True
59161,round_elliptical,round_elliptical,True
208809,round_elliptical,round_elliptical,True
265218,round_elliptical,irregular,False
207759,round_elliptical,round_elliptical,True
49190,round_elliptical,round_elliptical,True
243355,round_elliptical,round_elliptical,True
75462,round_elliptical,round_elliptical,True
160191,round_elliptical,round_elliptical,True
10306,round_elliptical,round_elliptical,True
256623,round_elliptical,round_elliptical,True
53742,round_elliptical,round_elliptical,True
225560,round_elliptical,round_elliptical,True
139504,round_elliptical,round_elliptical,True
30633,round_elliptical,round_elliptical,True
274619,round_elliptical,round_elliptical,True
193363,round_elliptical,round_elliptical,True
155756,round_elliptical,round_elliptical,True
150747,round_elliptical,round_elliptical,True
65850,round_elliptical,round_elliptical,True
105841,round_elliptical,round_elliptical,True
191828,round_elliptical,round_elliptical,True
173544,round_elliptical,round_elliptical,True
41069,round_elliptical,round_elliptical,True
151598,round_elliptical,round_elliptical,True
237471,round_elliptical,round_elliptical,True
224206,round_elliptical,round_elliptical,True
9832,round_elliptical,round_elliptical,True
26720,round_elliptical,round_elliptical,True
151708,round_elliptical,round_elliptical,True
182277,round_elliptical,round_elliptical,True
113185,round_elliptical,round_elliptical,True
63954,round_elliptical,round_elliptical,True
57703,round_elliptical,round_elliptical,True
218286,round_elliptical,round_elliptical,True
231726,round_elliptical,round_elliptical,True
109555,round_elliptical,unbarred_spirals,False
36915,round_elliptical,round_elliptical,True
37594,round_elliptical,round_elliptical,True
168995,round_elliptical,round_elliptical,True
112549,round_elliptical,round_elliptical,True
31704,round_elliptical,round_elliptical,True
135750,round_elliptical,round_elliptical,True
101362,round_elliptical,in_between_elliptical,False
121140,round_elliptical,round_elliptical,True
160152,round_elliptical,round_elliptical,True
16436,round_elliptical,round_elliptical,True
127082,round_elliptical,round_elliptical,True
175992,round_elliptical,round_elliptical,True
237511,round_elliptical,round_elliptical,True
226258,round_elliptical,round_elliptical,True
63612,round_elliptical,round_elliptical,True
229292,round_elliptical,round_elliptical,True
243446,round_elliptical,round_elliptical,True
190567,round_elliptical,round_elliptical,True
172604,round_elliptical,round_elliptical,True
159546,round_elliptical,round_elliptical,True
165847,round_elliptical,round_elliptical,True
38791,round_elliptical,round_elliptical,True
205646,round_elliptical,round_elliptical,True
151988,round_elliptical,round_elliptical,True
26635,round_elliptical,round_elliptical,True
177388,round_elliptical,round_elliptical,True
286884,round_elliptical,in_between_elliptical,False
103651,round_elliptical,round_elliptical,True
266126,round_elliptical,round_elliptical,True
245361,round_elliptical,round_elliptical,True
122092,round_elliptical,round_elliptical,True
229929,round_elliptical,round_elliptical,True
118471,round_elliptical,round_elliptical,True
224963,round_elliptical,round_elliptical,True
222699,round_elliptical,round_elliptical,True
213128,round_elliptical,round_elliptical,True
281902,round_elliptical,round_elliptical,True
167750,round_elliptical,round_elliptical,True
160467,round_elliptical,irregular,False
208834,round_elliptical,round_elliptical,True
62973,round_elliptical,round_elliptical,True
221337,round_elliptical,round_elliptical,True
78419,round_elliptical,round_elliptical,True
78651,round_elliptical,round_elliptical,True
17556,round_elliptical,round_elliptical,True
41565,round_elliptical,round_elliptical,True
232175,round_elliptical,irregular,False
103616,round_elliptical,round_elliptical,True
269397,round_elliptical,round_elliptical,True
195101,round_elliptical,round_elliptical,True
234164,round_elliptical,round_elliptical,True
76415,round_elliptical,round_elliptical,True
49831,round_elliptical,round_elliptical,True
152254,round_elliptical,merger,False
73818,round_elliptical,round_elliptical,True
212646,round_elliptical,round_elliptical,True
270732,round_elliptical,round_elliptical,True
149961,round_elliptical,round_elliptical,True
175602,round_elliptical,round_elliptical,True
37390,round_elliptical,round_elliptical,True
145105,round_elliptical,round_elliptical,True
73906,round_elliptical,round_elliptical,True
131720,round_elliptical,round_elliptical,True
278768,round_elliptical,round_elliptical,True
185109,round_elliptical,round_elliptical,True
173571,round_elliptical,round_elliptical,True
186837,round_elliptical,round_elliptical,True
223576,round_elliptical,round_elliptical,True
157310,round_elliptical,round_elliptical,True
67040,round_elliptical,round_elliptical,True
110363,round_elliptical,round_elliptical,True
32812,round_elliptical,unbarred_spirals,False
115392,round_elliptical,round_elliptical,True
163086,round_elliptical,round_elliptical,True
19644,round_elliptical,round_elliptical,True
184657,round_elliptical,round_elliptical,True
233354,round_elliptical,round_elliptical,True
15673,round_elliptical,round_elliptical,True
148399,round_elliptical,round_elliptical,True
127435,round_elliptical,round_elliptical,True
57133,round_elliptical,round_elliptical,True
154252,round_elliptical,round_elliptical,True
242003,round_elliptical,irregular,False
122928,round_elliptical,round_elliptical,True
170059,round_elliptical,round_elliptical,True
122025,round_elliptical,round_elliptical,True
112937,round_elliptical,in_between_elliptical,False
176928,round_elliptical,round_elliptical,True
161756,round_elliptical,round_elliptical,True
16273,round_elliptical,round_elliptical,True
114386,round_elliptical,round_elliptical,True
25345,round_elliptical,round_elliptical,True
59668,round_elliptical,round_elliptical,True
81618,round_elliptical,in_between_elliptical,False
126211,round_elliptical,round_elliptical,True
187788,round_elliptical,round_elliptical,True
213767,round_elliptical,round_elliptical,True
41714,round_elliptical,round_elliptical,True
50802,round_elliptical,round_elliptical,True
234125,round_elliptical,round_elliptical,True
138257,round_elliptical,round_elliptical,True
83916,round_elliptical,round_elliptical,True
179845,round_elliptical,round_elliptical,True
2736,round_elliptical,round_elliptical,True
187190,round_elliptical,round_elliptical,True
51629,round_elliptical,round_elliptical,True
200575,round_elliptical,round_elliptical,True
238371,round_elliptical,round_elliptical,True
3356,round_elliptical,round_elliptical,True
198819,round_elliptical,round_elliptical,True
190546,round_elliptical,round_elliptical,True
187298,round_elliptical,round_elliptical,True
240096,round_elliptical,round_elliptical,True
108741,round_elliptical,round_elliptical,True
31610,round_elliptical,round_elliptical,True
55135,round_elliptical,round_elliptical,True
21631,round_elliptical,round_elliptical,True
184684,round_elliptical,round_elliptical,True
108213,round_elliptical,round_elliptical,True
68450,round_elliptical,round_elliptical,True
77388,round_elliptical,unbarred_spirals,False
218496,round_elliptical,round_elliptical,True
85561,round_elliptical,round_elliptical,True
11732,round_elliptical,round_elliptical,True
13473,round_elliptical,round_elliptical,True
221025,round_elliptical,in_between_elliptical,False
154862,round_elliptical,round_elliptical,True
153423,round_elliptical,round_elliptical,True
155544,round_elliptical,round_elliptical,True
221137,round_elliptical,round_elliptical,True
48722,round_elliptical,round_elliptical,True
3864,round_elliptical,round_elliptical,True
254861,round_elliptical,round_elliptical,True
199574,round_elliptical,round_elliptical,True
236913,round_elliptical,irregular,False
271651,round_elliptical,round_elliptical,True
258960,round_elliptical,round_elliptical,True
244715,round_elliptical,round_elliptical,True
223006,round_elliptical,round_elliptical,True
96953,round_elliptical,round_elliptical,True
160668,round_elliptical,round_elliptical,True
100673,round_elliptical,round_elliptical,True
37655,round_elliptical,round_elliptical,True
133132,round_elliptical,round_elliptical,True
294626,round_elliptical,round_elliptical,True
106915,round_elliptical,round_elliptical,True
77365,round_elliptical,round_elliptical,True
120655,round_elliptical,round_elliptical,True
107745,round_elliptical,round_elliptical,True
231443,round_elliptical,round_elliptical,True
7606,round_elliptical,round_elliptical,True
289724,round_elliptical,round_elliptical,True
14959,round_elliptical,round_elliptical,True
269445,round_elliptical,round_elliptical,True
119876,round_elliptical,round_elliptical,True
28109,round_elliptical,round_elliptical,True
167668,round_elliptical,round_elliptical,True
126531,round_elliptical,round_elliptical,True
68173,round_elliptical,round_elliptical,True
125654,round_elliptical,round_elliptical,True
241078,round_elliptical,round_elliptical,True
279330,round_elliptical,round_elliptical,True
175642,round_elliptical,round_elliptical,True
8433,round_elliptical,round_elliptical,True
173897,round_elliptical,round_elliptical,True
190764,round_elliptical,round_elliptical,True
186326,round_elliptical,round_elliptical,True
116040,round_elliptical,round_elliptical,True
108216,round_elliptical,round_elliptical,True
227585,round_elliptical,round_elliptical,True
144861,round_elliptical,round_elliptical,True
155140,round_elliptical,round_elliptical,True
284217,round_elliptical,round_elliptical,True
8961,round_elliptical,round_elliptical,True
48766,round_elliptical,round_elliptical,True
262978,round_elliptical,round_elliptical,True
293189,round_elliptical,round_elliptical,True
15347,round_elliptical,round_elliptical,True
159472,round_elliptical,round_elliptical,True
269145,round_elliptical,round_elliptical,True
167769,round_elliptical,round_elliptical,True
154264,round_elliptical,round_elliptical,True
88143,round_elliptical,round_elliptical,True
33453,round_elliptical,round_elliptical,True
148558,round_elliptical,round_elliptical,True
3480,round_elliptical,round_elliptical,True
26466,round_elliptical,round_elliptical,True
48705,round_elliptical,round_elliptical,True
75872,round_elliptical,round_elliptical,True
176705,round_elliptical,round_elliptical,True
236908,round_elliptical,round_elliptical,True
260356,round_elliptical,round_elliptical,True
27939,round_elliptical,round_elliptical,True
89715,round_elliptical,round_elliptical,True
87576,round_elliptical,round_elliptical,True
180596,round_elliptical,round_elliptical,True
224116,round_elliptical,barred_spirals,False
32487,round_elliptical,round_elliptical,True
91335,round_elliptical,round_elliptical,True
248757,round_elliptical,round_elliptical,True
224890,round_elliptical,round_elliptical,True
235062,round_elliptical,round_elliptical,True
86226,round_elliptical,round_elliptical,True
13372,round_elliptical,barred_spirals,False
44930,round_elliptical,round_elliptical,True
271422,round_elliptical,round_elliptical,True
84926,round_elliptical,round_elliptical,True
79772,round_elliptical,round_elliptical,True
243914,round_elliptical,round_elliptical,True
148737,round_elliptical,round_elliptical,True
166667,round_elliptical,round_elliptical,True
207775,round_elliptical,unbarred_spirals,False
87106,round_elliptical,round_elliptical,True
215444,round_elliptical,round_elliptical,True
109297,round_elliptical,round_elliptical,True
62994,round_elliptical,round_elliptical,True
109914,round_elliptical,round_elliptical,True
39822,round_elliptical,round_elliptical,True
178841,round_elliptical,round_elliptical,True
288477,round_elliptical,round_elliptical,True
192716,round_elliptical,round_elliptical,True
137081,round_elliptical,irregular,False
58701,round_elliptical,unbarred_spirals,False
196830,round_elliptical,round_elliptical,True
84864,round_elliptical,round_elliptical,True
235683,round_elliptical,round_elliptical,True
121481,round_elliptical,round_elliptical,True
170173,round_elliptical,round_elliptical,True
100843,round_elliptical,round_elliptical,True
139669,round_elliptical,round_elliptical,True
45925,round_elliptical,round_elliptical,True
63441,round_elliptical,round_elliptical,True
135537,round_elliptical,round_elliptical,True
112139,round_elliptical,round_elliptical,True
87583,round_elliptical,round_elliptical,True
176329,round_elliptical,round_elliptical,True
263738,round_elliptical,round_elliptical,True
65996,round_elliptical,round_elliptical,True
53256,round_elliptical,round_elliptical,True
84607,round_elliptical,irregular,False
226052,round_elliptical,round_elliptical,True
157284,round_elliptical,round_elliptical,True
233351,round_elliptical,round_elliptical,True
91593,round_elliptical,round_elliptical,True
156514,round_elliptical,unbarred_spirals,False
28429,round_elliptical,round_elliptical,True
277507,round_elliptical,round_elliptical,True
229609,round_elliptical,round_elliptical,True
144730,round_elliptical,round_elliptical,True
200258,round_elliptical,round_elliptical,True
76573,round_elliptical,round_elliptical,True
95082,round_elliptical,round_elliptical,True
105467,round_elliptical,round_elliptical,True
261494,round_elliptical,round_elliptical,True
128625,round_elliptical,round_elliptical,True
44499,round_elliptical,round_elliptical,True
207080,round_elliptical,round_elliptical,True
177148,round_elliptical,round_elliptical,True
25687,round_elliptical,round_elliptical,True
95117,round_elliptical,round_elliptical,True
122695,round_elliptical,round_elliptical,True
58296,round_elliptical,round_elliptical,True
78772,round_elliptical,round_elliptical,True
95141,round_elliptical,round_elliptical,True
289409,round_elliptical,round_elliptical,True
77184,round_elliptical,in_between_elliptical,False
244991,round_elliptical,round_elliptical,True
158719,round_elliptical,round_elliptical,True
103148,round_elliptical,round_elliptical,True
51198,round_elliptical,round_elliptical,True
129260,round_elliptical,round_elliptical,True
228863,round_elliptical,round_elliptical,True
130533,round_elliptical,round_elliptical,True
159808,round_elliptical,round_elliptical,True
114365,round_elliptical,round_elliptical,True
26119,round_elliptical,round_elliptical,True
10947,round_elliptical,unbarred_spirals,False
45344,round_elliptical,round_elliptical,True
174779,round_elliptical,round_elliptical,True
214046,round_elliptical,round_elliptical,True
230456,round_elliptical,round_elliptical,True
291077,round_elliptical,round_elliptical,True
289819,round_elliptical,round_elliptical,True
25530,round_elliptical,round_elliptical,True
58118,round_elliptical,round_elliptical,True
73151,round_elliptical,round_elliptical,True
67707,round_elliptical,round_elliptical,True
219810,round_elliptical,round_elliptical,True
21334,round_elliptical,round_elliptical,True
237680,round_elliptical,round_elliptical,True
122510,round_elliptical,round_elliptical,True
170562,round_elliptical,in_between_elliptical,False
125043,round_elliptical,round_elliptical,True
241155,round_elliptical,round_elliptical,True
239446,round_elliptical,irregular,False
27717,round_elliptical,round_elliptical,True
79582,round_elliptical,round_elliptical,True
79394,round_elliptical,round_elliptical,True
204154,round_elliptical,round_elliptical,True
293376,round_elliptical,round_elliptical,True
78528,round_elliptical,irregular,False
214711,round_elliptical,round_elliptical,True
65177,round_elliptical,round_elliptical,True
59847,round_elliptical,round_elliptical,True
36799,round_elliptical,round_elliptical,True
274967,round_elliptical,round_elliptical,True
133903,round_elliptical,round_elliptical,True
137719,round_elliptical,round_elliptical,True
196494,round_elliptical,round_elliptical,True
263469,round_elliptical,round_elliptical,True
63694,round_elliptical,round_elliptical,True
197759,round_elliptical,round_elliptical,True
181515,round_elliptical,unbarred_spirals,False
165668,round_elliptical,round_elliptical,True
154933,round_elliptical,round_elliptical,True
3298,round_elliptical,round_elliptical,True
53386,round_elliptical,in_between_elliptical,False
236138,round_elliptical,round_elliptical,True
129861,round_elliptical,round_elliptical,True
8991,round_elliptical,round_elliptical,True
123314,round_elliptical,round_elliptical,True
255034,round_elliptical,round_elliptical,True
111819,round_elliptical,round_elliptical,True
185295,round_elliptical,round_elliptical,True
94741,round_elliptical,unbarred_spirals,False
109278,round_elliptical,in_between_elliptical,False
131875,round_elliptical,round_elliptical,True
2740,round_elliptical,round_elliptical,True
41986,round_elliptical,round_elliptical,True
136720,round_elliptical,round_elliptical,True
14021,round_elliptical,round_elliptical,True
26169,round_elliptical,merger,False
225584,round_elliptical,round_elliptical,True
178106,round_elliptical,round_elliptical,True
89896,round_elliptical,barred_spirals,False
259380,round_elliptical,round_elliptical,True
272392,round_elliptical,round_elliptical,True
35230,round_elliptical,irregular,False
228298,round_elliptical,round_elliptical,True
35446,round_elliptical,round_elliptical,True
292861,round_elliptical,round_elliptical,True
105373,round_elliptical,round_elliptical,True
193816,round_elliptical,round_elliptical,True
290920,round_elliptical,round_elliptical,True
5183,round_elliptical,round_elliptical,True
122637,round_elliptical,round_elliptical,True
102944,round_elliptical,round_elliptical,True
206688,round_elliptical,round_elliptical,True
43668,round_elliptical,round_elliptical,True
185112,round_elliptical,round_elliptical,True
38197,round_elliptical,round_elliptical,True
166390,round_elliptical,round_elliptical,True
13292,round_elliptical,unbarred_spirals,False
268584,round_elliptical,irregular,False
48850,round_elliptical,round_elliptical,True
20057,round_elliptical,round_elliptical,True
193702,round_elliptical,round_elliptical,True
218287,round_elliptical,round_elliptical,True
236667,round_elliptical,round_elliptical,True
68797,round_elliptical,irregular,False
240502,round_elliptical,in_between_elliptical,False
34870,round_elliptical,round_elliptical,True
150025,round_elliptical,unbarred_spirals,False
137914,round_elliptical,round_elliptical,True
165161,round_elliptical,round_elliptical,True
218811,round_elliptical,round_elliptical,True
17999,round_elliptical,round_elliptical,True
25192,round_elliptical,in_between_elliptical,False
7423,round_elliptical,round_elliptical,True
8150,round_elliptical,round_elliptical,True
4656,round_elliptical,irregular,False
96497,round_elliptical,unbarred_spirals,False
154048,round_elliptical,round_elliptical,True
112367,round_elliptical,round_elliptical,True
79724,round_elliptical,round_elliptical,True
21431,round_elliptical,round_elliptical,True
235814,round_elliptical,round_elliptical,True
95387,round_elliptical,round_elliptical,True
113409,round_elliptical,round_elliptical,True
211194,round_elliptical,round_elliptical,True
181730,round_elliptical,round_elliptical,True
121863,round_elliptical,round_elliptical,True
249356,round_elliptical,round_elliptical,True
71576,round_elliptical,round_elliptical,True
206587,round_elliptical,round_elliptical,True
156808,round_elliptical,round_elliptical,True
23272,round_elliptical,round_elliptical,True
24293,round_elliptical,round_elliptical,True
200766,round_elliptical,round_elliptical,True
20681,round_elliptical,round_elliptical,True
180940,round_elliptical,round_elliptical,True
32317,round_elliptical,round_elliptical,True
20310,round_elliptical,in_between_elliptical,False
200220,round_elliptical,round_elliptical,True
286658,round_elliptical,round_elliptical,True
51342,round_elliptical,round_elliptical,True
165319,round_elliptical,round_elliptical,True
35441,round_elliptical,round_elliptical,True
184596,round_elliptical,round_elliptical,True
127289,round_elliptical,round_elliptical,True
284562,round_elliptical,unbarred_spirals,False
62775,round_elliptical,round_elliptical,True
201213,round_elliptical,round_elliptical,True
113931,round_elliptical,round_elliptical,True
41723,round_elliptical,round_elliptical,True
230674,round_elliptical,round_elliptical,True
67022,round_elliptical,round_elliptical,True
162135,round_elliptical,round_elliptical,True
110855,round_elliptical,round_elliptical,True
239593,round_elliptical,unbarred_spirals,False
25852,round_elliptical,in_between_elliptical,False
177939,round_elliptical,round_elliptical,True
98181,round_elliptical,round_elliptical,True
70069,round_elliptical,round_elliptical,True
158547,round_elliptical,in_between_elliptical,False
174366,round_elliptical,round_elliptical,True
241986,round_elliptical,round_elliptical,True
242790,round_elliptical,round_elliptical,True
84979,round_elliptical,round_elliptical,True
163075,round_elliptical,round_elliptical,True
3353,round_elliptical,round_elliptical,True
145272,round_elliptical,round_elliptical,True
140134,round_elliptical,round_elliptical,True
125154,round_elliptical,round_elliptical,True
98886,round_elliptical,round_elliptical,True
73057,round_elliptical,round_elliptical,True
173585,round_elliptical,round_elliptical,True
3293,round_elliptical,round_elliptical,True
12691,round_elliptical,round_elliptical,True
74431,round_elliptical,round_elliptical,True
32727,round_elliptical,round_elliptical,True
176165,round_elliptical,round_elliptical,True
163891,round_elliptical,round_elliptical,True
130876,round_elliptical,round_elliptical,True
125311,round_elliptical,round_elliptical,True
124227,round_elliptical,round_elliptical,True
272896,round_elliptical,round_elliptical,True
223527,round_elliptical,round_elliptical,True
226136,round_elliptical,round_elliptical,True
84400,round_elliptical,round_elliptical,True
95794,round_elliptical,round_elliptical,True
78292,round_elliptical,round_elliptical,True
57755,round_elliptical,round_elliptical,True
25633,round_elliptical,round_elliptical,True
216866,round_elliptical,round_elliptical,True
226760,round_elliptical,round_elliptical,True
2904,round_elliptical,round_elliptical,True
110910,round_elliptical,round_elliptical,True
138469,round_elliptical,round_elliptical,True
152089,round_elliptical,round_elliptical,True
38287,round_elliptical,round_elliptical,True
206882,round_elliptical,round_elliptical,True
234876,round_elliptical,round_elliptical,True
87290,round_elliptical,round_elliptical,True
98298,round_elliptical,round_elliptical,True
117146,round_elliptical,round_elliptical,True
200566,round_elliptical,round_elliptical,True
257185,round_elliptical,unbarred_spirals,False
167474,round_elliptical,round_elliptical,True
108581,round_elliptical,round_elliptical,True
85631,round_elliptical,round_elliptical,True
78838,round_elliptical,round_elliptical,True
159669,round_elliptical,round_elliptical,True
62493,round_elliptical,round_elliptical,True
19126,round_elliptical,round_elliptical,True
107381,round_elliptical,round_elliptical,True
31051,round_elliptical,round_elliptical,True
76862,round_elliptical,round_elliptical,True
72925,round_elliptical,round_elliptical,True
26849,round_elliptical,round_elliptical,True
214361,round_elliptical,round_elliptical,True
87368,round_elliptical,round_elliptical,True
103808,round_elliptical,round_elliptical,True
201888,round_elliptical,round_elliptical,True
57803,round_elliptical,round_elliptical,True
149636,round_elliptical,round_elliptical,True
116531,round_elliptical,round_elliptical,True
45400,round_elliptical,round_elliptical,True
164959,round_elliptical,round_elliptical,True
143280,round_elliptical,round_elliptical,True
208665,round_elliptical,round_elliptical,True
80145,round_elliptical,round_elliptical,True
82702,round_elliptical,round_elliptical,True
248031,round_elliptical,round_elliptical,True
282560,round_elliptical,round_elliptical,True
67521,round_elliptical,round_elliptical,True
91392,round_elliptical,round_elliptical,True
40536,round_elliptical,round_elliptical,True
112113,round_elliptical,round_elliptical,True
220194,round_elliptical,round_elliptical,True
37916,round_elliptical,round_elliptical,True
13892,round_elliptical,round_elliptical,True
46735,round_elliptical,round_elliptical,True
174300,round_elliptical,round_elliptical,True
203292,round_elliptical,round_elliptical,True
152498,round_elliptical,round_elliptical,True
58784,round_elliptical,round_elliptical,True
818,round_elliptical,round_elliptical,True
218115,round_elliptical,round_elliptical,True
218632,round_elliptical,round_elliptical,True
84986,round_elliptical,round_elliptical,True
232316,round_elliptical,round_elliptical,True
85220,round_elliptical,round_elliptical,True
200968,round_elliptical,round_elliptical,True
137685,round_elliptical,round_elliptical,True
208979,round_elliptical,round_elliptical,True
176790,round_elliptical,round_elliptical,True
10075,round_elliptical,round_elliptical,True
44272,round_elliptical,barred_spirals,False
131856,round_elliptical,round_elliptical,True
81287,round_elliptical,round_elliptical,True
265383,round_elliptical,round_elliptical,True
187785,round_elliptical,round_elliptical,True
210289,round_elliptical,round_elliptical,True
235946,round_elliptical,round_elliptical,True
164510,round_elliptical,barred_spirals,False
248569,round_elliptical,round_elliptical,True
245443,round_elliptical,round_elliptical,True
51438,round_elliptical,round_elliptical,True
21435,round_elliptical,round_elliptical,True
92606,round_elliptical,round_elliptical,True
141310,round_elliptical,round_elliptical,True
189179,round_elliptical,round_elliptical,True
108677,round_elliptical,round_elliptical,True
139692,round_elliptical,round_elliptical,True
217230,round_elliptical,round_elliptical,True
163244,round_elliptical,round_elliptical,True
138543,round_elliptical,round_elliptical,True
24834,round_elliptical,round_elliptical,True
36149,round_elliptical,round_elliptical,True
55087,round_elliptical,round_elliptical,True
220726,round_elliptical,in_between_elliptical,False
135910,round_elliptical,round_elliptical,True
85543,round_elliptical,round_elliptical,True
245312,round_elliptical,round_elliptical,True
222996,round_elliptical,round_elliptical,True
46931,round_elliptical,round_elliptical,True
286410,round_elliptical,irregular,False
182252,round_elliptical,round_elliptical,True
228862,round_elliptical,round_elliptical,True
46246,round_elliptical,round_elliptical,True
159825,round_elliptical,round_elliptical,True
205384,round_elliptical,round_elliptical,True
142216,round_elliptical,round_elliptical,True
157446,round_elliptical,round_elliptical,True
100151,round_elliptical,round_elliptical,True
160216,round_elliptical,unbarred_spirals,False
150792,round_elliptical,in_between_elliptical,False
50776,round_elliptical,round_elliptical,True
230872,round_elliptical,round_elliptical,True
149543,round_elliptical,round_elliptical,True
105960,round_elliptical,round_elliptical,True
52198,round_elliptical,round_elliptical,True
261175,round_elliptical,round_elliptical,True
278827,round_elliptical,round_elliptical,True
80090,round_elliptical,round_elliptical,True
265820,round_elliptical,unbarred_spirals,False
78404,round_elliptical,in_between_elliptical,False
60545,round_elliptical,round_elliptical,True
152644,round_elliptical,round_elliptical,True
140979,round_elliptical,unbarred_spirals,False
213424,round_elliptical,round_elliptical,True
175674,round_elliptical,round_elliptical,True
56115,round_elliptical,irregular,False
131290,round_elliptical,round_elliptical,True
44258,round_elliptical,round_elliptical,True
164317,round_elliptical,merger,False
58140,round_elliptical,round_elliptical,True
170540,round_elliptical,round_elliptical,True
51808,round_elliptical,round_elliptical,True
232829,round_elliptical,round_elliptical,True
22277,round_elliptical,round_elliptical,True
76359,round_elliptical,round_elliptical,True
247874,round_elliptical,round_elliptical,True
20158,round_elliptical,round_elliptical,True
281606,round_elliptical,round_elliptical,True
219063,round_elliptical,round_elliptical,True
167530,round_elliptical,round_elliptical,True
163831,round_elliptical,round_elliptical,True
166279,round_elliptical,round_elliptical,True
196933,round_elliptical,round_elliptical,True
199684,round_elliptical,round_elliptical,True
21722,round_elliptical,round_elliptical,True
117671,round_elliptical,round_elliptical,True
229701,round_elliptical,round_elliptical,True
204638,round_elliptical,round_elliptical,True
9406,round_elliptical,unbarred_spirals,False
226503,round_elliptical,round_elliptical,True
57453,round_elliptical,round_elliptical,True
39423,round_elliptical,round_elliptical,True
155357,round_elliptical,unbarred_spirals,False
231856,round_elliptical,round_elliptical,True
92120,round_elliptical,round_elliptical,True
157068,round_elliptical,round_elliptical,True
49064,round_elliptical,round_elliptical,True
179688,round_elliptical,round_elliptical,True
12739,round_elliptical,round_elliptical,True
54711,round_elliptical,round_elliptical,True
15866,round_elliptical,round_elliptical,True
159429,round_elliptical,round_elliptical,True
69761,round_elliptical,barred_spirals,False
7847,round_elliptical,round_elliptical,True
4896,round_elliptical,irregular,False
28418,round_elliptical,round_elliptical,True
89197,round_elliptical,round_elliptical,True
63904,round_elliptical,round_elliptical,True
47302,round_elliptical,round_elliptical,True
132575,round_elliptical,round_elliptical,True
175439,round_elliptical,round_elliptical,True
25237,round_elliptical,round_elliptical,True
125672,round_elliptical,round_elliptical,True
18532,round_elliptical,round_elliptical,True
184230,round_elliptical,round_elliptical,True
34022,round_elliptical,merger,False
31009,round_elliptical,round_elliptical,True
101538,round_elliptical,round_elliptical,True
210851,round_elliptical,round_elliptical,True
143874,round_elliptical,round_elliptical,True
91665,round_elliptical,barred_spirals,False
69851,round_elliptical,round_elliptical,True
260757,round_elliptical,unbarred_spirals,False
125868,round_elliptical,round_elliptical,True
62064,round_elliptical,round_elliptical,True
166948,round_elliptical,round_elliptical,True
199421,round_elliptical,round_elliptical,True
42034,round_elliptical,round_elliptical,True
242098,round_elliptical,irregular,False
187340,round_elliptical,round_elliptical,True
229538,round_elliptical,round_elliptical,True
265593,round_elliptical,round_elliptical,True
182131,round_elliptical,round_elliptical,True
198118,round_elliptical,round_elliptical,True
238111,round_elliptical,round_elliptical,True
245395,round_elliptical,round_elliptical,True
135418,round_elliptical,round_elliptical,True
176733,round_elliptical,round_elliptical,True
119016,round_elliptical,round_elliptical,True
110305,round_elliptical,round_elliptical,True
13184,round_elliptical,round_elliptical,True
239891,round_elliptical,round_elliptical,True
191322,round_elliptical,round_elliptical,True
284553,round_elliptical,round_elliptical,True
145439,round_elliptical,round_elliptical,True
200598,round_elliptical,round_elliptical,True
65886,round_elliptical,round_elliptical,True
233227,round_elliptical,round_elliptical,True
232025,round_elliptical,round_elliptical,True
223056,round_elliptical,round_elliptical,True
149194,round_elliptical,round_elliptical,True
65263,round_elliptical,round_elliptical,True
237354,round_elliptical,round_elliptical,True
235916,round_elliptical,round_elliptical,True
76274,round_elliptical,round_elliptical,True
224707,round_elliptical,round_elliptical,True
240072,round_elliptical,round_elliptical,True
32392,round_elliptical,round_elliptical,True
110794,round_elliptical,round_elliptical,True
233225,round_elliptical,round_elliptical,True
174449,round_elliptical,round_elliptical,True
18479,round_elliptical,round_elliptical,True
286529,round_elliptical,round_elliptical,True
265617,round_elliptical,round_elliptical,True
174264,round_elliptical,round_elliptical,True
158419,round_elliptical,round_elliptical,True
220074,round_elliptical,round_elliptical,True
168560,round_elliptical,round_elliptical,True
38757,round_elliptical,round_elliptical,True
118560,round_elliptical,round_elliptical,True
122037,round_elliptical,round_elliptical,True
132230,round_elliptical,round_elliptical,True
155717,round_elliptical,round_elliptical,True
47890,round_elliptical,round_elliptical,True
138088,round_elliptical,round_elliptical,True
165278,round_elliptical,round_elliptical,True
62545,round_elliptical,round_elliptical,True
35589,round_elliptical,round_elliptical,True
231358,round_elliptical,round_elliptical,True
83231,round_elliptical,round_elliptical,True
112616,round_elliptical,round_elliptical,True
15544,round_elliptical,round_elliptical,True
121130,round_elliptical,round_elliptical,True
56550,round_elliptical,round_elliptical,True
270754,round_elliptical,round_elliptical,True
111013,round_elliptical,round_elliptical,True
215344,round_elliptical,round_elliptical,True
194900,round_elliptical,round_elliptical,True
142626,round_elliptical,round_elliptical,True
108567,round_elliptical,round_elliptical,True
37787,round_elliptical,round_elliptical,True
233388,round_elliptical,round_elliptical,True
68882,round_elliptical,round_elliptical,True
105376,round_elliptical,round_elliptical,True
280542,round_elliptical,round_elliptical,True
35018,round_elliptical,round_elliptical,True
269519,round_elliptical,round_elliptical,True
181509,round_elliptical,round_elliptical,True
292578,round_elliptical,round_elliptical,True
58799,round_elliptical,round_elliptical,True
237535,round_elliptical,round_elliptical,True
36422,round_elliptical,round_elliptical,True
59977,round_elliptical,merger,False
193242,round_elliptical,round_elliptical,True
97711,round_elliptical,round_elliptical,True
156075,round_elliptical,round_elliptical,True
154365,round_elliptical,in_between_elliptical,False
152376,round_elliptical,round_elliptical,True
200557,round_elliptical,round_elliptical,True
106010,round_elliptical,round_elliptical,True
224108,round_elliptical,irregular,False
96644,round_elliptical,unbarred_spirals,False
48784,round_elliptical,round_elliptical,True
168183,round_elliptical,round_elliptical,True
38738,round_elliptical,round_elliptical,True
6582,round_elliptical,round_elliptical,True
185697,round_elliptical,round_elliptical,True
194181,round_elliptical,round_elliptical,True
125057,round_elliptical,round_elliptical,True
236198,round_elliptical,round_elliptical,True
162819,round_elliptical,round_elliptical,True
128145,round_elliptical,round_elliptical,True
177374,round_elliptical,round_elliptical,True
141888,round_elliptical,round_elliptical,True
222018,round_elliptical,round_elliptical,True
120832,round_elliptical,round_elliptical,True
213487,round_elliptical,round_elliptical,True
209378,round_elliptical,round_elliptical,True
178761,round_elliptical,round_elliptical,True
108599,round_elliptical,round_elliptical,True
51802,round_elliptical,round_elliptical,True
76098,round_elliptical,round_elliptical,True
142716,round_elliptical,round_elliptical,True
35469,round_elliptical,round_elliptical,True
88926,round_elliptical,round_elliptical,True
101899,round_elliptical,round_elliptical,True
65226,round_elliptical,round_elliptical,True
131482,round_elliptical,irregular,False
78166,round_elliptical,round_elliptical,True
122905,round_elliptical,round_elliptical,True
293806,round_elliptical,round_elliptical,True
152279,round_elliptical,round_elliptical,True
117781,round_elliptical,round_elliptical,True
133063,round_elliptical,round_elliptical,True
117252,round_elliptical,unbarred_spirals,False
116681,round_elliptical,round_elliptical,True
58929,round_elliptical,round_elliptical,True
9640,round_elliptical,round_elliptical,True
257998,round_elliptical,round_elliptical,True
23046,round_elliptical,round_elliptical,True
101020,round_elliptical,round_elliptical,True
227887,round_elliptical,round_elliptical,True
235967,round_elliptical,round_elliptical,True
18189,round_elliptical,in_between_elliptical,False
17597,round_elliptical,round_elliptical,True
108413,round_elliptical,barred_spirals,False
55144,round_elliptical,round_elliptical,True
258660,round_elliptical,in_between_elliptical,False
73967,round_elliptical,round_elliptical,True
144226,round_elliptical,round_elliptical,True
213288,round_elliptical,round_elliptical,True
127705,round_elliptical,unbarred_spirals,False
281569,round_elliptical,round_elliptical,True
255744,round_elliptical,round_elliptical,True
192615,round_elliptical,round_elliptical,True
46387,round_elliptical,round_elliptical,True
195444,round_elliptical,round_elliptical,True
51063,round_elliptical,round_elliptical,True
43823,round_elliptical,round_elliptical,True
167625,round_elliptical,round_elliptical,True
150385,round_elliptical,round_elliptical,True
214318,round_elliptical,round_elliptical,True
56421,round_elliptical,round_elliptical,True
71529,round_elliptical,round_elliptical,True
108043,round_elliptical,round_elliptical,True
15958,round_elliptical,round_elliptical,True
27241,round_elliptical,round_elliptical,True
158488,round_elliptical,barred_spirals,False
156435,round_elliptical,round_elliptical,True
26958,round_elliptical,round_elliptical,True
209717,round_elliptical,round_elliptical,True
27440,round_elliptical,in_between_elliptical,False
55469,round_elliptical,round_elliptical,True
211367,round_elliptical,round_elliptical,True
37998,round_elliptical,round_elliptical,True
64767,round_elliptical,round_elliptical,True
136663,round_elliptical,round_elliptical,True
168916,round_elliptical,round_elliptical,True
185145,round_elliptical,round_elliptical,True
235379,round_elliptical,round_elliptical,True
115364,round_elliptical,round_elliptical,True
36005,round_elliptical,irregular,False
98566,round_elliptical,round_elliptical,True
211818,round_elliptical,round_elliptical,True
209639,round_elliptical,unbarred_spirals,False
102762,round_elliptical,round_elliptical,True
45407,round_elliptical,round_elliptical,True
112850,round_elliptical,round_elliptical,True
71133,round_elliptical,round_elliptical,True
217124,round_elliptical,round_elliptical,True
5092,round_elliptical,round_elliptical,True
109410,round_elliptical,round_elliptical,True
184280,round_elliptical,round_elliptical,True
260507,round_elliptical,round_elliptical,True
86959,round_elliptical,round_elliptical,True
70649,round_elliptical,round_elliptical,True
205765,round_elliptical,round_elliptical,True
258923,round_elliptical,round_elliptical,True
57299,round_elliptical,round_elliptical,True
79226,round_elliptical,round_elliptical,True
239874,round_elliptical,round_elliptical,True
88507,round_elliptical,round_elliptical,True
8291,round_elliptical,round_elliptical,True
109971,round_elliptical,round_elliptical,True
198065,round_elliptical,round_elliptical,True
178144,round_elliptical,round_elliptical,True
54608,round_elliptical,round_elliptical,True
8293,round_elliptical,round_elliptical,True
171341,round_elliptical,round_elliptical,True
233234,round_elliptical,round_elliptical,True
46642,round_elliptical,round_elliptical,True
227586,round_elliptical,round_elliptical,True
245407,round_elliptical,round_elliptical,True
90286,round_elliptical,unbarred_spirals,False
123971,round_elliptical,round_elliptical,True
2757,round_elliptical,round_elliptical,True
150967,round_elliptical,round_elliptical,True
269676,round_elliptical,irregular,False
61699,round_elliptical,round_elliptical,True
32200,round_elliptical,round_elliptical,True
188825,round_elliptical,round_elliptical,True
177749,round_elliptical,barred_spirals,False
138980,round_elliptical,round_elliptical,True
211475,round_elliptical,barred_spirals,False
204628,round_elliptical,round_elliptical,True
109255,round_elliptical,round_elliptical,True
247414,round_elliptical,round_elliptical,True
35950,round_elliptical,round_elliptical,True
7458,round_elliptical,round_elliptical,True
110169,round_elliptical,round_elliptical,True
15755,round_elliptical,round_elliptical,True
84063,round_elliptical,round_elliptical,True
281328,round_elliptical,round_elliptical,True
8673,round_elliptical,round_elliptical,True
229968,round_elliptical,round_elliptical,True
180925,round_elliptical,round_elliptical,True
92852,round_elliptical,round_elliptical,True
204650,round_elliptical,round_elliptical,True
287670,round_elliptical,round_elliptical,True
225054,round_elliptical,round_elliptical,True
151498,round_elliptical,round_elliptical,True
207059,round_elliptical,round_elliptical,True
182505,round_elliptical,round_elliptical,True
85300,round_elliptical,unbarred_spirals,False
244961,round_elliptical,round_elliptical,True
10663,round_elliptical,round_elliptical,True
136314,round_elliptical,round_elliptical,True
88381,round_elliptical,round_elliptical,True
42208,round_elliptical,round_elliptical,True
192365,round_elliptical,round_elliptical,True
68151,round_elliptical,round_elliptical,True
208403,round_elliptical,round_elliptical,True
79789,round_elliptical,round_elliptical,True
52969,round_elliptical,round_elliptical,True
41415,round_elliptical,round_elliptical,True
43991,round_elliptical,round_elliptical,True
239213,round_elliptical,round_elliptical,True
193734,round_elliptical,round_elliptical,True
76396,round_elliptical,round_elliptical,True
173719,round_elliptical,round_elliptical,True
246813,round_elliptical,unbarred_spirals,False
129760,round_elliptical,round_elliptical,True
64776,round_elliptical,round_elliptical,True
211635,round_elliptical,in_between_elliptical,False
22159,round_elliptical,in_between_elliptical,False
290420,round_elliptical,round_elliptical,True
128344,round_elliptical,round_elliptical,True
213373,round_elliptical,unbarred_spirals,False
182323,round_elliptical,unbarred_spirals,False
13736,round_elliptical,round_elliptical,True
58766,round_elliptical,round_elliptical,True
207767,round_elliptical,round_elliptical,True
192332,round_elliptical,round_elliptical,True
70557,round_elliptical,round_elliptical,True
58837,round_elliptical,barred_spirals,False
207483,round_elliptical,round_elliptical,True
153281,round_elliptical,round_elliptical,True
77556,round_elliptical,round_elliptical,True
231677,round_elliptical,round_elliptical,True
35003,round_elliptical,round_elliptical,True
283136,round_elliptical,round_elliptical,True
229289,round_elliptical,round_elliptical,True
19389,round_elliptical,round_elliptical,True
185143,round_elliptical,round_elliptical,True
76293,round_elliptical,round_elliptical,True
4696,round_elliptical,round_elliptical,True
229672,round_elliptical,round_elliptical,True
209417,round_elliptical,round_elliptical,True
679,round_elliptical,round_elliptical,True
222565,round_elliptical,round_elliptical,True
242999,round_elliptical,round_elliptical,True
184354,round_elliptical,round_elliptical,True
106083,round_elliptical,round_elliptical,True
71429,round_elliptical,round_elliptical,True
80321,round_elliptical,round_elliptical,True
288880,round_elliptical,round_elliptical,True
52577,round_elliptical,round_elliptical,True
272140,round_elliptical,round_elliptical,True
139740,round_elliptical,round_elliptical,True
163312,unbarred_spirals,barred_spirals,False
209919,unbarred_spirals,unbarred_spirals,True
259683,unbarred_spirals,unbarred_spirals,True
94183,unbarred_spirals,barred_spirals,False
123879,unbarred_spirals,unbarred_spirals,True
39140,unbarred_spirals,unbarred_spirals,True
246949,unbarred_spirals,unbarred_spirals,True
208388,unbarred_spirals,edge_on,False
187938,unbarred_spirals,cigar_shaped_elliptical,False
59661,unbarred_spirals,unbarred_spirals,True
18279,unbarred_spirals,irregular,False
256839,unbarred_spirals,unbarred_spirals,True
79233,unbarred_spirals,round_elliptical,False
71836,unbarred_spirals,edge_on,False
230553,unbarred_spirals,barred_spirals,False
83134,unbarred_spirals,unbarred_spirals,True
74352,unbarred_spirals,cigar_shaped_elliptical,False
101280,unbarred_spirals,unbarred_spirals,True
25253,unbarred_spirals,unbarred_spirals,True
270112,unbarred_spirals,cigar_shaped_elliptical,False
27557,unbarred_spirals,barred_spirals,False
25595,unbarred_spirals,cigar_shaped_elliptical,False
30163,unbarred_spirals,cigar_shaped_elliptical,False
26211,unbarred_spirals,irregular,False
49655,unbarred_spirals,unbarred_spirals,True
54391,unbarred_spirals,unbarred_spirals,True
272014,unbarred_spirals,unbarred_spirals,True
44375,unbarred_spirals,unbarred_spirals,True
251280,unbarred_spirals,in_between_elliptical,False
117313,unbarred_spirals,in_between_elliptical,False
249452,unbarred_spirals,unbarred_spirals,True
73861,unbarred_spirals,unbarred_spirals,True
7059,unbarred_spirals,in_between_elliptical,False
216085,unbarred_spirals,unbarred_spirals,True
160949,unbarred_spirals,irregular,False
163272,unbarred_spirals,unbarred_spirals,True
53461,unbarred_spirals,unbarred_spirals,True
260982,unbarred_spirals,unbarred_spirals,True
144370,unbarred_spirals,unbarred_spirals,True
168003,unbarred_spirals,irregular,False
141712,unbarred_spirals,round_elliptical,False
144733,unbarred_spirals,unbarred_spirals,True
137928,unbarred_spirals,unbarred_spirals,True
110308,unbarred_spirals,unbarred_spirals,True
84248,unbarred_spirals,unbarred_spirals,True
236990,unbarred_spirals,unbarred_spirals,True
239183,unbarred_spirals,unbarred_spirals,True
52016,unbarred_spirals,barred_spirals,False
128123,unbarred_spirals,edge_on,False
254415,unbarred_spirals,unbarred_spirals,True
28627,unbarred_spirals,unbarred_spirals,True
263778,unbarred_spirals,edge_on,False
145143,unbarred_spirals,unbarred_spirals,True
170315,unbarred_spirals,unbarred_spirals,True
46883,unbarred_spirals,unbarred_spirals,True
47884,unbarred_spirals,unbarred_spirals,True
19452,unbarred_spirals,unbarred_spirals,True
18304,unbarred_spirals,barred_spirals,False
47678,unbarred_spirals,in_between_elliptical,False
230016,unbarred_spirals,unbarred_spirals,True
212476,unbarred_spirals,unbarred_spirals,True
209723,unbarred_spirals,unbarred_spirals,True
266283,unbarred_spirals,unbarred_spirals,True
88881,unbarred_spirals,unbarred_spirals,True
192045,unbarred_spirals,unbarred_spirals,True
136574,unbarred_spirals,unbarred_spirals,True
105839,unbarred_spirals,unbarred_spirals,True
162068,unbarred_spirals,round_elliptical,False
293945,unbarred_spirals,round_elliptical,False
149291,unbarred_spirals,unbarred_spirals,True
178420,unbarred_spirals,unbarred_spirals,True
89577,unbarred_spirals,unbarred_spirals,True
215432,unbarred_spirals,merger,False
40036,unbarred_spirals,unbarred_spirals,True
148517,unbarred_spirals,unbarred_spirals,True
93737,unbarred_spirals,in_between_elliptical,False
195930,unbarred_spirals,in_between_elliptical,False
204696,unbarred_spirals,merger,False
263849,unbarred_spirals,unbarred_spirals,True
73981,unbarred_spirals,unbarred_spirals,True
175556,unbarred_spirals,unbarred_spirals,True
33347,unbarred_spirals,round_elliptical,False
66267,unbarred_spirals,unbarred_spirals,True
164158,unbarred_spirals,unbarred_spirals,True
166065,unbarred_spirals,in_between_elliptical,False
144245,unbarred_spirals,edge_on,False
217968,unbarred_spirals,unbarred_spirals,True
35275,unbarred_spirals,unbarred_spirals,True
261848,unbarred_spirals,merger,False
224639,unbarred_spirals,unbarred_spirals,True
199343,unbarred_spirals,unbarred_spirals,True
266538,unbarred_spirals,unbarred_spirals,True
12817,unbarred_spirals,irregular,False
186366,unbarred_spirals,barred_spirals,False
184325,unbarred_spirals,unbarred_spirals,True
96323,unbarred_spirals,unbarred_spirals,True
155641,unbarred_spirals,unbarred_spirals,True
185667,unbarred_spirals,barred_spirals,False
259604,unbarred_spirals,unbarred_spirals,True
266718,unbarred_spirals,unbarred_spirals,True
265077,unbarred_spirals,unbarred_spirals,True
61861,unbarred_spirals,unbarred_spirals,True
181151,unbarred_spirals,unbarred_spirals,True
171132,unbarred_spirals,unbarred_spirals,True
118957,unbarred_spirals,unbarred_spirals,True
65460,unbarred_spirals,round_elliptical,False
125686,unbarred_spirals,irregular,False
110710,unbarred_spirals,merger,False
289064,unbarred_spirals,unbarred_spirals,True
239873,unbarred_spirals,unbarred_spirals,True
110447,unbarred_spirals,in_between_elliptical,False
143332,unbarred_spirals,unbarred_spirals,True
244400,unbarred_spirals,unbarred_spirals,True
103618,unbarred_spirals,barred_spirals,False
110548,unbarred_spirals,round_elliptical,False
3732,unbarred_spirals,in_between_elliptical,False
293740,unbarred_spirals,unbarred_spirals,True
35129,unbarred_spirals,unbarred_spirals,True
57801,unbarred_spirals,round_elliptical,False
117439,unbarred_spirals,unbarred_spirals,True
170375,unbarred_spirals,unbarred_spirals,True
199902,unbarred_spirals,in_between_elliptical,False
107494,unbarred_spirals,round_elliptical,False
125344,unbarred_spirals,irregular,False
31056,unbarred_spirals,unbarred_spirals,True
110097,unbarred_spirals,unbarred_spirals,True
249310,unbarred_spirals,cigar_shaped_elliptical,False
19757,unbarred_spirals,in_between_elliptical,False
237923,unbarred_spirals,unbarred_spirals,True
207774,unbarred_spirals,irregular,False
211540,unbarred_spirals,unbarred_spirals,True
144622,unbarred_spirals,barred_spirals,False
59543,unbarred_spirals,barred_spirals,False
69207,unbarred_spirals,unbarred_spirals,True
269772,unbarred_spirals,unbarred_spirals,True
153109,unbarred_spirals,unbarred_spirals,True
25612,unbarred_spirals,unbarred_spirals,True
173242,unbarred_spirals,barred_spirals,False
158131,unbarred_spirals,merger,False
220505,unbarred_spirals,unbarred_spirals,True
54348,unbarred_spirals,irregular,False
153447,unbarred_spirals,irregular,False
182334,unbarred_spirals,unbarred_spirals,True
53560,unbarred_spirals,unbarred_spirals,True
110753,unbarred_spirals,unbarred_spirals,True
210047,unbarred_spirals,unbarred_spirals,True
204193,unbarred_spirals,unbarred_spirals,True
190647,unbarred_spirals,unbarred_spirals,True
247231,unbarred_spirals,unbarred_spirals,True
160129,unbarred_spirals,merger,False
41890,unbarred_spirals,unbarred_spirals,True
138990,unbarred_spirals,unbarred_spirals,True
2247,unbarred_spirals,barred_spirals,False
178799,unbarred_spirals,in_between_elliptical,False
88505,unbarred_spirals,unbarred_spirals,True
209908,unbarred_spirals,unbarred_spirals,True
44541,unbarred_spirals,unbarred_spirals,True
275426,unbarred_spirals,unbarred_spirals,True
133025,unbarred_spirals,unbarred_spirals,True
150789,unbarred_spirals,in_between_elliptical,False
16192,unbarred_spirals,unbarred_spirals,True
93471,unbarred_spirals,unbarred_spirals,True
269102,unbarred_spirals,round_elliptical,False
165733,unbarred_spirals,merger,False
109636,unbarred_spirals,unbarred_spirals,True
18594,unbarred_spirals,unbarred_spirals,True
206235,unbarred_spirals,unbarred_spirals,True
34980,unbarred_spirals,in_between_elliptical,False
111239,unbarred_spirals,in_between_elliptical,False
190960,unbarred_spirals,unbarred_spirals,True
18934,unbarred_spirals,irregular,False
34540,unbarred_spirals,in_between_elliptical,False
186301,unbarred_spirals,unbarred_spirals,True
64161,unbarred_spirals,unbarred_spirals,True
61845,unbarred_spirals,unbarred_spirals,True
142543,unbarred_spirals,merger,False
20990,unbarred_spirals,unbarred_spirals,True
176327,unbarred_spirals,merger,False
135837,unbarred_spirals,unbarred_spirals,True
249878,unbarred_spirals,unbarred_spirals,True
218849,unbarred_spirals,unbarred_spirals,True
53880,unbarred_spirals,unbarred_spirals,True
51395,unbarred_spirals,unbarred_spirals,True
165828,unbarred_spirals,unbarred_spirals,True
17902,unbarred_spirals,unbarred_spirals,True
27738,unbarred_spirals,irregular,False
179767,unbarred_spirals,unbarred_spirals,True
172610,unbarred_spirals,unbarred_spirals,True
76409,unbarred_spirals,in_between_elliptical,False
14558,unbarred_spirals,round_elliptical,False
122611,unbarred_spirals,cigar_shaped_elliptical,False
16534,unbarred_spirals,merger,False
41449,unbarred_spirals,barred_spirals,False
270405,unbarred_spirals,unbarred_spirals,True
238767,unbarred_spirals,in_between_elliptical,False
124915,unbarred_spirals,merger,False
74268,unbarred_spirals,unbarred_spirals,True
119922,unbarred_spirals,unbarred_spirals,True
205355,unbarred_spirals,merger,False
261095,unbarred_spirals,irregular,False
259922,unbarred_spirals,unbarred_spirals,True
136442,unbarred_spirals,unbarred_spirals,True
173107,unbarred_spirals,in_between_elliptical,False
95919,unbarred_spirals,unbarred_spirals,True
74746,unbarred_spirals,unbarred_spirals,True
103526,unbarred_spirals,unbarred_spirals,True
238260,unbarred_spirals,unbarred_spirals,True
21345,unbarred_spirals,unbarred_spirals,True
121072,unbarred_spirals,round_elliptical,False
240953,unbarred_spirals,unbarred_spirals,True
49146,unbarred_spirals,in_between_elliptical,False
12842,unbarred_spirals,cigar_shaped_elliptical,False
263020,unbarred_spirals,unbarred_spirals,True
229150,unbarred_spirals,unbarred_spirals,True
251148,unbarred_spirals,unbarred_spirals,True
258195,unbarred_spirals,irregular,False
291658,unbarred_spirals,unbarred_spirals,True
139265,unbarred_spirals,unbarred_spirals,True
62633,unbarred_spirals,unbarred_spirals,True
193467,unbarred_spirals,irregular,False
206931,unbarred_spirals,unbarred_spirals,True
83195,unbarred_spirals,unbarred_spirals,True
203877,unbarred_spirals,unbarred_spirals,True
183986,unbarred_spirals,unbarred_spirals,True
109263,unbarred_spirals,unbarred_spirals,True
209440,unbarred_spirals,unbarred_spirals,True
3723,unbarred_spirals,irregular,False
140600,unbarred_spirals,unbarred_spirals,True
280065,unbarred_spirals,unbarred_spirals,True
223251,unbarred_spirals,irregular,False
168766,unbarred_spirals,unbarred_spirals,True
90038,unbarred_spirals,unbarred_spirals,True
214865,unbarred_spirals,unbarred_spirals,True
224751,unbarred_spirals,unbarred_spirals,True
85022,unbarred_spirals,unbarred_spirals,True
102835,unbarred_spirals,unbarred_spirals,True
18465,unbarred_spirals,cigar_shaped_elliptical,False
222190,unbarred_spirals,unbarred_spirals,True
242696,unbarred_spirals,unbarred_spirals,True
9003,unbarred_spirals,unbarred_spirals,True
39255,unbarred_spirals,unbarred_spirals,True
217921,unbarred_spirals,in_between_elliptical,False
120373,unbarred_spirals,cigar_shaped_elliptical,False
214187,unbarred_spirals,unbarred_spirals,True
71063,unbarred_spirals,barred_spirals,False
253287,unbarred_spirals,unbarred_spirals,True
232984,unbarred_spirals,irregular,False
216400,unbarred_spirals,unbarred_spirals,True
81285,unbarred_spirals,unbarred_spirals,True
87187,unbarred_spirals,merger,False
41850,unbarred_spirals,unbarred_spirals,True
52142,unbarred_spirals,unbarred_spirals,True
195469,unbarred_spirals,unbarred_spirals,True
183709,unbarred_spirals,unbarred_spirals,True
266089,unbarred_spirals,cigar_shaped_elliptical,False
137838,unbarred_spirals,irregular,False
179234,unbarred_spirals,unbarred_spirals,True
163178,unbarred_spirals,round_elliptical,False
178328,unbarred_spirals,unbarred_spirals,True
232427,unbarred_spirals,unbarred_spirals,True
114318,unbarred_spirals,unbarred_spirals,True
47837,unbarred_spirals,unbarred_spirals,True
197866,unbarred_spirals,round_elliptical,False
23484,unbarred_spirals,unbarred_spirals,True
262735,unbarred_spirals,unbarred_spirals,True
69190,unbarred_spirals,unbarred_spirals,True
245116,unbarred_spirals,in_between_elliptical,False
199717,unbarred_spirals,in_between_elliptical,False
229166,unbarred_spirals,cigar_shaped_elliptical,False
182144,unbarred_spirals,unbarred_spirals,True
26353,unbarred_spirals,unbarred_spirals,True
236333,unbarred_spirals,irregular,False
76905,unbarred_spirals,unbarred_spirals,True
232780,unbarred_spirals,unbarred_spirals,True
134610,unbarred_spirals,unbarred_spirals,True
68357,unbarred_spirals,cigar_shaped_elliptical,False
285966,unbarred_spirals,unbarred_spirals,True
261217,unbarred_spirals,irregular,False
154754,unbarred_spirals,unbarred_spirals,True
20563,unbarred_spirals,in_between_elliptical,False
144302,unbarred_spirals,unbarred_spirals,True
134311,unbarred_spirals,barred_spirals,False
151640,unbarred_spirals,unbarred_spirals,True
77673,unbarred_spirals,unbarred_spirals,True
228434,unbarred_spirals,cigar_shaped_elliptical,False
235359,unbarred_spirals,unbarred_spirals,True
257325,unbarred_spirals,unbarred_spirals,True
258257,unbarred_spirals,unbarred_spirals,True
283130,unbarred_spirals,unbarred_spirals,True
209582,unbarred_spirals,unbarred_spirals,True
198888,unbarred_spirals,unbarred_spirals,True
81703,unbarred_spirals,irregular,False
172594,unbarred_spirals,merger,False
179922,unbarred_spirals,in_between_elliptical,False
128627,unbarred_spirals,unbarred_spirals,True
123243,unbarred_spirals,unbarred_spirals,True
264667,unbarred_spirals,irregular,False
110355,unbarred_spirals,unbarred_spirals,True
46988,unbarred_spirals,unbarred_spirals,True
154648,unbarred_spirals,cigar_shaped_elliptical,False
54464,unbarred_spirals,unbarred_spirals,True
170010,unbarred_spirals,barred_spirals,False
134117,unbarred_spirals,unbarred_spirals,True
75984,unbarred_spirals,unbarred_spirals,True
108894,unbarred_spirals,unbarred_spirals,True
95730,unbarred_spirals,round_elliptical,False
73600,unbarred_spirals,unbarred_spirals,True
185354,unbarred_spirals,unbarred_spirals,True
295140,unbarred_spirals,unbarred_spirals,True
44790,unbarred_spirals,unbarred_spirals,True
139096,unbarred_spirals,unbarred_spirals,True
63160,unbarred_spirals,unbarred_spirals,True
126629,unbarred_spirals,unbarred_spirals,True
228098,unbarred_spirals,irregular,False
125392,unbarred_spirals,in_between_elliptical,False
100075,unbarred_spirals,cigar_shaped_elliptical,False
85566,unbarred_spirals,unbarred_spirals,True
224701,unbarred_spirals,barred_spirals,False
152395,unbarred_spirals,unbarred_spirals,True
131226,unbarred_spirals,unbarred_spirals,True
8227,unbarred_spirals,round_elliptical,False
69966,unbarred_spirals,round_elliptical,False
243563,unbarred_spirals,irregular,False
27794,unbarred_spirals,irregular,False
223478,unbarred_spirals,unbarred_spirals,True
3314,unbarred_spirals,unbarred_spirals,True
195393,unbarred_spirals,cigar_shaped_elliptical,False
8701,unbarred_spirals,unbarred_spirals,True
161219,unbarred_spirals,unbarred_spirals,True
84195,unbarred_spirals,unbarred_spirals,True
213908,unbarred_spirals,merger,False
181283,unbarred_spirals,unbarred_spirals,True
86839,unbarred_spirals,unbarred_spirals,True
278628,unbarred_spirals,unbarred_spirals,True
206955,unbarred_spirals,unbarred_spirals,True
112456,unbarred_spirals,in_between_elliptical,False
186460,unbarred_spirals,irregular,False
242182,unbarred_spirals,unbarred_spirals,True
4787,unbarred_spirals,irregular,False
163080,unbarred_spirals,in_between_elliptical,False
36738,unbarred_spirals,cigar_shaped_elliptical,False
64680,unbarred_spirals,round_elliptical,False
126860,unbarred_spirals,unbarred_spirals,True
91120,unbarred_spirals,unbarred_spirals,True
11981,unbarred_spirals,unbarred_spirals,True
108681,unbarred_spirals,round_elliptical,False
118551,unbarred_spirals,barred_spirals,False
169766,unbarred_spirals,unbarred_spirals,True
240992,unbarred_spirals,unbarred_spirals,True
260501,unbarred_spirals,unbarred_spirals,True
223491,unbarred_spirals,unbarred_spirals,True
53279,unbarred_spirals,unbarred_spirals,True
9665,unbarred_spirals,unbarred_spirals,True
184224,unbarred_spirals,unbarred_spirals,True
24517,unbarred_spirals,merger,False
219367,unbarred_spirals,unbarred_spirals,True
240707,unbarred_spirals,unbarred_spirals,True
91265,unbarred_spirals,unbarred_spirals,True
158265,unbarred_spirals,unbarred_spirals,True
208602,unbarred_spirals,barred_spirals,False
160736,unbarred_spirals,unbarred_spirals,True
218097,unbarred_spirals,unbarred_spirals,True
152575,unbarred_spirals,in_between_elliptical,False
158885,unbarred_spirals,unbarred_spirals,True
218658,unbarred_spirals,unbarred_spirals,True
26360,unbarred_spirals,unbarred_spirals,True
201393,unbarred_spirals,unbarred_spirals,True
111094,unbarred_spirals,unbarred_spirals,True
85115,unbarred_spirals,unbarred_spirals,True
109057,unbarred_spirals,irregular,False
40469,unbarred_spirals,cigar_shaped_elliptical,False
250003,unbarred_spirals,unbarred_spirals,True
188767,unbarred_spirals,in_between_elliptical,False
107727,unbarred_spirals,unbarred_spirals,True
261742,unbarred_spirals,unbarred_spirals,True
247539,unbarred_spirals,irregular,False
270038,unbarred_spirals,barred_spirals,False
216041,unbarred_spirals,unbarred_spirals,True
58759,unbarred_spirals,unbarred_spirals,True
37423,unbarred_spirals,round_elliptical,False
221624,unbarred_spirals,barred_spirals,False
248693,unbarred_spirals,unbarred_spirals,True
242785,unbarred_spirals,round_elliptical,False
227448,unbarred_spirals,unbarred_spirals,True
55800,unbarred_spirals,unbarred_spirals,True
127288,unbarred_spirals,unbarred_spirals,True
129257,unbarred_spirals,irregular,False
182024,unbarred_spirals,unbarred_spirals,True
237800,unbarred_spirals,unbarred_spirals,True
58810,unbarred_spirals,irregular,False
265347,unbarred_spirals,cigar_shaped_elliptical,False
75171,unbarred_spirals,barred_spirals,False
193538,unbarred_spirals,unbarred_spirals,True
90661,unbarred_spirals,irregular,False
112042,unbarred_spirals,unbarred_spirals,True
41001,unbarred_spirals,unbarred_spirals,True
254831,unbarred_spirals,unbarred_spirals,True
245642,unbarred_spirals,unbarred_spirals,True
64011,unbarred_spirals,in_between_elliptical,False
235436,unbarred_spirals,unbarred_spirals,True
133921,unbarred_spirals,unbarred_spirals,True
13900,unbarred_spirals,round_elliptical,False
160900,unbarred_spirals,barred_spirals,False
188561,unbarred_spirals,unbarred_spirals,True
88236,unbarred_spirals,unbarred_spirals,True
210869,unbarred_spirals,unbarred_spirals,True
49357,unbarred_spirals,round_elliptical,False
198728,unbarred_spirals,barred_spirals,False
207332,unbarred_spirals,in_between_elliptical,False
49823,unbarred_spirals,unbarred_spirals,True
58558,unbarred_spirals,unbarred_spirals,True
207531,unbarred_spirals,unbarred_spirals,True
7698,unbarred_spirals,cigar_shaped_elliptical,False
53859,unbarred_spirals,in_between_elliptical,False
266423,unbarred_spirals,unbarred_spirals,True
3575,unbarred_spirals,unbarred_spirals,True
218280,unbarred_spirals,unbarred_spirals,True
67601,unbarred_spirals,in_between_elliptical,False
46785,unbarred_spirals,cigar_shaped_elliptical,False
197420,unbarred_spirals,irregular,False
176019,unbarred_spirals,edge_on,False
237514,unbarred_spirals,irregular,False
247724,unbarred_spirals,irregular,False
168537,unbarred_spirals,unbarred_spirals,True
236231,unbarred_spirals,unbarred_spirals,True
112523,unbarred_spirals,unbarred_spirals,True
218668,unbarred_spirals,in_between_elliptical,False
175259,unbarred_spirals,cigar_shaped_elliptical,False
267034,unbarred_spirals,merger,False
78469,unbarred_spirals,unbarred_spirals,True
107664,unbarred_spirals,unbarred_spirals,True
246647,unbarred_spirals,barred_spirals,False
166224,unbarred_spirals,unbarred_spirals,True
139509,unbarred_spirals,in_between_elliptical,False
10035,unbarred_spirals,unbarred_spirals,True
117225,unbarred_spirals,round_elliptical,False
44223,unbarred_spirals,unbarred_spirals,True
119124,unbarred_spirals,unbarred_spirals,True
84813,unbarred_spirals,unbarred_spirals,True
68545,unbarred_spirals,unbarred_spirals,True
120309,unbarred_spirals,unbarred_spirals,True
41528,unbarred_spirals,unbarred_spirals,True
229994,unbarred_spirals,irregular,False
30310,unbarred_spirals,unbarred_spirals,True
260859,unbarred_spirals,unbarred_spirals,True
78848,unbarred_spirals,unbarred_spirals,True
19747,unbarred_spirals,unbarred_spirals,True
233936,unbarred_spirals,unbarred_spirals,True
3825,unbarred_spirals,round_elliptical,False
81830,unbarred_spirals,in_between_elliptical,False
245707,unbarred_spirals,unbarred_spirals,True
152804,unbarred_spirals,unbarred_spirals,True
95910,unbarred_spirals,unbarred_spirals,True
89802,unbarred_spirals,unbarred_spirals,True
263617,unbarred_spirals,unbarred_spirals,True
74077,unbarred_spirals,unbarred_spirals,True
26550,unbarred_spirals,unbarred_spirals,True
152264,unbarred_spirals,unbarred_spirals,True
124364,unbarred_spirals,unbarred_spirals,True
203250,unbarred_spirals,unbarred_spirals,True
133943,unbarred_spirals,unbarred_spirals,True
256539,unbarred_spirals,unbarred_spirals,True
829,unbarred_spirals,unbarred_spirals,True
190503,unbarred_spirals,unbarred_spirals,True
219141,unbarred_spirals,unbarred_spirals,True
239754,unbarred_spirals,edge_on,False
244326,unbarred_spirals,cigar_shaped_elliptical,False
83436,unbarred_spirals,unbarred_spirals,True
90356,unbarred_spirals,in_between_elliptical,False
153705,unbarred_spirals,unbarred_spirals,True
74191,unbarred_spirals,unbarred_spirals,True
149329,unbarred_spirals,unbarred_spirals,True
263290,unbarred_spirals,unbarred_spirals,True
254529,unbarred_spirals,unbarred_spirals,True
68892,unbarred_spirals,unbarred_spirals,True
184945,unbarred_spirals,in_between_elliptical,False
61800,unbarred_spirals,merger,False
216193,unbarred_spirals,unbarred_spirals,True
254918,unbarred_spirals,unbarred_spirals,True
264057,unbarred_spirals,unbarred_spirals,True
86728,unbarred_spirals,round_elliptical,False
172392,unbarred_spirals,round_elliptical,False
18396,unbarred_spirals,unbarred_spirals,True
32337,unbarred_spirals,unbarred_spirals,True
224770,unbarred_spirals,unbarred_spirals,True
66553,unbarred_spirals,unbarred_spirals,True
12223,unbarred_spirals,unbarred_spirals,True
185132,unbarred_spirals,round_elliptical,False
271636,unbarred_spirals,cigar_shaped_elliptical,False
263090,unbarred_spirals,unbarred_spirals,True
156421,unbarred_spirals,in_between_elliptical,False
46658,unbarred_spirals,unbarred_spirals,True
71256,unbarred_spirals,unbarred_spirals,True
100547,unbarred_spirals,edge_on,False
20385,unbarred_spirals,unbarred_spirals,True
264151,unbarred_spirals,unbarred_spirals,True
134046,unbarred_spirals,unbarred_spirals,True
23703,unbarred_spirals,round_elliptical,False
46534,unbarred_spirals,unbarred_spirals,True
205728,unbarred_spirals,unbarred_spirals,True
221642,unbarred_spirals,unbarred_spirals,True
101952,unbarred_spirals,unbarred_spirals,True
74409,unbarred_spirals,round_elliptical,False
181280,unbarred_spirals,unbarred_spirals,True
175649,unbarred_spirals,unbarred_spirals,True
261351,unbarred_spirals,irregular,False
11385,unbarred_spirals,unbarred_spirals,True
266197,unbarred_spirals,cigar_shaped_elliptical,False
118462,unbarred_spirals,unbarred_spirals,True
213995,unbarred_spirals,unbarred_spirals,True
245066,unbarred_spirals,unbarred_spirals,True
9238,unbarred_spirals,irregular,False
248872,unbarred_spirals,unbarred_spirals,True
27404,unbarred_spirals,unbarred_spirals,True
249800,unbarred_spirals,unbarred_spirals,True
87421,unbarred_spirals,unbarred_spirals,True
87649,unbarred_spirals,unbarred_spirals,True
23495,unbarred_spirals,unbarred_spirals,True
39457,unbarred_spirals,barred_spirals,False
53912,unbarred_spirals,unbarred_spirals,True
176332,unbarred_spirals,unbarred_spirals,True
159155,unbarred_spirals,unbarred_spirals,True
100562,unbarred_spirals,unbarred_spirals,True
236369,unbarred_spirals,in_between_elliptical,False
266432,unbarred_spirals,unbarred_spirals,True
265010,unbarred_spirals,unbarred_spirals,True
155190,unbarred_spirals,unbarred_spirals,True
79948,unbarred_spirals,unbarred_spirals,True
187272,unbarred_spirals,unbarred_spirals,True
212702,unbarred_spirals,irregular,False
134889,unbarred_spirals,irregular,False
230871,unbarred_spirals,unbarred_spirals,True
261058,unbarred_spirals,unbarred_spirals,True
80184,unbarred_spirals,unbarred_spirals,True
8235,unbarred_spirals,unbarred_spirals,True
293872,unbarred_spirals,unbarred_spirals,True
178425,unbarred_spirals,barred_spirals,False
241076,unbarred_spirals,unbarred_spirals,True
95750,unbarred_spirals,unbarred_spirals,True
47680,unbarred_spirals,unbarred_spirals,True
173113,unbarred_spirals,merger,False
45181,unbarred_spirals,irregular,False
255356,unbarred_spirals,unbarred_spirals,True
216768,unbarred_spirals,irregular,False
10443,unbarred_spirals,edge_on,False
213998,unbarred_spirals,round_elliptical,False
218737,unbarred_spirals,unbarred_spirals,True
57686,unbarred_spirals,in_between_elliptical,False
249228,unbarred_spirals,irregular,False
186079,unbarred_spirals,unbarred_spirals,True
243807,unbarred_spirals,unbarred_spirals,True
127809,unbarred_spirals,unbarred_spirals,True
169932,unbarred_spirals,unbarred_spirals,True
225210,unbarred_spirals,unbarred_spirals,True
262116,unbarred_spirals,in_between_elliptical,False
251771,unbarred_spirals,unbarred_spirals,True
236275,unbarred_spirals,unbarred_spirals,True
158017,unbarred_spirals,unbarred_spirals,True
6925,unbarred_spirals,irregular,False
176430,unbarred_spirals,unbarred_spirals,True
208085,unbarred_spirals,unbarred_spirals,True
158333,unbarred_spirals,round_elliptical,False
44188,unbarred_spirals,unbarred_spirals,True
51174,unbarred_spirals,unbarred_spirals,True
167403,unbarred_spirals,in_between_elliptical,False
217018,unbarred_spirals,barred_spirals,False
161995,unbarred_spirals,unbarred_spirals,True
282479,unbarred_spirals,merger,False
108403,unbarred_spirals,unbarred_spirals,True
183612,unbarred_spirals,round_elliptical,False
93454,unbarred_spirals,barred_spirals,False
79387,unbarred_spirals,unbarred_spirals,True
233847,unbarred_spirals,unbarred_spirals,True
96189,unbarred_spirals,unbarred_spirals,True
94358,unbarred_spirals,round_elliptical,False
73121,unbarred_spirals,unbarred_spirals,True
44345,unbarred_spirals,barred_spirals,False
163277,unbarred_spirals,unbarred_spirals,True
194675,unbarred_spirals,unbarred_spirals,True
170496,unbarred_spirals,unbarred_spirals,True
143222,unbarred_spirals,unbarred_spirals,True
254639,unbarred_spirals,round_elliptical,False
255562,unbarred_spirals,irregular,False
219253,unbarred_spirals,unbarred_spirals,True
13054,unbarred_spirals,unbarred_spirals,True
258936,unbarred_spirals,in_between_elliptical,False
6720,unbarred_spirals,barred_spirals,False
103517,unbarred_spirals,in_between_elliptical,False
164908,unbarred_spirals,unbarred_spirals,True
129510,unbarred_spirals,edge_on,False
92651,unbarred_spirals,barred_spirals,False
80075,unbarred_spirals,unbarred_spirals,True
20019,unbarred_spirals,unbarred_spirals,True
17302,unbarred_spirals,in_between_elliptical,False
283356,unbarred_spirals,unbarred_spirals,True
153130,unbarred_spirals,unbarred_spirals,True
72224,unbarred_spirals,unbarred_spirals,True
265759,unbarred_spirals,unbarred_spirals,True
193019,unbarred_spirals,unbarred_spirals,True
220117,unbarred_spirals,unbarred_spirals,True
111731,unbarred_spirals,unbarred_spirals,True
77113,unbarred_spirals,unbarred_spirals,True
92143,unbarred_spirals,unbarred_spirals,True
221522,unbarred_spirals,edge_on,False
131733,unbarred_spirals,unbarred_spirals,True
266007,unbarred_spirals,unbarred_spirals,True
80310,unbarred_spirals,unbarred_spirals,True
261213,unbarred_spirals,in_between_elliptical,False
8851,unbarred_spirals,unbarred_spirals,True
253278,unbarred_spirals,unbarred_spirals,True
288020,unbarred_spirals,unbarred_spirals,True
133933,unbarred_spirals,unbarred_spirals,True
53958,unbarred_spirals,unbarred_spirals,True
243316,unbarred_spirals,unbarred_spirals,True
54643,unbarred_spirals,unbarred_spirals,True
139841,unbarred_spirals,unbarred_spirals,True
193282,unbarred_spirals,unbarred_spirals,True
186603,unbarred_spirals,round_elliptical,False
114570,unbarred_spirals,unbarred_spirals,True
233870,unbarred_spirals,unbarred_spirals,True
111043,unbarred_spirals,in_between_elliptical,False
58194,unbarred_spirals,unbarred_spirals,True
127954,unbarred_spirals,unbarred_spirals,True
127364,unbarred_spirals,unbarred_spirals,True
173247,unbarred_spirals,unbarred_spirals,True
223927,unbarred_spirals,merger,False
136066,unbarred_spirals,unbarred_spirals,True
267245,unbarred_spirals,unbarred_spirals,True
217436,unbarred_spirals,unbarred_spirals,True
13810,unbarred_spirals,barred_spirals,False
84013,unbarred_spirals,unbarred_spirals,True
187789,unbarred_spirals,unbarred_spirals,True
52831,unbarred_spirals,in_between_elliptical,False
114272,unbarred_spirals,cigar_shaped_elliptical,False
94224,unbarred_spirals,in_between_elliptical,False
18709,unbarred_spirals,in_between_elliptical,False
16167,unbarred_spirals,unbarred_spirals,True
21829,unbarred_spirals,unbarred_spirals,True
30394,unbarred_spirals,unbarred_spirals,True
179841,unbarred_spirals,unbarred_spirals,True
167038,unbarred_spirals,irregular,False
37562,unbarred_spirals,unbarred_spirals,True
260537,unbarred_spirals,unbarred_spirals,True
241087,unbarred_spirals,unbarred_spirals,True
109152,unbarred_spirals,unbarred_spirals,True
138245,unbarred_spirals,unbarred_spirals,True
50623,unbarred_spirals,unbarred_spirals,True
84657,unbarred_spirals,unbarred_spirals,True
232450,unbarred_spirals,irregular,False
34132,unbarred_spirals,unbarred_spirals,True
84568,unbarred_spirals,unbarred_spirals,True
251800,unbarred_spirals,unbarred_spirals,True
122746,unbarred_spirals,unbarred_spirals,True
96561,unbarred_spirals,unbarred_spirals,True
162491,unbarred_spirals,in_between_elliptical,False
130530,unbarred_spirals,in_between_elliptical,False
184643,unbarred_spirals,unbarred_spirals,True
198610,unbarred_spirals,barred_spirals,False
194376,unbarred_spirals,in_between_elliptical,False
23137,unbarred_spirals,unbarred_spirals,True
220668,unbarred_spirals,unbarred_spirals,True
270257,unbarred_spirals,unbarred_spirals,True
232642,unbarred_spirals,unbarred_spirals,True
158008,unbarred_spirals,unbarred_spirals,True
42302,unbarred_spirals,unbarred_spirals,True
163399,unbarred_spirals,unbarred_spirals,True
249361,unbarred_spirals,irregular,False
83360,unbarred_spirals,unbarred_spirals,True
34628,unbarred_spirals,unbarred_spirals,True
26179,unbarred_spirals,round_elliptical,False
162297,unbarred_spirals,merger,False
50326,unbarred_spirals,irregular,False
78744,unbarred_spirals,irregular,False
74942,unbarred_spirals,in_between_elliptical,False
8786,unbarred_spirals,unbarred_spirals,True
223197,unbarred_spirals,unbarred_spirals,True
77270,unbarred_spirals,unbarred_spirals,True
289357,unbarred_spirals,irregular,False
294553,unbarred_spirals,round_elliptical,False
171765,unbarred_spirals,round_elliptical,False
248179,unbarred_spirals,irregular,False
251775,unbarred_spirals,cigar_shaped_elliptical,False
258849,unbarred_spirals,unbarred_spirals,True
163430,unbarred_spirals,unbarred_spirals,True
39340,unbarred_spirals,unbarred_spirals,True
271366,unbarred_spirals,unbarred_spirals,True
256660,unbarred_spirals,unbarred_spirals,True
166732,unbarred_spirals,edge_on,False
94020,unbarred_spirals,unbarred_spirals,True
211270,unbarred_spirals,unbarred_spirals,True
269329,unbarred_spirals,unbarred_spirals,True
223726,unbarred_spirals,unbarred_spirals,True
223048,unbarred_spirals,irregular,False
167396,unbarred_spirals,unbarred_spirals,True
106576,unbarred_spirals,unbarred_spirals,True
148069,unbarred_spirals,unbarred_spirals,True
112880,unbarred_spirals,unbarred_spirals,True
120767,unbarred_spirals,unbarred_spirals,True
122601,unbarred_spirals,unbarred_spirals,True
165959,unbarred_spirals,unbarred_spirals,True
40672,unbarred_spirals,round_elliptical,False
224586,unbarred_spirals,barred_spirals,False
180556,unbarred_spirals,unbarred_spirals,True
214524,unbarred_spirals,in_between_elliptical,False
155772,unbarred_spirals,unbarred_spirals,True
68924,unbarred_spirals,unbarred_spirals,True
22871,unbarred_spirals,unbarred_spirals,True
172189,unbarred_spirals,unbarred_spirals,True
169669,unbarred_spirals,unbarred_spirals,True
267092,unbarred_spirals,unbarred_spirals,True
144277,unbarred_spirals,unbarred_spirals,True
152316,unbarred_spirals,cigar_shaped_elliptical,False
265737,unbarred_spirals,unbarred_spirals,True
68565,unbarred_spirals,unbarred_spirals,True
78647,unbarred_spirals,merger,False
103311,unbarred_spirals,unbarred_spirals,True
294812,unbarred_spirals,round_elliptical,False
194745,unbarred_spirals,round_elliptical,False
86076,unbarred_spirals,unbarred_spirals,True
265217,unbarred_spirals,unbarred_spirals,True
63275,unbarred_spirals,unbarred_spirals,True
259775,unbarred_spirals,unbarred_spirals,True
161788,unbarred_spirals,unbarred_spirals,True
255618,unbarred_spirals,barred_spirals,False
221396,unbarred_spirals,unbarred_spirals,True
20610,unbarred_spirals,unbarred_spirals,True
277173,unbarred_spirals,unbarred_spirals,True
153372,unbarred_spirals,in_between_elliptical,False
186128,unbarred_spirals,unbarred_spirals,True
262324,unbarred_spirals,barred_spirals,False
226878,unbarred_spirals,unbarred_spirals,True
74044,unbarred_spirals,unbarred_spirals,True
232160,unbarred_spirals,round_elliptical,False
35778,unbarred_spirals,unbarred_spirals,True
156815,unbarred_spirals,unbarred_spirals,True
96987,unbarred_spirals,unbarred_spirals,True
142303,unbarred_spirals,barred_spirals,False
118852,unbarred_spirals,unbarred_spirals,True
122941,unbarred_spirals,unbarred_spirals,True
247322,unbarred_spirals,unbarred_spirals,True
118253,unbarred_spirals,unbarred_spirals,True
293707,unbarred_spirals,unbarred_spirals,True
192575,unbarred_spirals,in_between_elliptical,False
58816,unbarred_spirals,round_elliptical,False
274751,unbarred_spirals,unbarred_spirals,True
224062,unbarred_spirals,unbarred_spirals,True
115797,unbarred_spirals,in_between_elliptical,False
185329,unbarred_spirals,unbarred_spirals,True
201417,unbarred_spirals,unbarred_spirals,True
151423,unbarred_spirals,unbarred_spirals,True
108068,unbarred_spirals,cigar_shaped_elliptical,False
164996,unbarred_spirals,irregular,False
110460,unbarred_spirals,unbarred_spirals,True
137673,unbarred_spirals,unbarred_spirals,True
255980,unbarred_spirals,unbarred_spirals,True
227369,unbarred_spirals,unbarred_spirals,True
175946,unbarred_spirals,unbarred_spirals,True
154490,unbarred_spirals,unbarred_spirals,True
170850,unbarred_spirals,barred_spirals,False
285435,unbarred_spirals,round_elliptical,False
515,unbarred_spirals,unbarred_spirals,True
192371,unbarred_spirals,unbarred_spirals,True
201894,unbarred_spirals,in_between_elliptical,False
68415,unbarred_spirals,unbarred_spirals,True
220173,unbarred_spirals,barred_spirals,False
211125,unbarred_spirals,in_between_elliptical,False
30558,unbarred_spirals,round_elliptical,False
86313,unbarred_spirals,unbarred_spirals,True
263431,unbarred_spirals,irregular,False
208582,unbarred_spirals,unbarred_spirals,True
168496,unbarred_spirals,in_between_elliptical,False
195739,unbarred_spirals,round_elliptical,False
30268,unbarred_spirals,unbarred_spirals,True
85018,unbarred_spirals,merger,False
292118,unbarred_spirals,unbarred_spirals,True
107747,unbarred_spirals,unbarred_spirals,True
124384,unbarred_spirals,unbarred_spirals,True
26428,unbarred_spirals,unbarred_spirals,True
171632,unbarred_spirals,unbarred_spirals,True
141127,unbarred_spirals,unbarred_spirals,True
163074,unbarred_spirals,unbarred_spirals,True
259221,unbarred_spirals,unbarred_spirals,True
161905,unbarred_spirals,unbarred_spirals,True
237631,unbarred_spirals,unbarred_spirals,True
264141,unbarred_spirals,irregular,False
195976,unbarred_spirals,unbarred_spirals,True
114917,unbarred_spirals,in_between_elliptical,False
157554,unbarred_spirals,in_between_elliptical,False
109379,unbarred_spirals,unbarred_spirals,True
51099,unbarred_spirals,unbarred_spirals,True
223807,unbarred_spirals,round_elliptical,False
159978,unbarred_spirals,unbarred_spirals,True
142231,unbarred_spirals,unbarred_spirals,True
44288,unbarred_spirals,in_between_elliptical,False
171914,unbarred_spirals,unbarred_spirals,True
174808,unbarred_spirals,unbarred_spirals,True
278323,unbarred_spirals,unbarred_spirals,True
175735,unbarred_spirals,in_between_elliptical,False
64959,unbarred_spirals,round_elliptical,False
95709,unbarred_spirals,unbarred_spirals,True
234415,unbarred_spirals,unbarred_spirals,True
198055,unbarred_spirals,unbarred_spirals,True
234019,unbarred_spirals,unbarred_spirals,True
21035,unbarred_spirals,unbarred_spirals,True
50208,unbarred_spirals,in_between_elliptical,False
144802,unbarred_spirals,unbarred_spirals,True
268143,unbarred_spirals,unbarred_spirals,True
123965,unbarred_spirals,unbarred_spirals,True
49421,unbarred_spirals,unbarred_spirals,True
77752,unbarred_spirals,unbarred_spirals,True
268160,unbarred_spirals,unbarred_spirals,True
133516,unbarred_spirals,unbarred_spirals,True
200456,unbarred_spirals,unbarred_spirals,True
211552,unbarred_spirals,unbarred_spirals,True
106417,unbarred_spirals,round_elliptical,False
50256,unbarred_spirals,unbarred_spirals,True
265550,unbarred_spirals,unbarred_spirals,True
115577,unbarred_spirals,cigar_shaped_elliptical,False
12652,unbarred_spirals,round_elliptical,False
141674,unbarred_spirals,cigar_shaped_elliptical,False
150427,unbarred_spirals,unbarred_spirals,True
218452,unbarred_spirals,unbarred_spirals,True
264387,unbarred_spirals,unbarred_spirals,True
277128,unbarred_spirals,unbarred_spirals,True
240659,unbarred_spirals,unbarred_spirals,True
55551,unbarred_spirals,unbarred_spirals,True
259712,unbarred_spirals,unbarred_spirals,True
264919,unbarred_spirals,unbarred_spirals,True
222289,unbarred_spirals,unbarred_spirals,True
66589,unbarred_spirals,unbarred_spirals,True
205494,unbarred_spirals,unbarred_spirals,True
251508,unbarred_spirals,irregular,False
248822,unbarred_spirals,unbarred_spirals,True
112670,unbarred_spirals,unbarred_spirals,True
153648,unbarred_spirals,unbarred_spirals,True
176890,unbarred_spirals,round_elliptical,False
251069,unbarred_spirals,unbarred_spirals,True
114973,unbarred_spirals,unbarred_spirals,True
85117,unbarred_spirals,unbarred_spirals,True
256656,unbarred_spirals,barred_spirals,False
211564,unbarred_spirals,unbarred_spirals,True
94583,unbarred_spirals,in_between_elliptical,False
127382,unbarred_spirals,in_between_elliptical,False
127426,unbarred_spirals,unbarred_spirals,True
44776,unbarred_spirals,in_between_elliptical,False
51439,unbarred_spirals,barred_spirals,False
155714,unbarred_spirals,in_between_elliptical,False
87443,unbarred_spirals,merger,False
110394,unbarred_spirals,unbarred_spirals,True
32975,unbarred_spirals,unbarred_spirals,True
233926,unbarred_spirals,unbarred_spirals,True
25286,unbarred_spirals,barred_spirals,False
227332,unbarred_spirals,unbarred_spirals,True
132199,unbarred_spirals,round_elliptical,False
201423,unbarred_spirals,unbarred_spirals,True
76823,unbarred_spirals,unbarred_spirals,True
293064,unbarred_spirals,cigar_shaped_elliptical,False
211434,unbarred_spirals,unbarred_spirals,True
150451,unbarred_spirals,round_elliptical,False
98150,unbarred_spirals,in_between_elliptical,False
37799,unbarred_spirals,unbarred_spirals,True
65945,unbarred_spirals,unbarred_spirals,True
253326,unbarred_spirals,unbarred_spirals,True
225815,unbarred_spirals,cigar_shaped_elliptical,False
95532,unbarred_spirals,unbarred_spirals,True
195606,unbarred_spirals,unbarred_spirals,True
115460,unbarred_spirals,round_elliptical,False
258181,unbarred_spirals,unbarred_spirals,True
123858,unbarred_spirals,merger,False
130661,unbarred_spirals,unbarred_spirals,True
155419,unbarred_spirals,unbarred_spirals,True
27190,unbarred_spirals,unbarred_spirals,True
69501,unbarred_spirals,unbarred_spirals,True
170158,unbarred_spirals,in_between_elliptical,False
266855,unbarred_spirals,unbarred_spirals,True
86854,unbarred_spirals,unbarred_spirals,True
265794,unbarred_spirals,unbarred_spirals,True
4115,unbarred_spirals,unbarred_spirals,True
211918,unbarred_spirals,unbarred_spirals,True
62374,unbarred_spirals,in_between_elliptical,False
289760,unbarred_spirals,unbarred_spirals,True
65143,unbarred_spirals,cigar_shaped_elliptical,False
77139,unbarred_spirals,unbarred_spirals,True
108314,unbarred_spirals,in_between_elliptical,False
83866,unbarred_spirals,cigar_shaped_elliptical,False
1619,unbarred_spirals,unbarred_spirals,True
276018,unbarred_spirals,barred_spirals,False
238766,unbarred_spirals,unbarred_spirals,True
120804,unbarred_spirals,irregular,False
182043,unbarred_spirals,round_elliptical,False
218654,unbarred_spirals,unbarred_spirals,True
106736,unbarred_spirals,unbarred_spirals,True
256613,unbarred_spirals,unbarred_spirals,True
168224,unbarred_spirals,unbarred_spirals,True
165741,unbarred_spirals,unbarred_spirals,True
19256,unbarred_spirals,barred_spirals,False
218928,unbarred_spirals,unbarred_spirals,True
174437,unbarred_spirals,unbarred_spirals,True
66775,unbarred_spirals,barred_spirals,False
105693,unbarred_spirals,unbarred_spirals,True
84472,unbarred_spirals,in_between_elliptical,False
94799,unbarred_spirals,unbarred_spirals,True
213604,unbarred_spirals,barred_spirals,False
160429,unbarred_spirals,unbarred_spirals,True
165781,unbarred_spirals,unbarred_spirals,True
125919,unbarred_spirals,unbarred_spirals,True
194594,unbarred_spirals,cigar_shaped_elliptical,False
187711,unbarred_spirals,unbarred_spirals,True
64584,unbarred_spirals,unbarred_spirals,True
208238,unbarred_spirals,in_between_elliptical,False
41909,unbarred_spirals,barred_spirals,False
13760,unbarred_spirals,round_elliptical,False
114806,unbarred_spirals,unbarred_spirals,True
158866,unbarred_spirals,unbarred_spirals,True
97911,unbarred_spirals,irregular,False
170213,unbarred_spirals,unbarred_spirals,True
59487,unbarred_spirals,unbarred_spirals,True
86917,unbarred_spirals,unbarred_spirals,True
243887,unbarred_spirals,unbarred_spirals,True
165245,unbarred_spirals,unbarred_spirals,True
37782,unbarred_spirals,irregular,False
228309,unbarred_spirals,unbarred_spirals,True
269704,unbarred_spirals,irregular,False
250803,unbarred_spirals,unbarred_spirals,True
98716,unbarred_spirals,unbarred_spirals,True
226548,unbarred_spirals,unbarred_spirals,True
121424,unbarred_spirals,unbarred_spirals,True
266829,unbarred_spirals,unbarred_spirals,True
236215,unbarred_spirals,unbarred_spirals,True
40883,unbarred_spirals,in_between_elliptical,False
210324,unbarred_spirals,unbarred_spirals,True
265523,unbarred_spirals,unbarred_spirals,True
115112,unbarred_spirals,unbarred_spirals,True
83248,unbarred_spirals,unbarred_spirals,True
5417,unbarred_spirals,round_elliptical,False
233986,unbarred_spirals,in_between_elliptical,False
231988,unbarred_spirals,unbarred_spirals,True
226490,unbarred_spirals,unbarred_spirals,True
171780,unbarred_spirals,unbarred_spirals,True
266480,unbarred_spirals,round_elliptical,False
64240,unbarred_spirals,unbarred_spirals,True
259408,unbarred_spirals,unbarred_spirals,True
90483,unbarred_spirals,unbarred_spirals,True
152155,unbarred_spirals,in_between_elliptical,False
86094,unbarred_spirals,in_between_elliptical,False
269826,unbarred_spirals,unbarred_spirals,True
244908,unbarred_spirals,cigar_shaped_elliptical,False
284297,unbarred_spirals,round_elliptical,False
36632,unbarred_spirals,unbarred_spirals,True
170495,unbarred_spirals,unbarred_spirals,True
173196,unbarred_spirals,unbarred_spirals,True
178744,unbarred_spirals,unbarred_spirals,True
137720,unbarred_spirals,unbarred_spirals,True
207288,unbarred_spirals,unbarred_spirals,True
192059,unbarred_spirals,unbarred_spirals,True
77918,unbarred_spirals,unbarred_spirals,True
89286,unbarred_spirals,in_between_elliptical,False
224736,unbarred_spirals,unbarred_spirals,True
238715,unbarred_spirals,unbarred_spirals,True
236657,unbarred_spirals,barred_spirals,False
151778,unbarred_spirals,irregular,False
181347,unbarred_spirals,irregular,False
210433,unbarred_spirals,unbarred_spirals,True
14590,unbarred_spirals,unbarred_spirals,True
256284,unbarred_spirals,unbarred_spirals,True
193144,unbarred_spirals,barred_spirals,False
27481,unbarred_spirals,merger,False
216804,unbarred_spirals,unbarred_spirals,True
119169,unbarred_spirals,barred_spirals,False
173406,unbarred_spirals,in_between_elliptical,False
273194,unbarred_spirals,irregular,False
70890,unbarred_spirals,unbarred_spirals,True
175742,unbarred_spirals,unbarred_spirals,True
154421,unbarred_spirals,unbarred_spirals,True
227406,unbarred_spirals,unbarred_spirals,True
35659,unbarred_spirals,round_elliptical,False
150935,unbarred_spirals,unbarred_spirals,True
51908,unbarred_spirals,unbarred_spirals,True
73374,unbarred_spirals,unbarred_spirals,True
22054,unbarred_spirals,round_elliptical,False
86589,unbarred_spirals,round_elliptical,False
94891,unbarred_spirals,barred_spirals,False
184396,unbarred_spirals,unbarred_spirals,True
78924,unbarred_spirals,merger,False
31573,unbarred_spirals,barred_spirals,False
266900,unbarred_spirals,unbarred_spirals,True
39155,unbarred_spirals,round_elliptical,False
56483,unbarred_spirals,unbarred_spirals,True
195044,unbarred_spirals,barred_spirals,False
271406,unbarred_spirals,round_elliptical,False
45770,unbarred_spirals,unbarred_spirals,True
267039,unbarred_spirals,unbarred_spirals,True
131121,unbarred_spirals,unbarred_spirals,True
18511,unbarred_spirals,unbarred_spirals,True
264913,unbarred_spirals,in_between_elliptical,False
264450,unbarred_spirals,unbarred_spirals,True
223673,unbarred_spirals,unbarred_spirals,True
186220,unbarred_spirals,unbarred_spirals,True
240198,unbarred_spirals,unbarred_spirals,True
105953,unbarred_spirals,cigar_shaped_elliptical,False
135958,unbarred_spirals,cigar_shaped_elliptical,False
87328,unbarred_spirals,unbarred_spirals,True
91072,unbarred_spirals,unbarred_spirals,True
215998,unbarred_spirals,unbarred_spirals,True
98802,unbarred_spirals,unbarred_spirals,True
25478,unbarred_spirals,cigar_shaped_elliptical,False
39405,unbarred_spirals,barred_spirals,False
194283,unbarred_spirals,unbarred_spirals,True
288836,unbarred_spirals,unbarred_spirals,True
276220,unbarred_spirals,unbarred_spirals,True
17395,unbarred_spirals,unbarred_spirals,True
190679,unbarred_spirals,irregular,False
118649,unbarred_spirals,irregular,False
108448,unbarred_spirals,unbarred_spirals,True
73707,unbarred_spirals,irregular,False
171042,unbarred_spirals,unbarred_spirals,True
162843,unbarred_spirals,unbarred_spirals,True
205973,unbarred_spirals,unbarred_spirals,True
139824,unbarred_spirals,unbarred_spirals,True
36851,unbarred_spirals,unbarred_spirals,True
3625,unbarred_spirals,unbarred_spirals,True
165568,unbarred_spirals,unbarred_spirals,True
258520,unbarred_spirals,cigar_shaped_elliptical,False
136602,unbarred_spirals,unbarred_spirals,True
77860,unbarred_spirals,round_elliptical,False
196913,unbarred_spirals,barred_spirals,False
204011,unbarred_spirals,unbarred_spirals,True
50905,unbarred_spirals,unbarred_spirals,True
50404,unbarred_spirals,round_elliptical,False
217543,unbarred_spirals,unbarred_spirals,True
283887,unbarred_spirals,irregular,False
277979,unbarred_spirals,unbarred_spirals,True
213309,unbarred_spirals,unbarred_spirals,True
446,unbarred_spirals,unbarred_spirals,True
118215,unbarred_spirals,in_between_elliptical,False
67558,unbarred_spirals,unbarred_spirals,True
17945,unbarred_spirals,unbarred_spirals,True
92468,unbarred_spirals,barred_spirals,False
91299,unbarred_spirals,unbarred_spirals,True
183767,unbarred_spirals,unbarred_spirals,True
103459,unbarred_spirals,merger,False
194591,unbarred_spirals,unbarred_spirals,True
229436,unbarred_spirals,unbarred_spirals,True
129980,unbarred_spirals,unbarred_spirals,True
34480,unbarred_spirals,unbarred_spirals,True
271599,unbarred_spirals,unbarred_spirals,True
1151,unbarred_spirals,merger,False
273054,unbarred_spirals,unbarred_spirals,True
150358,unbarred_spirals,unbarred_spirals,True
31257,unbarred_spirals,cigar_shaped_elliptical,False
13957,unbarred_spirals,edge_on,False
88404,unbarred_spirals,unbarred_spirals,True
260434,unbarred_spirals,irregular,False
246349,unbarred_spirals,unbarred_spirals,True
44335,unbarred_spirals,unbarred_spirals,True
95342,unbarred_spirals,unbarred_spirals,True
190718,unbarred_spirals,in_between_elliptical,False
77493,unbarred_spirals,round_elliptical,False
245222,unbarred_spirals,unbarred_spirals,True
214020,unbarred_spirals,merger,False
221207,unbarred_spirals,round_elliptical,False
212132,unbarred_spirals,unbarred_spirals,True
121352,unbarred_spirals,unbarred_spirals,True
272773,unbarred_spirals,unbarred_spirals,True
67619,unbarred_spirals,in_between_elliptical,False
257214,unbarred_spirals,unbarred_spirals,True
284029,unbarred_spirals,in_between_elliptical,False
52821,unbarred_spirals,in_between_elliptical,False
100385,unbarred_spirals,unbarred_spirals,True
5398,unbarred_spirals,unbarred_spirals,True
220180,unbarred_spirals,irregular,False
68093,unbarred_spirals,unbarred_spirals,True
164247,unbarred_spirals,irregular,False
11885,unbarred_spirals,barred_spirals,False
51889,unbarred_spirals,round_elliptical,False
249461,unbarred_spirals,unbarred_spirals,True
179092,unbarred_spirals,unbarred_spirals,True
241743,unbarred_spirals,cigar_shaped_elliptical,False
59327,unbarred_spirals,unbarred_spirals,True
61876,unbarred_spirals,unbarred_spirals,True
128719,unbarred_spirals,unbarred_spirals,True
203916,unbarred_spirals,unbarred_spirals,True
127560,unbarred_spirals,unbarred_spirals,True
200527,unbarred_spirals,unbarred_spirals,True
275427,unbarred_spirals,unbarred_spirals,True
246685,unbarred_spirals,unbarred_spirals,True
6872,unbarred_spirals,unbarred_spirals,True
257744,unbarred_spirals,unbarred_spirals,True
31868,unbarred_spirals,unbarred_spirals,True
151047,unbarred_spirals,unbarred_spirals,True
170569,unbarred_spirals,unbarred_spirals,True
180794,unbarred_spirals,in_between_elliptical,False
44395,unbarred_spirals,unbarred_spirals,True
201640,unbarred_spirals,barred_spirals,False
265049,unbarred_spirals,unbarred_spirals,True
71922,unbarred_spirals,unbarred_spirals,True
8225,unbarred_spirals,unbarred_spirals,True
263336,unbarred_spirals,unbarred_spirals,True
51993,unbarred_spirals,unbarred_spirals,True
142700,unbarred_spirals,unbarred_spirals,True
266379,unbarred_spirals,unbarred_spirals,True
267386,unbarred_spirals,unbarred_spirals,True
9111,unbarred_spirals,unbarred_spirals,True
248322,unbarred_spirals,in_between_elliptical,False
31749,unbarred_spirals,unbarred_spirals,True
63443,unbarred_spirals,unbarred_spirals,True
180663,unbarred_spirals,unbarred_spirals,True
150083,unbarred_spirals,in_between_elliptical,False
41938,unbarred_spirals,unbarred_spirals,True
59923,unbarred_spirals,unbarred_spirals,True
230988,unbarred_spirals,unbarred_spirals,True
123476,unbarred_spirals,edge_on,False
83790,unbarred_spirals,unbarred_spirals,True
253608,unbarred_spirals,unbarred_spirals,True
193294,unbarred_spirals,unbarred_spirals,True
204173,unbarred_spirals,unbarred_spirals,True
46449,unbarred_spirals,unbarred_spirals,True
91041,unbarred_spirals,in_between_elliptical,False
233424,unbarred_spirals,round_elliptical,False
236008,unbarred_spirals,unbarred_spirals,True
164385,unbarred_spirals,unbarred_spirals,True
65766,unbarred_spirals,in_between_elliptical,False
245677,unbarred_spirals,unbarred_spirals,True
32899,unbarred_spirals,in_between_elliptical,False
175869,unbarred_spirals,unbarred_spirals,True
136821,unbarred_spirals,merger,False
120277,unbarred_spirals,unbarred_spirals,True
10447,unbarred_spirals,irregular,False
7049,unbarred_spirals,unbarred_spirals,True
77392,unbarred_spirals,unbarred_spirals,True
23052,unbarred_spirals,unbarred_spirals,True
10888,unbarred_spirals,unbarred_spirals,True
48813,unbarred_spirals,unbarred_spirals,True
268754,unbarred_spirals,barred_spirals,False
173811,unbarred_spirals,unbarred_spirals,True
247605,unbarred_spirals,unbarred_spirals,True
44069,unbarred_spirals,cigar_shaped_elliptical,False
247183,unbarred_spirals,round_elliptical,False
107250,unbarred_spirals,round_elliptical,False
28576,unbarred_spirals,merger,False
116336,unbarred_spirals,unbarred_spirals,True
55534,unbarred_spirals,barred_spirals,False
262971,unbarred_spirals,unbarred_spirals,True
35999,unbarred_spirals,unbarred_spirals,True
45610,unbarred_spirals,unbarred_spirals,True
114414,unbarred_spirals,round_elliptical,False
35595,unbarred_spirals,unbarred_spirals,True
274205,unbarred_spirals,unbarred_spirals,True
139214,unbarred_spirals,unbarred_spirals,True
154310,unbarred_spirals,cigar_shaped_elliptical,False
36090,unbarred_spirals,unbarred_spirals,True
94702,unbarred_spirals,edge_on,False
75164,unbarred_spirals,round_elliptical,False
138610,unbarred_spirals,in_between_elliptical,False
106704,unbarred_spirals,unbarred_spirals,True
57971,unbarred_spirals,round_elliptical,False
187954,unbarred_spirals,unbarred_spirals,True
168638,unbarred_spirals,in_between_elliptical,False
84274,unbarred_spirals,unbarred_spirals,True
249686,unbarred_spirals,merger,False
148631,unbarred_spirals,unbarred_spirals,True
133845,unbarred_spirals,unbarred_spirals,True
295052,unbarred_spirals,unbarred_spirals,True
4561,unbarred_spirals,unbarred_spirals,True
277595,unbarred_spirals,unbarred_spirals,True
4697,unbarred_spirals,round_elliptical,False
30715,unbarred_spirals,unbarred_spirals,True
104028,unbarred_spirals,irregular,False
283707,unbarred_spirals,round_elliptical,False
33359,unbarred_spirals,unbarred_spirals,True
142754,unbarred_spirals,irregular,False
108696,unbarred_spirals,edge_on,False
247040,unbarred_spirals,unbarred_spirals,True
178205,unbarred_spirals,round_elliptical,False
186948,unbarred_spirals,unbarred_spirals,True
244312,unbarred_spirals,barred_spirals,False
212292,unbarred_spirals,cigar_shaped_elliptical,False
38640,unbarred_spirals,merger,False
66579,unbarred_spirals,unbarred_spirals,True
31064,unbarred_spirals,irregular,False
106661,unbarred_spirals,unbarred_spirals,True
196266,unbarred_spirals,unbarred_spirals,True
265371,unbarred_spirals,unbarred_spirals,True
231782,unbarred_spirals,merger,False
251279,unbarred_spirals,unbarred_spirals,True
268196,unbarred_spirals,unbarred_spirals,True
264175,unbarred_spirals,unbarred_spirals,True
87927,unbarred_spirals,unbarred_spirals,True
229878,unbarred_spirals,unbarred_spirals,True
248145,unbarred_spirals,unbarred_spirals,True
142533,unbarred_spirals,unbarred_spirals,True
292876,unbarred_spirals,barred_spirals,False
27013,unbarred_spirals,unbarred_spirals,True
291375,unbarred_spirals,unbarred_spirals,True
276015,unbarred_spirals,in_between_elliptical,False
77912,unbarred_spirals,unbarred_spirals,True
179010,unbarred_spirals,merger,False
273487,unbarred_spirals,unbarred_spirals,True
10079,unbarred_spirals,barred_spirals,False
164082,unbarred_spirals,in_between_elliptical,False
36220,unbarred_spirals,unbarred_spirals,True
258816,unbarred_spirals,barred_spirals,False
287552,unbarred_spirals,unbarred_spirals,True
249335,unbarred_spirals,unbarred_spirals,True
225772,unbarred_spirals,unbarred_spirals,True
32313,unbarred_spirals,unbarred_spirals,True
62335,unbarred_spirals,unbarred_spirals,True
238032,unbarred_spirals,unbarred_spirals,True
66198,unbarred_spirals,unbarred_spirals,True
256642,unbarred_spirals,irregular,False
1857,unbarred_spirals,unbarred_spirals,True
17307,unbarred_spirals,unbarred_spirals,True
267791,unbarred_spirals,unbarred_spirals,True
86337,unbarred_spirals,unbarred_spirals,True
272536,unbarred_spirals,unbarred_spirals,True
38351,unbarred_spirals,irregular,False
107542,unbarred_spirals,in_between_elliptical,False
31457,unbarred_spirals,in_between_elliptical,False
242607,unbarred_spirals,in_between_elliptical,False
264263,unbarred_spirals,unbarred_spirals,True
253044,unbarred_spirals,unbarred_spirals,True
165159,unbarred_spirals,irregular,False
248509,unbarred_spirals,unbarred_spirals,True
83644,unbarred_spirals,unbarred_spirals,True
276986,unbarred_spirals,unbarred_spirals,True
109212,unbarred_spirals,barred_spirals,False
192500,unbarred_spirals,irregular,False
232925,unbarred_spirals,unbarred_spirals,True
49163,unbarred_spirals,round_elliptical,False
40343,unbarred_spirals,unbarred_spirals,True
240624,unbarred_spirals,unbarred_spirals,True
267143,unbarred_spirals,cigar_shaped_elliptical,False
221838,unbarred_spirals,unbarred_spirals,True
42029,unbarred_spirals,in_between_elliptical,False
162042,unbarred_spirals,unbarred_spirals,True
131163,unbarred_spirals,unbarred_spirals,True
193769,unbarred_spirals,unbarred_spirals,True
181356,unbarred_spirals,merger,False
40970,unbarred_spirals,unbarred_spirals,True
218952,unbarred_spirals,round_elliptical,False
270632,unbarred_spirals,merger,False
119006,unbarred_spirals,unbarred_spirals,True
144361,unbarred_spirals,barred_spirals,False
141271,unbarred_spirals,unbarred_spirals,True
208630,unbarred_spirals,in_between_elliptical,False
245311,unbarred_spirals,unbarred_spirals,True
129020,unbarred_spirals,irregular,False
14389,unbarred_spirals,unbarred_spirals,True
277632,unbarred_spirals,unbarred_spirals,True
140725,unbarred_spirals,irregular,False
158259,unbarred_spirals,unbarred_spirals,True
390,unbarred_spirals,unbarred_spirals,True
76582,unbarred_spirals,merger,False
164358,unbarred_spirals,unbarred_spirals,True
98068,unbarred_spirals,unbarred_spirals,True
186395,unbarred_spirals,unbarred_spirals,True
241740,unbarred_spirals,unbarred_spirals,True
20390,unbarred_spirals,unbarred_spirals,True
240217,unbarred_spirals,unbarred_spirals,True
10155,unbarred_spirals,unbarred_spirals,True
148814,unbarred_spirals,unbarred_spirals,True
129508,unbarred_spirals,unbarred_spirals,True
55788,unbarred_spirals,unbarred_spirals,True
189008,unbarred_spirals,unbarred_spirals,True
241823,unbarred_spirals,unbarred_spirals,True
37235,unbarred_spirals,unbarred_spirals,True
248507,unbarred_spirals,unbarred_spirals,True
53053,unbarred_spirals,round_elliptical,False
274495,unbarred_spirals,unbarred_spirals,True
28313,unbarred_spirals,unbarred_spirals,True
76600,unbarred_spirals,cigar_shaped_elliptical,False
137837,unbarred_spirals,barred_spirals,False
174401,unbarred_spirals,unbarred_spirals,True
16715,unbarred_spirals,merger,False
17459,unbarred_spirals,unbarred_spirals,True
8850,unbarred_spirals,irregular,False
203297,unbarred_spirals,unbarred_spirals,True
219258,unbarred_spirals,unbarred_spirals,True
62497,unbarred_spirals,irregular,False
273293,unbarred_spirals,unbarred_spirals,True
17995,unbarred_spirals,cigar_shaped_elliptical,False
247584,unbarred_spirals,unbarred_spirals,True
222384,unbarred_spirals,unbarred_spirals,True
248013,unbarred_spirals,unbarred_spirals,True
170818,unbarred_spirals,unbarred_spirals,True
252017,unbarred_spirals,unbarred_spirals,True
224098,unbarred_spirals,unbarred_spirals,True
234656,unbarred_spirals,unbarred_spirals,True
102492,unbarred_spirals,round_elliptical,False
30881,unbarred_spirals,unbarred_spirals,True
113469,unbarred_spirals,unbarred_spirals,True
60760,unbarred_spirals,unbarred_spirals,True
271114,unbarred_spirals,unbarred_spirals,True
140021,unbarred_spirals,round_elliptical,False
58286,unbarred_spirals,unbarred_spirals,True
119842,unbarred_spirals,unbarred_spirals,True
21174,unbarred_spirals,unbarred_spirals,True
24788,unbarred_spirals,unbarred_spirals,True
294851,unbarred_spirals,unbarred_spirals,True
156714,unbarred_spirals,round_elliptical,False
153845,unbarred_spirals,unbarred_spirals,True
66128,unbarred_spirals,unbarred_spirals,True
61786,unbarred_spirals,round_elliptical,False
192354,unbarred_spirals,merger,False
58643,unbarred_spirals,round_elliptical,False
16420,unbarred_spirals,unbarred_spirals,True
108111,unbarred_spirals,unbarred_spirals,True
15580,unbarred_spirals,unbarred_spirals,True
188547,unbarred_spirals,unbarred_spirals,True
7752,unbarred_spirals,unbarred_spirals,True
243171,unbarred_spirals,unbarred_spirals,True
20846,unbarred_spirals,unbarred_spirals,True
137329,unbarred_spirals,unbarred_spirals,True
54314,unbarred_spirals,unbarred_spirals,True
243327,unbarred_spirals,unbarred_spirals,True
195719,unbarred_spirals,unbarred_spirals,True
161129,unbarred_spirals,unbarred_spirals,True
216685,unbarred_spirals,irregular,False
241906,unbarred_spirals,round_elliptical,False
238718,unbarred_spirals,unbarred_spirals,True
117506,unbarred_spirals,round_elliptical,False
237484,unbarred_spirals,barred_spirals,False
5115,unbarred_spirals,unbarred_spirals,True
112809,unbarred_spirals,unbarred_spirals,True
249909,unbarred_spirals,unbarred_spirals,True
204130,unbarred_spirals,unbarred_spirals,True
179269,unbarred_spirals,unbarred_spirals,True
134440,unbarred_spirals,unbarred_spirals,True
20183,unbarred_spirals,unbarred_spirals,True
173469,unbarred_spirals,unbarred_spirals,True
120316,unbarred_spirals,unbarred_spirals,True
155144,unbarred_spirals,irregular,False
85509,unbarred_spirals,in_between_elliptical,False
287908,unbarred_spirals,round_elliptical,False
183700,unbarred_spirals,unbarred_spirals,True
216270,unbarred_spirals,barred_spirals,False
138200,unbarred_spirals,round_elliptical,False
3170,unbarred_spirals,unbarred_spirals,True
211438,unbarred_spirals,in_between_elliptical,False
239721,unbarred_spirals,round_elliptical,False
168724,unbarred_spirals,unbarred_spirals,True
92446,unbarred_spirals,unbarred_spirals,True
262186,unbarred_spirals,unbarred_spirals,True
160544,unbarred_spirals,in_between_elliptical,False
55593,unbarred_spirals,unbarred_spirals,True
215879,unbarred_spirals,unbarred_spirals,True
215720,unbarred_spirals,unbarred_spirals,True
54385,unbarred_spirals,unbarred_spirals,True
253323,unbarred_spirals,unbarred_spirals,True
28369,unbarred_spirals,unbarred_spirals,True
41524,unbarred_spirals,round_elliptical,False
265408,unbarred_spirals,unbarred_spirals,True
186944,unbarred_spirals,unbarred_spirals,True
232623,unbarred_spirals,unbarred_spirals,True
245317,unbarred_spirals,merger,False
89570,unbarred_spirals,in_between_elliptical,False
135814,unbarred_spirals,in_between_elliptical,False
252478,unbarred_spirals,unbarred_spirals,True
130215,unbarred_spirals,unbarred_spirals,True
266712,unbarred_spirals,unbarred_spirals,True
48452,unbarred_spirals,unbarred_spirals,True
140357,unbarred_spirals,unbarred_spirals,True
289137,unbarred_spirals,unbarred_spirals,True
216739,unbarred_spirals,cigar_shaped_elliptical,False
193496,unbarred_spirals,round_elliptical,False
181245,unbarred_spirals,in_between_elliptical,False
164311,unbarred_spirals,unbarred_spirals,True
283166,unbarred_spirals,in_between_elliptical,False
270040,unbarred_spirals,irregular,False
56921,unbarred_spirals,in_between_elliptical,False
252232,unbarred_spirals,unbarred_spirals,True
249315,unbarred_spirals,unbarred_spirals,True
5383,unbarred_spirals,in_between_elliptical,False
162150,unbarred_spirals,cigar_shaped_elliptical,False
249455,unbarred_spirals,irregular,False
200159,unbarred_spirals,unbarred_spirals,True
76246,unbarred_spirals,unbarred_spirals,True
123838,unbarred_spirals,unbarred_spirals,True
267119,unbarred_spirals,unbarred_spirals,True
149637,unbarred_spirals,unbarred_spirals,True
254484,unbarred_spirals,round_elliptical,False
115683,unbarred_spirals,unbarred_spirals,True
201709,unbarred_spirals,in_between_elliptical,False
261356,unbarred_spirals,unbarred_spirals,True
75488,unbarred_spirals,unbarred_spirals,True
9131,unbarred_spirals,unbarred_spirals,True
238775,unbarred_spirals,unbarred_spirals,True
295093,unbarred_spirals,unbarred_spirals,True
46575,unbarred_spirals,in_between_elliptical,False
128465,unbarred_spirals,unbarred_spirals,True
154375,unbarred_spirals,unbarred_spirals,True
288319,unbarred_spirals,unbarred_spirals,True
263105,unbarred_spirals,unbarred_spirals,True
186949,unbarred_spirals,irregular,False
139716,unbarred_spirals,merger,False
27398,unbarred_spirals,round_elliptical,False
180635,unbarred_spirals,unbarred_spirals,True
256080,unbarred_spirals,irregular,False
206579,unbarred_spirals,unbarred_spirals,True
135717,unbarred_spirals,unbarred_spirals,True
12202,unbarred_spirals,unbarred_spirals,True
179459,unbarred_spirals,barred_spirals,False
260814,unbarred_spirals,unbarred_spirals,True
144404,unbarred_spirals,barred_spirals,False
123724,unbarred_spirals,unbarred_spirals,True
149723,unbarred_spirals,unbarred_spirals,True
82005,unbarred_spirals,unbarred_spirals,True
63483,unbarred_spirals,unbarred_spirals,True
152887,unbarred_spirals,unbarred_spirals,True
130400,unbarred_spirals,in_between_elliptical,False
172950,unbarred_spirals,unbarred_spirals,True
115961,unbarred_spirals,unbarred_spirals,True
21216,unbarred_spirals,unbarred_spirals,True
24984,unbarred_spirals,irregular,False
163613,unbarred_spirals,unbarred_spirals,True
38439,unbarred_spirals,in_between_elliptical,False
58928,unbarred_spirals,unbarred_spirals,True
55027,unbarred_spirals,barred_spirals,False
290451,unbarred_spirals,round_elliptical,False
115545,unbarred_spirals,unbarred_spirals,True
251087,unbarred_spirals,unbarred_spirals,True
192130,unbarred_spirals,unbarred_spirals,True
247531,unbarred_spirals,unbarred_spirals,True
263347,unbarred_spirals,unbarred_spirals,True
23534,unbarred_spirals,unbarred_spirals,True
127826,unbarred_spirals,unbarred_spirals,True
197755,unbarred_spirals,unbarred_spirals,True
160844,unbarred_spirals,unbarred_spirals,True
162890,unbarred_spirals,irregular,False
23402,unbarred_spirals,irregular,False
263589,unbarred_spirals,in_between_elliptical,False
168381,unbarred_spirals,unbarred_spirals,True
94083,unbarred_spirals,unbarred_spirals,True
1474,unbarred_spirals,unbarred_spirals,True
239692,unbarred_spirals,unbarred_spirals,True
62467,unbarred_spirals,unbarred_spirals,True
165534,unbarred_spirals,unbarred_spirals,True
28456,unbarred_spirals,unbarred_spirals,True
183990,unbarred_spirals,barred_spirals,False
239914,unbarred_spirals,unbarred_spirals,True
73462,unbarred_spirals,unbarred_spirals,True
268459,unbarred_spirals,unbarred_spirals,True
21814,unbarred_spirals,round_elliptical,False
38614,unbarred_spirals,unbarred_spirals,True
260111,unbarred_spirals,unbarred_spirals,True
80614,unbarred_spirals,unbarred_spirals,True
36857,unbarred_spirals,unbarred_spirals,True
248826,unbarred_spirals,cigar_shaped_elliptical,False
163609,unbarred_spirals,unbarred_spirals,True
60010,unbarred_spirals,barred_spirals,False
128677,unbarred_spirals,unbarred_spirals,True
242783,unbarred_spirals,in_between_elliptical,False
155024,unbarred_spirals,irregular,False
238966,unbarred_spirals,in_between_elliptical,False
165866,unbarred_spirals,unbarred_spirals,True
153749,unbarred_spirals,unbarred_spirals,True
88894,unbarred_spirals,unbarred_spirals,True
129821,unbarred_spirals,in_between_elliptical,False
97407,unbarred_spirals,unbarred_spirals,True
150632,unbarred_spirals,unbarred_spirals,True
169658,unbarred_spirals,unbarred_spirals,True
199458,unbarred_spirals,in_between_elliptical,False
109108,unbarred_spirals,unbarred_spirals,True
222163,unbarred_spirals,unbarred_spirals,True
114730,unbarred_spirals,in_between_elliptical,False
129306,unbarred_spirals,unbarred_spirals,True
168602,unbarred_spirals,unbarred_spirals,True
105744,unbarred_spirals,irregular,False
8780,unbarred_spirals,unbarred_spirals,True
116321,unbarred_spirals,round_elliptical,False
260592,unbarred_spirals,barred_spirals,False
35255,unbarred_spirals,unbarred_spirals,True
77015,unbarred_spirals,in_between_elliptical,False
159199,unbarred_spirals,unbarred_spirals,True
159035,unbarred_spirals,unbarred_spirals,True
26141,unbarred_spirals,unbarred_spirals,True
240635,unbarred_spirals,unbarred_spirals,True
204923,unbarred_spirals,unbarred_spirals,True
22226,unbarred_spirals,unbarred_spirals,True
206917,unbarred_spirals,unbarred_spirals,True
26111,unbarred_spirals,unbarred_spirals,True
162001,unbarred_spirals,unbarred_spirals,True
12052,unbarred_spirals,unbarred_spirals,True
156668,unbarred_spirals,unbarred_spirals,True
227501,unbarred_spirals,in_between_elliptical,False
111654,unbarred_spirals,cigar_shaped_elliptical,False
48097,unbarred_spirals,cigar_shaped_elliptical,False
137286,unbarred_spirals,cigar_shaped_elliptical,False
239549,unbarred_spirals,unbarred_spirals,True
270824,unbarred_spirals,in_between_elliptical,False
46485,unbarred_spirals,in_between_elliptical,False
208918,unbarred_spirals,in_between_elliptical,False
196491,unbarred_spirals,barred_spirals,False
111875,unbarred_spirals,round_elliptical,False
66101,unbarred_spirals,unbarred_spirals,True
123386,unbarred_spirals,barred_spirals,False
293622,unbarred_spirals,in_between_elliptical,False
292598,unbarred_spirals,unbarred_spirals,True
74008,unbarred_spirals,merger,False
91985,unbarred_spirals,unbarred_spirals,True
224327,unbarred_spirals,unbarred_spirals,True
240649,unbarred_spirals,round_elliptical,False
120642,unbarred_spirals,unbarred_spirals,True
47051,unbarred_spirals,barred_spirals,False
52642,unbarred_spirals,barred_spirals,False
81984,unbarred_spirals,unbarred_spirals,True
154843,unbarred_spirals,unbarred_spirals,True
21818,unbarred_spirals,irregular,False
4970,unbarred_spirals,cigar_shaped_elliptical,False
197991,unbarred_spirals,unbarred_spirals,True
149639,unbarred_spirals,barred_spirals,False
31499,unbarred_spirals,unbarred_spirals,True
276437,unbarred_spirals,unbarred_spirals,True
98400,unbarred_spirals,unbarred_spirals,True
112001,unbarred_spirals,barred_spirals,False
4559,unbarred_spirals,unbarred_spirals,True
100028,unbarred_spirals,unbarred_spirals,True
51826,unbarred_spirals,round_elliptical,False
194045,unbarred_spirals,unbarred_spirals,True
81020,unbarred_spirals,unbarred_spirals,True
68133,unbarred_spirals,unbarred_spirals,True
208149,unbarred_spirals,irregular,False
134118,unbarred_spirals,unbarred_spirals,True
6946,unbarred_spirals,barred_spirals,False
91148,unbarred_spirals,unbarred_spirals,True
54443,unbarred_spirals,barred_spirals,False
228892,unbarred_spirals,unbarred_spirals,True
119119,unbarred_spirals,unbarred_spirals,True
115233,unbarred_spirals,unbarred_spirals,True
252854,unbarred_spirals,in_between_elliptical,False
1149,unbarred_spirals,unbarred_spirals,True
277488,unbarred_spirals,unbarred_spirals,True
150212,unbarred_spirals,barred_spirals,False
126560,unbarred_spirals,unbarred_spirals,True
141580,unbarred_spirals,merger,False
262920,unbarred_spirals,irregular,False
203203,unbarred_spirals,unbarred_spirals,True
43719,unbarred_spirals,unbarred_spirals,True
247591,unbarred_spirals,unbarred_spirals,True
157714,unbarred_spirals,cigar_shaped_elliptical,False
141061,unbarred_spirals,unbarred_spirals,True
239743,unbarred_spirals,unbarred_spirals,True
243927,unbarred_spirals,unbarred_spirals,True
258410,unbarred_spirals,unbarred_spirals,True
70407,unbarred_spirals,barred_spirals,False
25081,unbarred_spirals,round_elliptical,False
171544,unbarred_spirals,unbarred_spirals,True
283366,unbarred_spirals,unbarred_spirals,True
1203,unbarred_spirals,unbarred_spirals,True
261658,unbarred_spirals,merger,False
198127,unbarred_spirals,barred_spirals,False
169124,unbarred_spirals,in_between_elliptical,False
108941,unbarred_spirals,unbarred_spirals,True
157599,unbarred_spirals,unbarred_spirals,True
190625,unbarred_spirals,round_elliptical,False
258329,unbarred_spirals,in_between_elliptical,False
47391,unbarred_spirals,unbarred_spirals,True
29839,unbarred_spirals,unbarred_spirals,True
133716,unbarred_spirals,unbarred_spirals,True
128576,unbarred_spirals,unbarred_spirals,True
85922,unbarred_spirals,unbarred_spirals,True
134838,unbarred_spirals,unbarred_spirals,True
192357,unbarred_spirals,unbarred_spirals,True
58765,unbarred_spirals,unbarred_spirals,True
19216,unbarred_spirals,unbarred_spirals,True
271505,unbarred_spirals,round_elliptical,False
98464,unbarred_spirals,unbarred_spirals,True
59637,unbarred_spirals,barred_spirals,False
166778,unbarred_spirals,unbarred_spirals,True
246714,unbarred_spirals,cigar_shaped_elliptical,False
171513,unbarred_spirals,unbarred_spirals,True
225784,unbarred_spirals,unbarred_spirals,True
119686,unbarred_spirals,barred_spirals,False
53103,unbarred_spirals,in_between_elliptical,False
91355,unbarred_spirals,unbarred_spirals,True
95258,unbarred_spirals,unbarred_spirals,True
107252,unbarred_spirals,in_between_elliptical,False
21532,unbarred_spirals,unbarred_spirals,True
272650,unbarred_spirals,unbarred_spirals,True
10740,unbarred_spirals,unbarred_spirals,True
76745,unbarred_spirals,in_between_elliptical,False
269297,unbarred_spirals,unbarred_spirals,True
67671,unbarred_spirals,unbarred_spirals,True
1257,unbarred_spirals,unbarred_spirals,True
60717,unbarred_spirals,in_between_elliptical,False
210222,unbarred_spirals,unbarred_spirals,True
204980,unbarred_spirals,unbarred_spirals,True
34924,unbarred_spirals,unbarred_spirals,True
123330,unbarred_spirals,in_between_elliptical,False
75144,unbarred_spirals,in_between_elliptical,False
240122,unbarred_spirals,unbarred_spirals,True
262732,unbarred_spirals,unbarred_spirals,True
277307,unbarred_spirals,unbarred_spirals,True
151692,unbarred_spirals,unbarred_spirals,True
251596,unbarred_spirals,merger,False
215101,unbarred_spirals,unbarred_spirals,True
169053,unbarred_spirals,unbarred_spirals,True
105426,unbarred_spirals,cigar_shaped_elliptical,False
160673,unbarred_spirals,unbarred_spirals,True
31462,unbarred_spirals,barred_spirals,False
