{
  "model_info": {
    "name": "Swin Transformer (Fixed)",
    "version": "Swin-Base-Patch4-Window7-224",
    "paper": "Swin Transformer: Hierarchical Vision Transformer using Shifted Windows (ICCV 2021)",
    "pretrained": "microsoft/swin-base-patch4-window7-224",
    "total_parameters": 87405769,
    "task": "Galaxy Morphological Attribute Regression",
    "num_attributes": 17
  },
  "training_config": {
    "epochs": 50,
    "batch_size": 16,
    "learning_rate": 5e-05,
    "weight_decay": 0.05,
    "image_size": 224,
    "optimizer": "AdamW",
    "scheduler": "CosineAnnealingLR",
    "loss_function": "MSELoss",
    "validation_split": 0.01
  },
  "results": {
    "overall_mae": 0.11311842501163483,
    "overall_mse": 0.043803807348012924,
    "overall_r2": 0.5499377250671387,
    "best_val_mae": 0.1123502179980278,
    "epochs_trained": 50
  },
  "attribute_results": {
    "f_bar/no": {
      "MAE": 0.21233150362968445,
      "MSE": 0.12198993563652039,
      "R2": 0.2902701497077942
    },
    "f_bar/yes": {
      "MAE": 0.16024145483970642,
      "MSE": 0.07211696356534958,
      "R2": 0.4230723977088928
    },
    "f_cigar-shaped": {
      "MAE": 0.054576095193624496,
      "MSE": 0.014549272134900093,
      "R2": 0.9175226092338562
    },
    "f_completelyround": {
      "MAE": 0.06932047009468079,
      "MSE": 0.01731673814356327,
      "R2": 0.8494573831558228
    },
    "f_disturbed": {
      "MAE": 0.15326635539531708,
      "MSE": 0.06213381513953209,
      "R2": -0.02792036533355713
    },
    "f_dustlane": {
      "MAE": 0.054371193051338196,
      "MSE": 0.027188334614038467,
      "R2": 0.18491137027740479
    },
    "f_edge-on/no": {
      "MAE": 0.08727943897247314,
      "MSE": 0.029967159032821655,
      "R2": 0.7476487159729004
    },
    "f_edge-on/yes": {
      "MAE": 0.06579164415597916,
      "MSE": 0.017197519540786743,
      "R2": 0.8660773634910583
    },
    "f_features/disk": {
      "MAE": 0.13205267488956451,
      "MSE": 0.04185599833726883,
      "R2": 0.6694966554641724
    },
    "f_in-between": {
      "MAE": 0.10124538093805313,
      "MSE": 0.028170857578516006,
      "R2": 0.7789404988288879
    },
    "f_irregular": {
      "MAE": 0.10692031681537628,
      "MSE": 0.03794918209314346,
      "R2": 0.3191969394683838
    },
    "f_merger": {
      "MAE": 0.07178692519664764,
      "MSE": 0.020591935142874718,
      "R2": 0.4842451214790344
    },
    "f_odd/no": {
      "MAE": 0.07959478348493576,
      "MSE": 0.01207541674375534,
      "R2": 0.8361309766769409
    },
    "f_odd/yes": {
      "MAE": 0.07945919781923294,
      "MSE": 0.01222226768732071,
      "R2": 0.8359310030937195
    },
    "f_other": {
      "MAE": 0.17838525772094727,
      "MSE": 0.0777231752872467,
      "R2": 0.04085242748260498
    },
    "f_smooth": {
      "MAE": 0.11669570952653885,
      "MSE": 0.03167751058936119,
      "R2": 0.7305748462677002
    },
    "f_spiral/yes": {
      "MAE": 0.19969449937343597,
      "MSE": 0.11993956565856934,
      "R2": 0.40252530574798584
    }
  }
}