{
  "regression": {
    "overall_mae": 0.23871174454689026,
    "overall_mse": 0.0917481929063797,
    "overall_r2": 0.14082432016430071,
    "attribute_results": {
      "f_smooth": {
        "MAE": 0.26863688230514526,
        "MSE": 0.09213471412658691,
        "R2": 0.216371182435382
      },
      "f_features/disk": {
        "MAE": 0.2930562198162079,
        "MSE": 0.10937663912773132,
        "R2": 0.13634014097692138
      },
      "f_edge-on/yes": {
        "MAE": 0.24289818108081818,
        "MSE": 0.0983751118183136,
        "R2": 0.23392125162483868
      },
      "f_edge-on/no": {
        "MAE": 0.25652268528938293,
        "MSE": 0.09460386633872986,
        "R2": 0.20334765599939408
      },
      "f_bar/yes": {
        "MAE": 0.2883870601654053,
        "MSE": 0.1225493922829628,
        "R2": 0.01961875802949231
      },
      "f_bar/no": {
        "MAE": 0.3654455542564392,
        "MSE": 0.16052298247814178,
        "R2": 0.06608735130969268
      },
      "f_spiral/yes": {
        "MAE": 0.37658730149269104,
        "MSE": 0.1788863241672516,
        "R2": 0.10888407963454327
      },
      "f_odd/yes": {
        "MAE": 0.18998552858829498,
        "MSE": 0.060670241713523865,
        "R2": 0.18557598358500704
      },
      "f_odd/no": {
        "MAE": 0.2020622342824936,
        "MSE": 0.05958302319049835,
        "R2": 0.19143070688992092
      },
      "f_completelyround": {
        "MAE": 0.2519209682941437,
        "MSE": 0.09230942279100418,
        "R2": 0.1975102951350184
      },
      "f_in-between": {
        "MAE": 0.3009068965911865,
        "MSE": 0.11531165987253189,
        "R2": 0.09513789693671604
      },
      "f_cigar-shaped": {
        "MAE": 0.3069656491279602,
        "MSE": 0.13044904172420502,
        "R2": 0.2605061880198326
      },
      "f_disturbed": {
        "MAE": 0.1738896369934082,
        "MSE": 0.05934989079833031,
        "R2": 0.01813577552556478
      },
      "f_irregular": {
        "MAE": 0.12553268671035767,
        "MSE": 0.039120327681303024,
        "R2": 0.29818672704977345
      },
      "f_other": {
        "MAE": 0.21934330463409424,
        "MSE": 0.0777941569685936,
        "R2": 0.039976375204062053
      },
      "f_merger": {
        "MAE": 0.12177402526140213,
        "MSE": 0.03690386563539505,
        "R2": 0.07568912093202362
      },
      "f_dustlane": {
        "MAE": 0.0741850733757019,
        "MSE": 0.031778737902641296,
        "R2": 0.04729387689981146
      }
    },
    "epochs": 97,
    "num_attributes": 17
  }
}