{
  "classification": {
    "accuracy": 40.8008658008658,
    "precision": 0.4205718686463894,
    "recall": 0.408008658008658,
    "f1_score": 0.4013542081147686,
    "epochs": 98
  },