GalaxyID,class,pred
74284,0,2
168140,0,3
47693,0,0
107704,0,0
252414,0,0
164456,0,0
59925,0,0
85672,0,0
193864,0,0
14883,0,0
160541,0,0
110602,0,0
105760,0,0
32882,0,0
195769,0,0
239189,0,0
71730,0,0
267173,0,7
112768,0,0
191862,0,0
35381,0,7
263430,0,4
247474,0,0
173617,0,0
16748,0,7
144186,0,7
192420,0,7
173497,0,0
46405,0,0
46475,0,0
64453,0,0
232318,0,0
151880,0,0
170710,0,0
16386,0,0
245461,0,4
201230,0,0
31669,0,7
110026,0,3
259007,0,0
123275,0,0
291052,0,6
24283,0,0
37831,0,0
117352,0,2
135332,0,0
178809,0,0
124657,0,0
251829,0,5
23341,0,0
30343,0,0
81675,0,0
230714,0,0
150191,0,0
228933,0,0
171299,0,4
86887,0,0
267983,0,0
105928,0,0
248454,0,4
121948,0,0
161915,0,0
272531,0,0
56038,0,0
186595,0,7
213869,0,0
88017,0,0
92608,0,0
1881,0,0
151392,0,0
135044,0,0
242947,0,0
253183,0,4
1844,0,7
25564,0,0
2774,0,0
258063,0,7
206165,0,0
153255,0,7
103151,0,2
272626,0,7
23346,0,0
257907,0,0
113246,0,0
32458,0,0
180697,0,0
19872,0,0
216591,0,6
206056,0,0
175699,0,0
207482,0,0
213828,0,7
176413,0,0
169180,0,0
209879,0,0
96888,0,0
216272,0,7
60217,0,0
105913,0,0
243561,0,0
249109,0,7
107682,0,0
267759,0,2
18307,0,0
176528,0,0
57908,0,0
121358,0,4
259447,0,0
133713,0,0
160450,0,0
10448,0,0
2344,0,7
185529,0,0
210331,0,7
242908,0,0
234214,0,0
164514,0,0
259573,0,4
69715,0,4
281308,0,7
161485,0,0
227427,0,0
60179,0,0
117044,0,0
31283,0,7
182097,0,0
120100,0,0
237462,0,0
266477,0,0
241808,0,0
3091,0,0
128724,0,2
27570,0,0
73276,0,0
43937,0,7
88496,0,7
78833,0,0
123106,0,7
291396,0,0
215334,0,4
143591,0,7
109265,0,7
95048,0,0
37875,0,0
154188,0,0
156902,0,7
129958,0,0
68506,0,0
132997,0,0
113833,0,0
148314,0,7
215299,0,0
39066,0,0
207141,0,0
196450,0,0
238540,0,7
148456,0,0
91732,0,0
219517,0,5
92511,0,0
191596,0,0
219591,0,0
281916,0,0
149747,0,0
229295,0,0
224809,0,0
263837,0,0
195888,0,0
95478,0,0
97029,0,7
145513,0,0
264688,0,0
137255,0,0
262774,0,0
1641,0,0
180099,0,0
251486,0,2
108582,0,0
1817,0,0
171040,0,0
212323,0,7
211925,0,0
226189,0,0
15128,0,0
232864,0,7
24202,0,0
71335,0,0
123573,0,0
69930,0,0
255789,0,0
205781,0,0
234637,0,0
47762,0,0
56490,0,0
208624,0,0
290076,0,3
195957,0,0
160891,0,0
53423,0,0
55891,0,0
185287,0,0
18797,0,0
171158,0,0
21884,0,0
103842,0,0
25206,0,0
75957,0,0
161032,0,0
28139,0,0
152278,0,0
236361,0,0
1103,0,3
106681,0,0
157912,0,1
198763,0,0
257341,0,0
28828,0,0
103810,0,5
92912,0,0
228724,0,0
87514,0,0
162107,0,0
254958,0,3
32629,0,0
40820,0,7
102888,0,0
259245,0,7
51309,0,3
188924,0,0
227008,0,0
263535,0,0
40240,0,0
206402,0,0
141631,0,0
96562,0,0
39805,0,7
237661,0,0
61682,0,5
266826,0,0
165583,0,0
262344,0,4
174724,0,7
222731,0,0
80125,0,0
34328,0,0
74053,0,0
265812,0,0
32171,0,4
66278,0,0
278411,0,0
87708,0,0
154194,0,0
267889,0,0
238752,0,0
187528,0,0
36755,0,0
132873,0,0
137450,0,0
167101,0,7
119159,0,7
117675,0,7
159430,0,0
171151,0,3
219462,0,0
142376,0,0
92946,0,0
204328,0,0
179925,0,7
118553,0,0
26608,0,0
114085,0,4
179844,0,0
85162,0,0
108825,0,0
149144,0,0
15196,0,0
162089,0,0
19632,0,0
159316,0,0
32755,0,0
80461,0,0
235234,0,0
276855,0,0
269520,0,7
2842,0,0
1283,0,4
46497,0,4
272042,0,0
163671,0,7
279580,0,0
185858,0,0
184248,0,0
119037,0,7
211745,0,0
234370,0,0
97469,0,0
84834,0,0
222077,0,0
143438,0,0
176573,0,4
3164,0,7
133455,0,0
8261,0,0
242580,0,0
36965,0,0
108400,0,0
246565,0,0
230080,0,0
88522,0,0
36366,0,0
274671,0,0
55546,0,0
214260,0,0
126920,0,7
4293,0,0
255074,0,7
181440,0,0
111027,0,0
37431,0,6
89480,0,0
37932,0,7
127981,0,0
79850,0,7
153750,0,7
89972,0,0
289973,0,0
136792,0,0
255813,0,0
52586,0,0
98368,0,7
172675,0,0
264217,0,2
96362,0,7
87696,0,0
114935,0,2
250445,0,0
23924,0,0
177760,0,0
60612,0,0
116324,0,0
213683,0,0
60465,0,0
41299,0,0
148415,0,0
16172,0,0
154474,0,0
66969,0,0
212032,0,0
62478,0,0
178181,0,0
259217,0,7
237467,0,0
41566,0,0
207903,0,0
256502,0,0
162803,0,0
218304,0,0
203679,0,7
140906,0,0
56646,0,0
283058,0,0
193199,0,3
34341,0,0
20608,0,4
91678,0,7
198841,0,0
22109,0,0
103509,0,0
278734,0,0
150294,0,0
23205,0,0
103060,0,1
207079,0,7
278002,0,0
178317,0,0
161612,0,0
251825,0,0
259109,0,0
138976,0,0
133449,0,0
225768,0,2
65548,0,7
263086,0,0
232053,0,0
168710,0,0
25139,0,0
261,0,0
177485,0,4
105615,0,0
83379,0,0
167297,0,0
160731,0,0
173942,0,0
246974,0,0
277660,0,3
225091,0,0
292520,0,0
17227,0,0
77156,0,7
108002,0,0
8506,0,7
60589,0,0
166194,0,0
109569,0,0
256905,0,0
222612,0,0
137557,0,0
76660,0,0
205897,0,0
132960,0,0
142971,0,0
286756,0,0
90979,0,7
35964,0,0
39535,0,4
34788,0,4
106523,0,0
61733,0,0
33344,0,3
245483,0,0
180790,0,0
112440,0,0
218625,0,7
223935,0,0
18002,0,0
148851,0,0
191934,0,0
7526,0,0
48140,0,3
228042,0,0
96695,0,0
226747,0,0
76743,0,4
112978,0,0
119442,0,7
164490,0,0
11890,0,0
211500,0,0
67636,0,0
40348,0,0
197772,0,0
253288,0,4
191869,0,0
77763,0,0
137012,0,0
59566,0,0
256730,0,0
41666,0,7
242646,0,0
123052,0,0
5261,0,0
243978,0,0
253669,0,0
138874,0,7
73639,0,0
219508,0,0
69922,0,0
89213,0,0
181602,0,5
113194,0,5
137224,0,0
228049,0,0
15587,0,0
137506,0,0
250825,0,0
85363,0,0
51468,0,5
195251,0,0
32041,0,0
120413,0,7
280272,0,0
219009,0,0
239292,0,0
149900,0,0
172534,0,0
223202,0,4
164136,0,0
100094,0,0
111963,0,7
90705,0,0
190907,0,7
174182,0,0
265346,0,7
15896,0,3
245772,0,0
100637,0,0
1541,0,0
73408,0,7
66484,0,0
212847,0,0
160253,0,0
114762,0,1
40335,0,0
116269,0,0
80757,0,0
250761,0,0
36897,0,0
48186,0,0
57571,0,0
108797,0,0
231551,0,0
262749,0,4
32597,0,0
214975,0,5
140532,0,0
149638,0,0
170707,0,0
164463,0,0
81750,0,0
151979,0,0
119974,0,0
234325,0,0
204351,0,0
282659,0,0
178854,0,0
72806,0,4
177789,0,0
80579,0,0
140114,0,0
204078,0,0
173088,0,0
216874,0,5
233668,0,0
197895,0,0
100884,0,0
27166,0,0
194341,0,0
48042,0,5
98570,0,0
41399,0,0
93394,0,0
197060,0,0
95764,0,7
120851,0,0
260843,0,3
205585,0,0
182196,0,0
72911,0,0
128810,0,0
24905,0,7
16258,0,0
151353,0,7
185777,0,0
15043,0,0
263607,0,4
47585,0,0
89889,0,0
153404,0,0
90690,0,0
162694,0,0
227153,0,0
204843,0,0
255035,0,0
197443,0,0
109221,0,0
83156,0,0
83896,0,0
93157,0,0
241894,0,0
56401,0,0
182402,0,0
287338,0,0
239936,0,0
45533,0,0
79505,0,0
166943,0,0
211285,0,0
130819,0,0
60571,0,0
142067,0,0
31115,0,0
55870,0,0
35300,0,0
85458,0,0
75609,0,4
198652,0,0
166780,0,0
157221,0,0
266713,0,5
79555,0,0
207287,0,0
46569,0,0
218609,0,0
157882,0,7
275983,0,0
91505,0,0
187869,0,0
77740,0,0
220995,0,5
130633,0,0
114686,0,0
15684,0,0
53680,0,0
244479,0,0
56463,0,0
191671,0,0
30856,0,0
80039,0,0
43888,0,0
241442,0,0
90524,0,0
76424,0,0
45010,0,0
24906,0,0
212805,0,0
213793,0,3
113479,0,0
222351,0,4
258229,0,0
213283,0,7
213728,0,5
201555,0,0
186112,0,6
67842,0,0
57959,0,0
169865,0,4
159874,0,7
192841,0,0
201105,0,0
156118,0,0
186184,0,0
241723,0,0
135154,0,0
143569,0,7
109950,0,0
55827,0,7
139506,0,0
67102,0,7
233419,0,0
92601,0,0
217465,0,0
127092,0,0
79289,0,0
117587,0,0
221731,0,0
237890,0,7
109838,0,0
111222,0,0
82188,0,7
127374,0,0
95178,0,7
122891,0,0
16019,0,7
90214,0,7
137032,0,7
79639,0,0
221840,0,0
186016,0,0
110549,0,0
286318,0,0
234405,0,0
259934,0,2
291199,0,0
156982,0,0
6850,0,0
191159,0,0
270771,0,0
90581,0,7
271708,0,0
139867,0,0
160054,0,0
292707,0,0
88065,0,0
168196,0,0
76778,0,4
17749,0,4
265924,0,0
89299,0,0
51600,0,0
158188,0,7
197430,0,5
53722,0,0
13851,0,0
119603,0,1
247769,0,0
262108,0,7
80960,0,5
128072,0,3
162597,0,7
26125,0,0
213599,0,0
106507,0,0
203750,0,0
184722,0,7
35887,0,0
254413,0,0
163979,0,0
130531,0,0
183870,0,0
58570,0,0
244347,0,7
181972,0,0
126870,0,0
15813,0,0
61320,0,0
47947,0,0
153371,0,0
58886,0,0
86200,0,7
143418,0,0
18537,0,4
270002,0,4
205720,0,0
144684,0,0
188801,0,0
190760,0,0
216043,0,0
211304,0,0
161196,0,0
194582,0,0
34109,0,0
257148,0,2
107527,0,6
278809,0,0
215225,0,0
241263,0,0
211171,0,7
526,0,0
224214,0,0
53155,0,0
86521,0,0
286351,0,2
134223,0,0
228823,0,7
45781,0,0
286594,0,0
207431,0,0
108284,0,0
204914,0,0
56703,0,0
173448,0,5
208261,0,0
181219,0,0
243778,0,0
23325,0,0
180944,0,0
110057,0,0
213804,0,0
278952,0,0
42364,0,7
41628,0,0
255179,0,0
189241,0,0
55826,0,0
171350,0,0
237701,0,0
118367,0,0
103872,0,0
80521,0,5
91983,0,0
4169,0,0
217544,0,0
169603,0,0
193697,0,7
141542,0,0
53521,0,0
19194,0,6
204166,0,0
129340,0,0
36454,0,0
64400,0,0
121094,0,0
190784,0,7
281410,0,4
71145,0,0
264740,0,0
7660,0,0
119484,0,0
179909,0,0
61421,0,0
94327,0,0
96386,0,7
67140,0,0
232205,0,0
28835,0,0
218815,0,0
207571,0,0
82259,0,0
237190,0,0
239326,0,0
24587,0,0
55100,0,0
1782,0,0
55621,0,0
265752,0,0
150382,0,0
110484,0,7
213120,0,5
276400,0,0
16164,0,0
130304,0,0
69389,0,0
11452,0,5
254088,0,0
101652,0,0
116351,0,0
93433,0,0
159074,0,0
96147,0,0
134005,0,0
107651,0,0
213712,0,0
157307,0,0
274053,0,0
178119,0,0
26659,0,0
191112,0,0
117662,0,0
103015,0,0
173944,0,0
267240,0,0
85811,0,5
182182,0,0
48528,0,0
171357,0,0
209139,0,0
245833,0,0
164618,0,0
232501,0,0
218960,0,0
60364,0,7
60984,0,0
10048,0,0
197349,0,0
149883,0,0
248455,0,0
70814,0,0
186154,0,0
98677,0,7
152819,0,0
125188,0,1
234517,0,0
69624,0,0
26637,0,0
270005,0,0
108687,0,7
211134,0,0
255214,0,0
30638,0,0
61506,0,0
208936,0,5
49585,0,7
114890,0,0
36643,0,0
100989,0,7
241749,0,1
177725,0,0
179529,0,0
39392,0,0
92788,0,0
63338,0,0
119747,0,7
38830,0,0
98359,0,0
173986,0,0
126457,0,0
59707,0,0
128668,0,0
28638,0,0
266295,0,0
210726,0,0
40350,0,0
233245,0,6
205772,0,0
45907,0,0
198612,0,0
190897,0,0
140648,0,7
188621,0,0
211039,0,0
159194,0,2
137389,0,0
63512,0,0
190738,0,0
46224,0,0
167593,0,0
168064,0,0
20137,0,0
87400,0,0
21332,0,0
160460,0,0
111320,0,0
227022,0,0
127814,0,0
91894,0,0
47320,0,0
237954,0,0
171883,0,7
206841,0,3
182240,0,0
65518,0,0
14736,0,4
126730,0,0
108294,0,0
246971,0,2
201128,0,0
288972,0,0
167360,0,0
94383,0,0
79348,0,0
26572,0,0
89292,0,0
170324,0,7
68473,0,0
82341,0,7
109112,0,0
228579,0,0
37076,0,0
219633,0,0
49991,0,0
231643,0,7
106988,0,0
282468,0,7
18822,0,4
197989,0,0
119445,0,4
25216,0,0
119514,0,0
282448,0,7
244196,0,0
166172,0,0
40270,0,1
187447,0,0
240898,0,0
95003,0,0
136683,0,0
3062,0,0
171100,0,0
288784,0,7
38259,0,0
84253,0,0
127436,0,0
159005,0,2
132417,0,0
226498,0,0
119350,0,7
188313,0,0
261779,0,0
272331,0,4
172005,0,0
200807,0,0
168287,0,0
1362,0,4
230832,0,4
80416,0,0
32139,0,7
53338,0,0
192616,0,0
256756,0,7
187403,0,0
89832,0,0
193286,0,0
141057,0,0
241984,0,0
166945,0,0
265945,0,0
235142,0,0
117831,0,7
273491,0,0
166502,0,0
94629,0,0
54679,0,0
53797,0,0
239171,0,0
229364,0,0
161134,0,0
249445,0,0
213545,0,6
51775,0,0
193934,0,4
150893,0,0
120420,0,0
171280,0,0
13386,0,0
157133,0,0
167124,0,0
96535,0,7
87513,0,5
176666,0,0
151821,0,0
30618,0,0
70801,0,5
188769,0,0
109418,0,5
141856,0,0
66781,0,3
262712,0,0
194877,0,2
91126,0,0
225415,0,5
70239,0,0
210111,0,0
170049,0,0
76033,0,0
175996,0,7
174012,0,0
135719,0,0
241742,0,0
223784,0,0
109399,0,0
150992,0,0
183553,0,7
227987,0,0
264684,0,0
26625,0,0
261307,0,0
126063,0,0
221168,0,0
118456,0,0
253312,0,0
23689,0,0
135974,0,0
216091,0,0
31836,0,0
234650,0,0
67706,0,0
171136,0,0
44239,0,0
268017,0,0
211445,0,0
264422,0,0
213940,0,0
230598,0,0
43822,0,0
243969,0,0
51350,0,0
260862,0,4
131953,0,0
110326,0,0
263845,0,4
127948,0,0
201911,0,0
24081,0,5
109244,0,0
198923,0,0
95336,0,0
153822,0,7
154605,0,0
227948,0,0
23700,0,0
127182,0,0
2650,0,0
145591,0,0
143974,0,0
164966,0,0
265338,0,0
164549,0,3
224592,0,0
86232,0,7
239328,0,0
10867,0,0
25297,0,0
30913,0,0
18056,0,7
239199,0,0
205645,0,6
75885,0,7
175606,0,7
227229,0,0
60544,0,0
154344,0,1
35751,0,0
27555,0,0
240684,0,0
132795,0,0
63626,0,0
81343,0,0
228129,0,0
35943,0,0
191261,0,0
256923,0,0
207091,0,0
183407,0,0
214175,0,0
122277,0,7
117454,0,0
172286,0,0
139131,0,0
90297,0,0
80836,0,0
83952,0,0
173434,0,4
77514,0,5
238680,0,0
137060,0,0
264006,0,0
188550,0,0
26479,0,0
25841,0,0
60721,0,0
214072,0,0
176750,0,0
4215,0,0
187407,0,0
57038,0,0
243378,0,0
175772,0,7
181418,0,7
44975,0,0
240747,0,0
89673,0,0
44423,0,0
263155,0,0
37343,0,0
38098,0,7
105914,0,7
170573,0,0
227729,0,7
54266,0,0
1268,0,0
235169,0,0
165329,0,0
25058,0,0
151519,0,0
200900,0,0
114659,0,0
48624,0,0
181912,0,0
158081,0,0
68076,0,7
261578,0,0
278117,0,7
242890,0,0
123555,0,0
93230,0,0
125186,0,0
90454,0,0
96431,0,0
188654,0,0
276323,0,0
158627,0,0
76528,0,0
211948,0,0
243960,0,0
260516,0,7
237068,0,0
125314,0,7
76291,0,6
50510,0,0
11386,0,0
28219,0,0
95545,0,0
261065,0,7
169853,0,0
56367,0,0
92554,0,0
112892,0,0
63173,0,0
1491,0,7
93432,0,0
235200,0,0
159274,0,7
137748,0,0
108931,0,0
79705,0,0
265206,0,0
164433,0,0
24221,0,0
30662,0,7
282035,0,7
219797,0,0
31797,0,0
48620,0,0
176002,0,7
254107,0,0
246968,0,0
107443,0,4
13347,0,0
224177,0,4
141815,0,0
143825,0,0
156091,0,0
246008,0,0
7814,0,7
2264,0,0
33536,0,0
197329,0,0
45722,0,0
233924,0,0
271465,0,0
135737,0,2
267733,0,3
121295,0,0
216374,0,0
71231,0,0
30102,0,0
250467,0,0
272199,0,5
159494,0,0
224739,0,0
214928,0,0
177860,0,7
244658,0,0
247999,0,0
102178,0,0
56402,0,7
236151,0,3
290033,0,0
40209,0,0
85639,0,0
239888,0,0
31431,0,0
240283,0,7
67829,0,0
100002,0,7
270915,0,0
28600,0,0
92968,0,0
198887,0,0
235621,0,0
270960,0,0
240925,0,0
112740,0,0
95435,0,0
97319,0,0
208562,0,0
241553,0,0
109755,0,0
268098,0,0
57630,0,7
92673,0,0
54465,0,0
259822,0,0
123085,0,0
232639,0,0
168717,0,4
132667,0,0
181099,0,0
138690,0,0
3706,0,0
203277,0,0
63639,0,0
235576,0,0
11548,0,0
168953,0,6
24388,0,0
151090,0,0
54590,0,0
11345,0,2
156892,0,0
173319,0,0
95858,0,0
44020,0,0
68634,0,4
49099,0,0
27207,0,0
62552,0,0
231332,0,0
248692,0,7
80892,0,5
226691,0,4
250666,0,0
139736,0,0
26529,0,0
90328,0,0
26086,0,0
235542,0,7
236473,0,7
168889,0,0
129654,0,7
54228,0,0
234522,0,3
48817,0,4
124703,0,0
35747,0,6
143524,0,0
200420,0,0
103594,0,0
282907,0,0
109304,0,0
9858,0,7
156313,0,0
266308,0,0
181864,0,0
179558,0,0
14028,0,4
152550,0,0
165844,0,7
203392,0,5
126731,0,0
55074,0,7
273335,0,0
215883,0,0
51111,0,0
16809,0,0
204468,0,0
103183,0,4
48134,0,0
169348,0,0
152885,0,0
127053,0,0
157172,0,0
34069,0,7
102613,0,0
122323,0,0
27956,0,0
163954,0,0
204614,0,0
30077,0,0
274127,0,0
270401,0,0
7025,0,3
136147,0,7
69341,0,0
193942,0,0
255997,0,7
160225,0,0
38528,0,0
279930,0,3
247972,0,0
224379,0,0
61382,0,0
243668,0,0
218930,0,7
180159,0,0
185296,0,0
277476,0,0
80270,0,0
222454,0,5
26133,0,0
52877,0,0
160437,0,0
122229,0,0
209169,0,0
259681,0,4
126212,0,0
24113,0,7
19513,0,0
138530,0,0
205871,0,0
264747,0,0
106832,0,0
116468,0,0
244325,0,0
84911,0,0
217157,0,0
28739,0,7
80936,0,0
250369,0,0
22521,0,0
90341,0,0
83027,0,7
115377,0,0
95286,0,0
45298,0,0
81432,0,0
119968,0,0
67952,0,7
235095,0,0
183412,0,0
219092,0,7
142020,0,7
55294,0,0
140462,0,5
119042,0,0
228105,0,0
55873,0,7
66609,0,0
234574,0,0
188540,0,0
32999,0,0
87293,0,7
108067,0,1
139599,0,3
122468,0,4
253316,0,7
293012,0,0
131227,0,0
217560,0,0
18469,0,4
291897,0,0
152778,0,0
41903,0,0
24653,0,0
98109,0,0
140885,0,0
52934,0,4
81401,0,2
8626,0,0
154033,0,7
100526,0,0
145352,0,0
272945,0,0
258665,0,3
260049,0,0
100376,0,0
188787,0,0
152767,0,0
223177,0,0
107028,0,0
200052,0,0
258857,0,0
64145,0,0
169193,0,0
85339,0,0
69324,0,7
136418,0,6
179270,0,0
168856,0,0
45611,0,0
193217,0,0
168966,0,0
241714,0,0
162619,0,0
73973,0,0
207451,0,7
93538,0,7
177296,0,0
77770,0,0
149262,0,0
162604,0,7
205773,0,0
97100,0,0
128091,0,4
244739,0,7
166792,0,0
143590,0,0
33136,0,0
68883,0,0
67387,0,4
129517,0,0
9207,0,0
33508,0,0
84357,0,4
139287,0,0
295080,0,7
45002,0,0
55371,0,0
294591,0,0
204881,0,0
206642,0,0
265139,0,0
258688,0,5
55003,0,0
219582,0,0
35395,0,1
69415,0,7
207024,0,5
292299,0,0
51128,0,0
230546,0,0
214955,0,0
256210,0,2
178161,0,0
214165,0,7
249149,0,7
11113,0,0
118223,0,0
272172,0,0
209124,0,0
65001,0,0
31108,0,7
163550,0,0
26507,0,7
31561,0,0
71201,0,0
179120,0,0
57520,0,0
204660,0,0
154796,0,0
197066,0,2
75800,0,0
107026,0,0
228072,0,0
31085,0,0
38510,0,0
11357,0,0
165411,0,0
56579,0,0
15103,0,0
205052,0,0
241633,0,0
180891,0,0
171159,0,0
103535,0,0
263620,0,7
273559,0,0
206704,0,0
81533,0,0
169435,0,0
207224,0,0
84159,0,0
180731,0,7
236298,0,0
134201,0,0
226316,0,0
29963,0,0
259096,0,4
235622,0,0
177322,0,0
270004,0,0
293545,0,0
193751,0,0
161674,0,0
54571,0,3
218363,0,0
100404,0,7
273815,0,0
210637,0,0
191600,0,0
28270,0,0
72270,0,0
153323,0,0
219295,0,0
103473,0,0
71390,0,0
37444,0,0
129953,0,0
88113,0,0
237114,0,7
16287,0,0
95617,0,0
45222,0,0
212162,0,0
89238,0,0
239663,0,0
6532,0,0
91506,0,7
236166,0,0
182225,0,0
81532,0,1
83913,0,0
86549,0,4
75096,0,0
218134,0,0
149818,0,0
188084,0,0
88934,0,0
70514,0,0
151469,0,0
159279,0,4
260159,0,5
12170,0,0
139952,0,0
276503,0,0
45163,0,3
9098,0,0
220283,0,0
178071,0,7
213263,0,7
111450,0,0
169604,0,5
91564,0,0
161489,0,4
251212,0,0
261872,0,0
176449,0,0
274560,0,0
222639,0,0
161834,0,2
260143,0,4
175760,0,7
267309,0,7
195506,0,7
106866,0,0
80241,0,0
259504,0,0
64320,0,5
126050,0,0
124213,0,0
22341,0,0
198484,0,6
168843,0,0
49081,0,0
270791,0,0
43882,0,0
158724,0,5
83717,0,0
45857,0,0
157048,0,6
34279,0,0
64157,0,7
246007,0,7
229296,0,7
181240,0,7
142532,0,0
98790,0,7
197117,0,0
200459,0,0
55753,0,7
131423,0,0
12776,0,0
86587,0,0
128846,0,0
209407,0,0
230867,0,5
213113,0,0
129845,0,7
117107,0,0
292268,0,0
290573,0,0
17632,0,4
29790,0,0
47462,0,1
203326,0,4
37369,0,0
154707,0,0
268669,0,0
39236,0,0
169773,0,0
203832,1,1
275031,1,1
270885,1,2
237913,1,2
53943,1,1
272821,1,1
265592,1,1
196490,1,2
264972,1,2
216077,1,1
27860,1,1
257901,1,2
247653,1,2
97665,1,1
212667,1,1
108329,1,2
294977,1,1
273693,1,1
172742,1,1
166835,1,1
81489,1,1
266172,1,1
94456,1,1
26908,1,1
148316,1,1
233251,1,1
222294,1,1
143723,1,1
132212,1,1
256562,1,1
25263,1,1
60930,1,1
161559,1,2
179159,1,2
17411,1,1
54906,1,2
91546,1,1
39616,1,1
132332,1,1
252104,1,1
19792,1,1
113468,1,1
100015,1,1
173873,1,1
121421,1,1
264857,1,1
169478,1,1
225712,1,1
165044,1,1
237009,1,1
260393,1,1
137308,1,1
20251,1,1
108951,1,5
8295,1,1
114896,1,1
32210,1,1
228945,1,1
194272,1,7
259470,1,2
231940,1,1
256171,1,4
252980,1,2
58031,1,1
169765,1,2
69552,1,1
121762,1,2
169878,1,0
170307,1,1
261911,1,1
35050,1,1
81650,1,1
152703,1,1
263071,1,1
166081,1,2
89218,1,2
200393,1,1
248761,1,1
201075,1,1
46627,1,1
192328,1,5
179296,1,1
224304,1,3
18244,1,1
226121,1,1
207994,1,1
270207,1,1
173264,1,1
130998,1,1
227451,1,2
41369,1,5
234400,1,1
176818,1,2
82067,1,1
229082,1,1
121049,1,2
238858,1,1
191093,1,1
265230,1,1
160517,1,1
22507,1,1
175003,1,1
186996,1,1
61864,1,1
78071,1,1
229471,1,1
95562,1,1
204626,1,1
140143,1,2
239740,1,1
85656,1,2
193422,1,1
268372,1,2
164681,1,1
212034,1,1
253449,1,1
77960,1,1
3799,1,1
151240,1,1
255427,1,1
133442,1,1
160276,1,1
101287,1,1
125767,1,1
27063,1,1
253955,1,1
241525,1,1
223766,1,1
237886,1,1
117566,1,2
94664,1,1
153444,1,1
61037,1,1
121203,1,1
154424,1,1
194292,1,1
168618,1,1
123124,1,1
187550,1,1
185734,1,1
137641,1,1
181847,1,1
235959,1,1
70141,1,1
80330,1,0
235590,1,1
214371,1,1
252176,1,1
195840,1,1
287781,1,2
151950,1,2
270223,1,1
171760,1,1
163066,1,1
259132,1,1
261146,1,1
10391,1,1
39705,1,2
264279,1,1
109863,1,1
136055,1,1
64208,1,1
60294,1,3
253900,1,1
187923,1,1
272173,1,1
85644,1,1
122355,1,1
268072,1,1
290831,1,1
141135,1,2
190599,1,1
17470,1,2
233436,1,1
158134,1,1
279339,1,1
258943,1,2
70415,1,2
68491,1,1
37836,1,1
128801,1,2
251698,1,1
246362,1,2
175969,1,3
22534,1,1
34242,1,1
239507,1,1
258117,1,1
95592,1,1
226877,1,2
200582,1,2
55905,1,1
103390,1,2
84025,1,1
239569,1,1
203218,1,1
288905,1,1
210145,1,1
226547,1,1
94251,1,1
267783,1,1
246335,1,4
75098,1,1
85099,1,2
52411,1,1
184134,1,7
10645,1,1
109640,1,1
20901,1,1
216672,1,1
53213,1,7
158152,1,1
89547,1,7
132131,1,1
141961,1,1
25007,1,1
162349,1,1
261915,1,4
12916,1,1
281435,1,1
14511,1,7
115391,1,1
272595,1,1
76735,1,1
216806,1,1
150425,1,1
257234,1,1
250011,1,1
188977,1,1
168157,1,1
105669,1,2
116916,1,2
54522,1,1
939,1,1
98617,1,1
196517,1,1
294621,1,2
273129,1,2
131788,1,7
269118,1,1
192073,1,1
142223,1,1
239802,1,1
12314,1,1
78658,1,1
9699,1,1
257898,1,2
255821,1,1
227717,1,1
121266,1,1
257823,1,5
164623,1,1
82346,1,1
40740,1,1
267290,1,2
269203,1,1
251378,1,1
273366,1,1
184091,1,1
136712,1,1
260237,1,2
55622,1,1
55562,1,1
83270,1,1
283050,1,1
141202,1,1
255398,1,1
171279,1,1
24572,1,7
255996,1,1
161166,1,1
150723,1,1
197907,1,1
110053,1,1
189110,1,2
241122,1,1
10026,1,1
192939,1,1
260596,1,1
70436,1,1
255989,1,1
34054,1,1
158442,1,1
265389,1,4
196287,1,1
2802,1,1
37660,1,1
111389,1,1
219625,1,0
256917,1,1
163701,1,1
106884,1,1
45638,1,2
291221,1,1
260608,1,1
88592,1,1
111264,1,1
292712,1,2
166685,1,1
210216,1,1
156694,1,1
72339,1,2
255437,1,1
50449,1,1
96606,1,1
23311,1,1
217597,1,1
52640,1,2
136725,1,1
90896,1,1
201226,1,1
236940,1,1
160260,1,1
201617,1,1
126808,1,1
174802,1,1
253335,1,1
140240,1,2
110222,1,1
10547,1,1
240838,1,1
219699,1,1
152457,1,2
271265,1,1
50203,1,2
160543,1,1
139107,1,1
255933,1,1
66815,1,1
257315,1,1
46271,1,2
272830,1,2
115718,1,1
60897,1,1
120800,1,4
213672,1,1
20635,1,1
288282,1,1
32076,1,2
73947,1,2
263101,1,2
282916,1,2
122603,1,1
85729,1,2
158225,1,1
65340,1,1
241205,1,1
184349,1,1
10675,1,1
83003,1,1
132578,1,1
161347,1,1
111903,1,1
87315,1,1
201741,1,1
142989,1,1
47180,1,2
22741,1,1
255088,1,1
50880,1,1
28114,1,2
11170,1,2
39453,1,1
290303,1,1
156089,1,2
192688,1,1
73350,1,5
130386,1,1
172226,1,1
113787,1,2
178849,1,1
162768,1,2
269085,1,2
175113,1,1
32340,1,1
89252,1,1
255907,1,1
121597,1,1
263835,1,1
149444,1,1
223953,1,1
145629,1,1
50048,1,1
66319,1,2
55889,1,1
265710,1,1
98434,1,1
148654,1,1
273380,1,2
173407,1,1
155289,1,1
272884,1,1
82384,1,2
152776,1,2
171960,1,1
258711,1,5
236965,1,1
73757,1,1
285813,1,1
89221,1,7
242759,1,1
77221,1,3
34073,1,1
112269,1,1
260415,1,1
172941,1,1
133825,1,1
28108,1,1
7753,1,2
272849,1,1
221681,1,2
101579,1,1
151108,1,1
130785,1,1
149286,1,1
245056,1,1
178855,1,1
24071,1,5
252269,1,1
82989,1,1
117442,1,1
224056,1,1
71651,1,2
3315,1,1
231621,1,1
131255,1,1
265078,1,1
291687,1,1
179548,1,1
26752,1,2
34783,1,1
16755,1,1
68278,1,1
248851,1,1
134914,1,2
97304,1,1
269382,1,2
235564,1,1
67629,1,1
267529,1,1
174198,1,2
52536,1,2
102601,1,1
156643,1,1
82803,1,1
110578,1,6
100886,1,1
82487,1,1
54668,1,1
175473,1,1
67551,1,7
116750,1,1
11274,1,1
185011,1,6
276535,1,1
247740,1,4
241840,1,1
11523,1,1
20850,1,1
186752,1,2
3974,1,2
254522,1,2
264433,1,1
81885,1,1
269877,1,1
204964,1,1
60197,1,1
23084,1,1
156654,1,1
252990,1,1
28182,1,1
217576,1,2
177677,1,1
158212,1,1
244691,1,1
264277,1,7
108752,1,1
158084,1,1
61523,1,1
107594,1,1
110384,1,2
200757,1,1
206492,1,2
144680,1,1
270751,1,1
100524,1,1
71919,1,1
5551,1,2
133782,1,1
142160,1,0
75801,1,2
130781,1,1
116377,1,2
158153,1,1
57487,1,2
168452,1,1
263746,1,1
262383,1,1
12725,1,1
122631,1,1
178291,1,1
89537,1,2
161717,1,2
155635,1,1
271751,1,1
95591,1,2
34650,1,1
262995,1,1
173601,1,1
109783,1,1
208500,1,1
83909,1,1
214805,1,1
130975,1,1
137092,1,1
282088,1,1
36811,1,1
128696,1,1
74479,1,1
221066,1,1
1487,1,1
111330,1,2
272196,1,1
271399,1,1
152352,1,1
205289,1,1
253655,1,1
248047,1,1
87135,1,1
166849,1,1
58644,1,1
7338,1,1
36635,1,1
174734,1,1
259493,1,2
86117,1,1
231596,1,1
151935,1,1
255719,1,1
158164,1,1
48757,1,1
123611,1,1
31583,1,1
151249,1,1
40002,1,1
47176,1,1
39046,1,5
16812,1,1
48036,1,1
279000,1,1
137381,1,3
245372,1,1
236751,1,2
141742,1,1
111390,1,1
221811,1,1
227529,1,1
34896,1,7
267620,1,1
186225,1,5
11265,1,1
253046,1,1
109246,1,1
268585,1,1
235735,1,1
263411,1,1
131506,1,1
61174,1,7
210159,1,1
113247,1,1
270638,1,1
279070,1,2
154065,1,1
181996,1,1
259443,1,1
221030,1,1
247114,1,2
229966,1,2
123369,1,2
100247,1,1
184152,1,1
258718,1,2
130577,1,1
266343,1,1
132668,1,1
253155,1,1
162209,1,1
266696,1,1
110742,1,2
232811,1,1
125954,1,3
50453,1,1
257761,1,1
158007,1,1
84329,1,1
121136,1,2
11797,1,1
269775,1,1
245939,1,1
138560,1,1
211975,1,2
259766,1,2
117095,1,1
272080,1,1
168645,1,1
261666,1,1
235723,1,5
1054,1,1
119860,1,1
255798,1,1
39173,1,1
175032,1,2
154138,1,2
88078,1,1
208255,1,1
52949,1,1
5273,1,1
98640,1,1
118067,1,1
77254,1,1
122544,1,1
27145,1,1
230639,1,1
8931,1,1
206425,1,1
756,1,1
3771,1,1
38630,1,1
86866,1,1
186107,1,1
244227,1,1
272655,1,1
46898,1,1
75219,1,1
36396,1,1
214804,1,1
155736,1,1
18863,1,1
246945,1,2
169037,1,1
280848,1,2
136523,1,7
135646,1,1
84057,1,1
142043,1,1
262765,1,1
62576,1,1
286130,1,1
83963,1,1
112249,1,2
56151,1,1
236345,1,1
230847,1,1
105697,1,1
205993,1,1
229763,1,1
121268,1,1
38899,1,1
233828,1,2
10778,1,1
242936,1,1
162280,1,1
189214,1,1
22339,1,1
269910,1,1
270555,1,1
67623,1,1
107865,1,1
140231,1,1
271138,1,1
31556,1,1
194946,1,1
63051,1,1
158343,1,1
75248,1,1
210701,1,6
38107,1,1
264987,1,1
212727,1,1
31527,1,7
1432,1,1
292190,1,1
270384,1,1
193804,1,1
220039,1,1
269568,1,1
256899,1,1
253645,1,1
199330,1,7
134565,1,1
269926,1,2
229119,1,1
106247,1,2
207341,1,1
269626,1,1
158580,1,2
262385,1,1
141301,1,2
269138,1,1
63347,1,1
15518,1,1
264159,1,1
148792,1,1
249450,1,1
271293,1,1
121856,1,2
9283,1,1
188903,1,1
163661,1,1
226088,1,1
55359,1,1
50987,1,2
11336,1,2
36740,1,5
182130,1,1
186943,1,2
116134,1,1
38695,1,1
76458,1,2
207350,1,1
131041,1,1
83811,1,1
132786,1,1
185735,1,2
115259,1,2
252732,1,1
26819,1,1
271203,1,1
243188,1,1
269077,1,1
76383,1,1
271072,1,1
51191,1,2
108697,1,1
46752,1,1
213844,1,1
32631,1,1
75141,1,1
167220,1,1
132828,1,1
160226,1,1
155978,1,1
158429,1,1
198067,1,1
118614,1,1
266468,1,2
44585,1,1
108467,1,1
36698,1,1
107013,1,1
273431,1,1
39018,1,1
18631,1,1
131280,1,2
182129,1,1
238687,1,1
155685,1,1
48130,1,2
263148,1,1
4840,1,5
65147,1,1
283840,1,2
39126,1,2
140460,1,2
245938,1,1
246431,1,1
269582,1,2
158569,1,1
143152,1,1
65715,1,2
156402,1,2
248808,1,1
71439,1,1
76126,1,1
171199,1,1
153815,1,2
272309,1,1
99651,1,1
230307,1,1
184281,1,1
23307,1,7
161715,1,1
46547,1,1
262387,1,1
160833,1,1
84947,1,0
293863,1,1
259072,1,1
186964,1,1
119628,1,1
61154,1,1
124027,1,1
155060,1,2
54198,1,1
194948,1,1
254545,1,2
284705,1,2
107832,1,1
138770,1,1
190488,1,1
259579,1,2
32472,1,1
264498,1,1
236095,1,1
40604,1,1
210755,1,1
192973,1,2
78584,1,7
166951,1,1
160013,1,1
225474,1,1
196144,1,2
226205,1,1
112385,1,1
240799,1,2
169477,1,1
53847,1,1
293523,1,1
251377,1,1
188289,1,1
122479,1,1
49662,1,1
141775,1,1
140705,1,1
157550,1,1
137695,1,1
81207,1,1
6933,1,2
169722,1,1
247235,1,1
139749,1,1
98866,1,1
105911,1,2
8542,1,3
269386,1,1
41604,1,1
31695,1,1
215087,1,1
72207,1,1
228921,1,1
76715,1,1
16176,1,5
295049,1,1
219099,1,0
94457,1,1
230358,1,5
220820,1,1
68816,1,1
276882,1,1
272608,1,1
95040,1,1
82165,1,1
279875,1,1
83831,1,1
86651,1,1
173282,1,1
209174,1,1
26836,1,1
191273,1,5
73299,1,1
254971,1,1
291008,1,2
134508,1,1
286582,1,1
10642,1,1
270549,1,4
19939,1,1
160162,1,1
14027,1,2
219545,1,1
20265,1,1
96357,1,1
95530,1,1
125022,1,1
162923,1,1
45713,1,2
19237,1,1
189297,1,1
219989,1,2
138194,1,1
223971,1,1
109622,1,7
144863,1,1
200674,1,2
124800,1,1
93767,1,1
258676,1,1
124578,1,3
21030,1,1
206650,1,1
217309,1,1
157723,1,1
19534,1,1
261107,1,1
217439,1,1
257881,1,7
126901,1,2
155249,1,1
30555,1,1
200086,1,2
12809,1,1
265537,1,1
254965,1,1
206969,1,1
268336,1,1
229611,1,1
217622,1,1
140193,1,1
139206,1,2
166340,1,1
210516,1,1
171555,1,1
289537,1,1
231553,1,1
75292,1,1
34383,1,1
151612,1,1
159098,1,1
172374,1,2
72872,1,1
219604,1,1
265065,1,6
51172,1,1
268133,1,1
294548,1,5
259171,1,1
185012,1,1
65096,1,2
69192,1,1
259374,1,1
207949,1,1
24873,1,1
268469,1,1
14303,1,2
250225,1,1
18749,1,2
80849,1,1
67335,1,2
154880,1,1
164890,1,1
116528,1,4
23913,1,1
53360,1,1
29866,1,1
151920,1,1
252500,1,2
247224,1,1
290224,1,1
48511,1,1
37741,1,1
6600,1,1
205336,1,2
212990,1,1
276724,1,1
201448,1,1
58120,1,1
88477,1,1
250024,1,2
112370,1,1
155231,1,1
108627,1,2
189303,1,1
252214,1,2
206792,1,1
139274,1,1
19178,1,3
268195,1,1
161578,1,1
148804,1,2
4552,1,1
98358,1,1
159768,1,1
169624,1,1
81204,1,1
18557,1,1
199800,1,1
66209,1,1
109192,1,1
217477,1,2
169247,1,1
2846,1,0
249199,1,2
20163,1,1
153597,1,1
178673,1,1
249643,1,1
204277,1,2
90625,1,1
187787,1,2
60946,1,1
198999,1,2
226445,1,2
163061,1,2
122216,1,1
160000,1,1
261561,1,1
208355,1,1
172487,1,1
130338,1,3
144911,1,2
166819,1,4
71799,1,1
8519,1,1
258153,1,4
228404,1,1
252224,1,2
14052,1,1
89257,1,2
110591,1,1
17519,1,1
33190,1,1
233346,1,2
5083,1,1
283880,1,2
293969,1,1
236037,1,7
243944,1,2
64275,1,1
237725,1,1
199769,1,2
258024,1,2
251448,1,1
182449,1,1
280832,1,0
148815,1,2
36073,1,1
153511,1,1
195121,1,1
248093,1,0
17241,1,1
132074,1,1
253463,1,1
108942,1,2
46365,1,1
235301,1,1
236739,1,1
15158,1,2
41559,1,1
133042,1,2
204054,1,2
143683,1,1
51914,1,2
48662,1,1
268038,1,1
59149,1,1
257150,1,1
127263,1,2
283627,1,1
293638,1,1
109325,1,1
241548,1,1
150649,1,1
218721,1,1
155283,1,1
268137,1,2
162410,1,2
252693,1,1
140187,1,1
77877,1,1
78449,1,1
200895,1,2
2900,1,1
190600,1,2
190964,1,1
229911,1,2
263093,1,2
258077,1,2
62423,1,1
228480,1,2
230004,1,2
246557,1,1
37648,1,1
174972,1,1
261674,1,1
141617,1,2
259387,1,4
119780,1,1
75369,1,1
193,1,1
67253,1,1
248549,1,1
198448,1,1
32341,1,1
217150,1,3
62891,1,2
12363,1,1
133265,1,1
251190,1,1
273284,1,2
1208,1,5
162770,1,1
57861,1,1
131215,1,1
251886,1,1
283038,1,1
51219,1,1
34761,1,1
255117,1,2
232488,1,2
257872,1,4
221164,1,1
26615,1,1
98740,1,2
76080,1,7
193747,1,2
171086,1,1
185549,1,2
263963,1,1
270498,1,1
32964,1,1
52720,1,1
116901,1,1
106668,1,1
60992,1,1
240031,1,1
79468,1,1
198527,1,1
4167,1,1
211632,1,1
236981,1,1
263644,1,2
234319,1,1
234453,1,1
90271,1,7
563,1,1
263747,1,1
157614,1,2
268720,1,2
167046,1,1
159227,1,1
66341,1,1
35309,1,1
85979,1,1
120080,1,1
85338,1,1
254359,1,1
37164,1,1
268626,1,1
5363,1,1
276712,1,2
250922,1,4
45348,1,1
161802,1,1
1121,1,1
163142,1,1
18871,1,1
237208,1,1
108749,1,7
125891,1,1
98627,1,2
176212,1,1
218781,1,7
235397,1,7
110947,1,1
38227,1,1
217093,1,2
262351,1,1
22114,1,1
148681,1,1
15228,1,1
254725,1,1
203385,1,1
166675,1,1
263593,1,1
178690,1,1
154216,1,2
56299,1,1
262125,1,1
87594,1,2
9871,1,2
177037,1,1
85856,1,2
131584,1,1
16185,1,1
89341,1,6
221391,1,1
122996,1,1
206175,1,1
117537,1,1
10886,1,1
180523,1,2
45168,1,1
77645,1,7
95805,1,2
277362,1,1
155165,1,1
155295,1,1
136361,1,1
64079,1,5
178590,1,1
174365,1,1
264681,1,1
156584,1,3
228916,1,1
122326,1,1
66778,1,1
80916,1,1
75348,1,2
288083,1,7
222943,1,1
106369,1,2
215928,1,1
122764,1,0
89407,1,1
59385,1,1
254283,1,1
287266,1,1
156692,1,1
236701,1,1
60172,1,1
247144,1,2
111776,1,1
243385,1,2
166425,1,2
108330,1,2
207931,1,1
293292,1,1
69996,1,1
8515,1,1
248738,1,1
258236,1,5
122626,1,1
190802,1,1
263170,1,1
219965,1,2
265939,1,1
83006,1,1
186853,1,1
196289,1,1
253060,1,1
126613,1,1
94502,1,1
116201,1,1
258510,1,1
33137,1,1
114184,1,1
170957,1,1
137020,1,1
264690,1,1
93560,1,1
221458,1,1
83459,1,2
187,1,1
16451,1,1
247825,1,1
272408,1,1
257558,1,1
59584,1,1
39564,1,7
247570,1,1
31231,1,1
246674,1,1
13848,1,2
176608,1,1
155910,1,1
259705,1,1
169138,1,1
85530,1,1
26702,1,1
19818,1,2
95298,1,1
209061,1,1
150541,1,1
223228,1,1
69347,1,0
176668,1,1
268616,1,2
226212,1,1
264255,1,1
72371,1,3
65980,1,1
90301,1,1
231083,1,3
12197,1,1
75453,1,1
170967,1,1
65452,1,2
189059,1,1
44690,1,1
199695,1,1
192351,1,1
14914,1,3
256930,1,1
232015,1,2
205180,1,1
156322,1,2
122607,1,1
260189,1,1
258702,1,1
247108,1,1
66043,1,2
152926,1,1
291641,1,1
110347,1,1
67609,1,2
29830,1,1
178796,1,1
235503,1,5
133698,1,1
221967,1,2
39917,1,1
39192,1,2
137074,1,1
170242,1,1
253729,1,1
134230,1,1
173596,1,2
152536,1,2
157461,1,1
71715,1,7
261082,1,1
213376,1,1
163051,1,1
255084,1,1
135199,1,1
64744,1,1
263880,1,2
174344,1,1
16450,1,1
168252,1,0
252505,1,1
70212,1,1
41346,1,2
139818,1,1
144676,1,2
289217,1,1
100407,1,1
250361,1,2
95038,1,1
235782,1,1
137345,1,2
142622,1,1
269944,1,1
19149,1,1
270709,1,1
118666,1,1
243380,1,1
85239,1,1
268495,1,1
68289,1,1
204797,1,1
155680,1,1
100034,1,1
264243,1,2
51873,1,1
260513,1,1
126429,1,1
136675,1,2
255044,1,1
192291,1,1
125560,1,1
76580,1,1
124146,1,1
50197,1,1
90093,1,1
164387,1,1
74402,1,1
221117,1,1
188462,1,1
273087,1,2
267772,1,1
44518,1,1
219676,1,1
220744,1,1
271710,1,1
256217,1,1
193172,1,2
143415,1,1
253385,1,2
129275,1,2
139147,1,1
187511,1,1
134411,1,1
141153,1,1
4332,1,2
217882,1,1
273104,1,1
260858,1,1
259373,1,1
198415,1,1
225813,1,1
207121,1,1
112258,1,1
259017,1,2
187632,1,1
145047,1,1
48105,1,1
40402,1,1
14549,1,1
198799,1,1
271439,1,1
273517,1,1
126991,1,1
273285,1,2
17277,1,2
204612,1,1
131800,1,1
143621,1,1
152569,1,1
50858,1,1
154552,1,1
256143,1,2
166548,1,1
77256,1,1
257671,1,2
226357,1,1
9343,1,1
68907,1,2
84446,1,1
220402,1,1
198686,1,1
250399,1,1
9227,1,1
271670,1,1
204710,1,2
69014,1,5
49234,1,1
88811,1,1
125849,1,1
268633,1,1
175630,1,1
38781,1,2
229751,1,1
261386,1,1
233659,1,1
166900,1,1
158590,1,1
155285,1,1
272559,1,1
44321,1,1
229472,1,2
140379,1,1
132211,1,1
59931,1,1
165921,1,1
251143,1,1
129154,1,2
210655,1,1
38258,1,1
111524,1,7
138800,1,1
227240,1,2
278317,1,1
198491,1,2
16331,1,2
11284,1,1
19897,1,1
260868,1,2
4839,1,1
7270,1,1
107828,1,1
113798,1,1
153011,1,1
186293,1,1
149829,1,1
108608,1,1
247143,1,1
258475,1,1
191883,1,2
156188,1,1
76798,1,1
263245,1,4
56208,1,1
17299,1,1
196922,1,1
266031,1,2
117512,1,1
54013,1,1
213088,1,1
3173,1,1
38421,1,1
188385,1,3
293951,1,2
282478,1,7
271782,1,2
130422,1,2
221753,1,1
272628,1,1
248020,1,2
247238,1,2
38204,1,1
200930,1,1
76517,1,2
131359,2,2
247152,2,2
73444,2,2
18888,2,2
10417,2,2
270379,2,2
204776,2,1
114065,2,5
89312,2,2
195489,2,2
156508,2,2
237862,2,2
223506,2,2
128047,2,2
33743,2,2
272549,2,2
48641,2,2
232702,2,2
84379,2,2
44938,2,1
266927,2,2
185564,2,1
111664,2,2
119698,2,2
159542,2,2
74612,2,1
181999,2,2
194271,2,2
213718,2,2
246737,2,2
261693,2,2
880,2,2
181010,2,2
1966,2,2
122243,2,2
65361,2,2
125181,2,2
256862,2,2
39846,2,2
18851,2,2
52517,2,2
162591,2,2
100460,2,2
252026,2,1
273345,2,2
273207,2,2
173444,2,2
188869,2,1
272649,2,2
200025,2,2
163547,2,2
217724,2,2
152497,2,2
222575,2,2
32923,2,2
130228,2,2
173819,2,1
250062,2,2
188560,2,2
192607,2,2
153144,2,2
198051,2,0
94792,2,2
150248,2,2
38867,2,2
200394,2,1
108150,2,2
221530,2,2
239224,2,1
190637,2,2
32993,2,2
210452,2,2
91864,2,2
290123,2,2
30731,2,2
254544,2,2
57669,2,2
290309,2,2
143258,2,2
228682,2,2
175419,2,2
72781,2,2
223086,2,2
77875,2,2
288776,2,2
129366,2,2
90713,2,2
259626,2,2
188497,2,2
19241,2,2
259080,2,2
13830,2,2
269997,2,1
263028,2,2
17193,2,0
185419,2,2
116550,2,2
255766,2,2
107696,2,2
225850,2,2
77973,2,2
179171,2,2
176870,2,2
153642,2,2
52530,2,2
87637,2,2
151259,2,2
170402,2,1
67935,2,2
227108,2,2
64749,2,2
32038,2,2
292893,2,4
264392,2,2
89324,2,2
156399,2,2
73670,2,2
264560,2,2
132610,2,2
225117,2,2
145456,2,2
52689,2,2
199601,2,2
63391,2,2
166921,2,2
141320,2,2
94611,2,5
8998,2,2
47175,2,2
103923,2,2
22850,2,2
219472,2,2
78684,2,2
84985,2,2
220310,2,1
222674,2,2
216961,2,1
194707,2,2
254377,2,2
177887,2,2
94536,2,2
289894,2,2
135700,2,5
177021,2,2
103260,2,2
54596,2,2
167720,2,2
82843,2,2
77498,2,2
65086,2,1
120588,2,2
133245,2,2
135682,2,1
162423,2,2
222767,2,2
115678,2,2
155837,2,2
83383,2,1
203303,2,2
266514,2,2
8306,2,2
172551,2,2
160562,2,2
259947,2,2
110665,2,2
206331,2,2
156420,2,2
68431,2,2
21367,2,2
140341,2,2
270411,2,5
142863,2,2
52250,2,2
73234,2,2
66634,2,2
158294,2,2
88606,2,1
60513,2,2
53239,2,2
171847,2,2
294663,2,2
125226,2,2
183967,2,2
96309,2,2
267947,2,2
164963,2,2
265305,2,2
4069,2,2
244609,2,2
145127,2,5
95930,2,5
36285,2,1
263421,2,2
282157,2,2
215492,2,1
102380,2,1
4824,2,2
218875,2,2
212552,2,2
201399,2,2
28349,2,1
51926,2,2
259843,2,2
265472,2,2
205245,2,2
160933,2,2
106598,2,2
230607,2,2
198554,2,2
271963,2,2
251044,2,2
132800,2,2
127420,2,2
224791,2,1
272313,2,2
86091,2,2
148692,2,2
253195,2,7
148696,2,2
151952,2,5
17760,2,2
263413,2,2
162833,2,2
52680,2,2
88532,2,2
239135,2,5
217395,2,2
225635,2,2
196689,2,2
183474,2,2
160956,2,2
135936,2,1
258518,2,2
48352,2,2
123376,2,2
144750,2,1
9096,2,1
111754,2,2
102968,2,2
95087,2,2
222368,2,2
150034,2,1
215597,2,2
246433,2,2
129050,2,2
246550,2,2
102679,2,2
164065,2,2
107919,2,2
158879,2,2
124355,2,2
149464,2,1
100020,2,2
182141,2,2
138747,2,2
246934,2,2
128807,2,2
214706,2,1
62212,2,0
1087,2,2
82938,2,2
124353,2,2
64761,2,2
10913,2,2
91943,2,2
66760,2,2
37148,2,2
120044,2,2
26980,2,3
95684,2,2
79415,2,2
197602,2,2
148758,2,2
270968,2,2
280766,2,2
79116,2,2
294252,2,2
267004,2,2
266205,2,2
251779,2,2
150798,2,2
176260,2,2
208977,2,1
66026,2,2
200276,2,2
45126,2,2
197886,2,2
159594,2,2
111627,2,2
185379,2,2
111685,2,2
93962,2,2
57748,2,1
268802,2,2
68752,2,2
170060,2,2
96449,2,2
67406,2,5
167909,2,2
256871,2,2
236808,2,2
151921,2,2
189309,2,2
24152,2,2
184821,2,2
291250,2,2
198081,2,2
135130,2,2
174263,2,2
109460,2,5
17271,2,2
114526,2,2
248248,2,2
201779,2,2
289406,2,2
258408,2,2
6496,2,1
232635,2,2
19451,2,1
206988,2,2
90127,2,2
264579,2,2
31419,2,2
112475,2,2
176785,2,2
293448,2,3
229373,2,2
178168,2,2
293431,2,2
125123,2,2
54241,2,2
233538,2,1
251498,2,2
263356,2,2
240036,2,2
38039,2,2
156328,2,2
124991,2,2
292796,2,2
232813,2,2
248410,2,2
7721,2,2
119810,2,2
264170,2,2
287379,2,2
45353,2,4
252019,2,2
246938,2,2
251472,2,2
292318,2,1
253073,2,2
86967,2,2
15399,2,2
13064,2,2
61046,2,2
125174,2,2
95804,2,2
172080,2,2
211321,2,2
90348,2,2
90421,2,2
39527,2,2
130534,2,2
52123,2,4
214065,2,2
158731,2,2
107348,2,2
167714,2,2
279108,2,2
165058,2,2
196362,2,1
165360,2,2
219649,2,2
21658,2,2
268197,2,2
223505,2,0
88956,2,2
12377,2,2
268176,2,2
238286,2,2
258589,2,2
131388,2,1
199913,2,2
12189,2,1
26338,2,1
219881,2,2
113619,2,2
222917,2,2
171678,2,2
61164,2,2
165015,2,2
145035,2,2
184384,2,4
16510,2,2
166513,2,2
219356,2,2
290046,2,2
249992,2,2
263943,2,2
40493,2,2
209151,2,2
187474,2,2
188438,2,2
53280,2,5
184720,2,2
269390,2,2
40897,2,2
157494,2,2
124571,2,2
53408,2,2
248200,2,2
43622,2,2
291110,2,2
177963,2,2
164146,2,2
135680,2,2
229334,2,2
45079,2,2
151662,2,0
84846,2,2
260798,2,2
217483,2,2
223682,2,2
4083,2,0
108405,2,2
235585,2,2
245915,2,2
256240,2,2
257169,2,2
285438,2,4
62963,2,2
92701,2,2
272726,2,2
269423,2,2
204050,2,2
200949,2,2
272724,2,2
108662,2,2
167676,2,2
160177,2,2
53367,2,1
72826,2,2
78120,2,2
253307,2,2
130159,2,2
116185,2,2
200707,2,2
26914,2,2
58946,2,2
15374,2,2
153394,2,1
110662,2,1
97190,2,2
184651,2,2
54356,2,2
177881,2,1
106511,2,2
76299,2,2
41822,2,2
119401,2,1
252602,2,2
265595,2,2
245058,2,2
41802,2,2
56768,2,2
218580,2,2
19267,2,2
256462,2,2
240567,2,2
159715,2,2
66981,2,2
209476,2,2
3251,2,2
269679,2,2
34517,2,1
129433,2,5
11952,2,2
153504,2,2
40753,2,2
65160,2,2
242914,2,2
246505,2,2
26524,2,2
155313,2,2
219606,2,2
12419,2,2
210002,2,2
265181,2,2
114933,2,2
246605,2,2
133557,2,2
56272,2,2
28063,2,2
32802,2,1
270427,2,2
249844,2,2
195492,2,2
186850,2,1
32638,2,2
77367,2,2
36234,2,2
282005,2,2
143973,2,2
67617,2,2
115134,2,2
244924,2,1
270190,2,2
262895,2,2
240376,2,2
222885,2,2
278491,2,2
31983,2,2
162707,2,2
10564,2,2
64028,2,2
140410,2,2
120395,2,1
41806,2,2
237860,2,2
34651,2,2
18621,2,2
121695,2,2
141559,2,2
74617,2,2
92485,2,2
201551,2,2
233446,2,2
158610,2,2
262756,2,2
87939,2,2
128713,2,2
249756,2,2
256412,2,2
86512,2,2
144233,2,4
76162,2,2
221098,2,2
7377,2,2
39333,2,0
60662,2,2
19152,2,2
170382,2,2
10488,2,2
282585,2,2
155914,2,2
150150,2,2
256937,2,2
49977,2,2
87711,2,2
21899,2,2
18666,2,2
190922,2,2
111191,2,7
239383,2,2
21208,2,2
290712,2,2
241810,2,1
234356,2,2
131873,2,2
205315,2,2
23457,2,2
252818,2,2
22828,2,2
170864,2,1
30124,2,2
39238,2,2
270477,2,2
95482,2,2
81925,2,2
120847,2,2
293821,2,2
196696,2,2
184725,2,2
156222,2,2
267280,2,2
239387,2,2
89998,2,2
87007,2,2
55599,2,1
896,2,2
211010,2,2
140035,2,2
131913,2,2
105658,2,2
161662,2,2
287463,2,2
52670,2,2
11903,2,2
171068,2,2
15451,2,5
167823,2,2
98701,2,2
40497,2,5
192635,2,2
269751,2,1
194451,2,2
107896,2,1
168930,2,2
158309,2,2
288391,2,2
19554,2,2
263709,2,2
162504,2,2
50662,2,2
98178,2,1
76788,2,1
160606,2,2
53072,2,2
50417,2,2
218150,2,2
37862,2,2
237293,2,2
226331,2,2
291500,2,2
163799,2,2
160111,2,2
121653,2,2
34345,2,2
284714,2,2
91748,2,2
73066,2,2
112101,2,2
133161,2,1
208681,2,2
40584,2,2
7709,2,2
260260,2,2
266146,2,2
277741,2,2
187969,2,2
120464,2,2
278130,2,2
251612,2,1
224895,2,2
46013,2,1
110409,2,2
232581,2,2
160883,2,1
291506,2,2
4012,2,2
263141,2,1
258846,2,2
47654,2,2
223329,2,2
161989,2,2
195761,2,2
259064,2,2
175896,2,1
248691,2,2
83473,2,2
87044,2,2
47414,2,3
143510,2,2
140061,2,2
88123,2,2
78040,2,2
251393,2,2
74929,2,2
156615,2,2
73925,2,2
31980,2,2
122900,2,2
153227,2,2
243858,2,2
160656,2,1
267054,2,2
15623,2,2
23179,2,2
238156,2,2
217435,2,2
228860,2,2
128363,2,2
273319,2,2
31534,2,2
130392,2,2
186969,2,1
168156,2,2
252227,2,2
249747,2,2
288458,2,2
87104,2,2
171973,2,2
149213,2,2
9548,2,2
3802,2,2
100288,2,2
264685,2,2
247225,2,2
114484,2,2
251719,2,2
95265,2,2
17389,2,2
181975,2,2
140168,2,2
233889,2,2
65592,2,2
34842,2,2
141978,2,2
87028,2,2
137889,2,2
34826,2,2
86134,2,2
271714,2,2
289847,2,2
174085,2,2
57222,2,2
39452,2,2
183880,2,2
115402,2,2
206051,2,1
262175,2,2
138039,2,2
246142,2,2
255406,2,2
260071,2,2
207239,2,1
266433,2,1
248009,2,2
232079,2,1
47161,2,2
18398,2,0
4681,2,2
164902,2,2
252912,2,2
43815,2,2
258140,2,2
199499,2,2
262044,2,2
260491,2,2
92024,2,2
164353,2,2
31474,2,2
163937,2,2
122186,2,2
47877,2,2
77429,2,2
5184,2,2
39328,2,2
256874,2,1
81145,2,2
271836,2,2
172137,2,2
35221,2,1
239682,2,1
197488,2,2
258551,2,1
265391,2,2
207229,2,2
267315,2,2
226920,2,2
68559,2,1
67414,2,2
61047,2,2
228533,2,2
194857,2,5
248707,2,2
226129,2,2
256064,2,2
45158,2,2
269349,2,7
108274,2,2
109623,2,2
250914,2,5
259313,2,1
98287,2,1
74274,2,2
270535,2,2
174693,2,1
239994,2,2
155255,2,2
247127,2,2
115169,2,2
49397,2,2
248574,2,2
96256,2,2
205837,2,2
241727,2,2
109366,2,2
51104,2,2
192168,2,2
24738,2,2
259937,2,2
160769,2,2
112936,2,2
185487,2,2
245176,2,2
44149,2,2
80658,2,2
212041,2,1
273398,2,2
157622,2,2
103352,2,2
196837,2,2
226172,2,1
6958,2,2
116208,2,2
172255,2,2
89023,2,2
252825,2,2
163105,2,2
264495,2,2
251189,2,2
37485,2,1
290122,2,1
119931,2,2
267343,2,2
110644,2,2
11718,2,2
32617,2,2
246718,2,1
132583,2,2
214820,2,2
207737,2,2
37582,2,2
249858,2,5
61301,2,2
118188,2,1
263777,2,2
154331,2,2
262145,2,2
242639,2,2
64379,2,2
25143,2,2
86511,2,2
191660,2,2
273202,2,2
252331,2,2
192488,2,2
79114,2,2
168662,2,1
3430,2,2
215817,2,2
187378,2,2
44222,2,2
269723,2,2
43936,2,2
256810,2,2
17179,2,2
152986,2,2
272813,2,1
50989,2,2
35529,2,2
231588,2,2
261778,2,2
112781,2,2
227160,2,2
186701,2,2
176710,2,2
52006,2,2
129134,2,2
249480,2,2
43855,2,2
169319,2,2
278152,2,2
267642,2,2
230586,2,2
269100,2,2
294844,2,2
59026,2,2
224419,2,2
292766,2,2
60628,2,2
47682,2,2
100434,2,1
120519,2,2
69952,2,2
52784,2,2
265882,2,2
32756,2,2
214590,2,0
81600,2,2
85607,2,2
244218,2,2
135376,2,2
109532,2,2
87670,2,2
287449,2,2
205179,2,2
115896,2,1
204511,2,0
69690,2,2
262927,2,2
210840,2,2
133044,2,2
84188,2,1
110937,2,2
91609,2,2
158858,2,2
131487,2,2
283040,2,1
161090,2,1
138910,2,2
163555,2,2
10307,2,2
18879,2,2
229551,2,2
14974,2,2
38806,2,2
272361,2,1
144803,2,2
152343,2,2
125609,2,2
74192,2,2
111232,2,2
279871,2,2
259639,2,2
247553,2,2
263968,2,2
185960,2,2
86729,2,2
76551,2,2
201380,2,2
260990,2,4
249446,2,2
76148,2,2
185911,2,2
28301,2,1
264504,2,2
266449,2,2
255621,2,2
150737,2,7
1508,2,2
213644,2,2
250400,2,2
94122,2,5
18143,2,2
214819,2,2
53278,2,2
238406,2,2
84145,2,2
272006,2,2
57313,2,2
71217,2,2
248726,2,2
227196,2,2
131023,2,2
254714,2,2
120879,2,5
91521,2,2
154531,2,2
210151,2,2
106231,2,2
85259,2,2
238617,2,2
226830,2,2
256408,2,2
120029,2,2
166633,2,2
157280,2,2
67157,2,2
243414,2,2
73713,2,2
36189,2,2
253129,2,2
64115,2,2
140078,2,2
148344,2,5
200391,2,2
7995,2,1
197105,2,2
235979,2,2
161180,2,2
68406,2,2
261659,2,2
111066,2,2
180913,2,2
250890,2,2
228835,2,2
128007,2,2
85642,2,2
256988,2,2
151841,2,2
262201,2,2
182365,2,2
23069,2,2
252817,2,2
201244,2,2
110946,2,2
246586,2,2
256381,2,2
186141,2,2
175478,2,2
57807,2,1
252709,2,2
23277,2,2
158510,2,1
174083,2,2
263340,2,2
175895,2,2
167710,2,2
18598,2,2
49198,2,2
25158,2,2
62015,2,2
18835,2,2
263149,2,1
109279,2,2
61832,2,2
194295,2,2
174970,2,2
186334,2,2
95283,2,2
261371,2,1
271647,2,2
70586,2,1
254170,2,2
47474,2,2
173769,2,2
85094,2,2
219846,2,2
126302,2,2
220914,2,2
175729,2,2
50562,2,2
108239,2,2
82158,2,2
116301,2,2
256070,2,2
250851,2,2
262805,2,2
52395,2,2
140012,2,2
241755,2,4
57926,2,2
63348,2,2
193998,2,2
257829,2,3
276995,2,2
261163,2,2
196636,2,1
79740,2,2
52345,2,2
53226,2,2
247488,2,2
270825,2,2
225964,2,2
97817,2,2
21683,2,2
240371,2,2
245097,2,2
204148,2,2
170507,2,2
272625,2,2
243381,2,2
251854,2,2
156095,2,2
233348,2,2
186230,2,2
222316,2,2
97936,2,1
132498,2,2
162459,2,2
188217,2,2
139496,2,2
228654,2,2
54296,2,2
26975,2,2
158453,2,1
191940,2,2
175391,2,1
282955,2,2
266535,2,2
7983,2,2
165259,2,2
198895,2,2
140033,2,7
32383,2,2
41431,2,2
255097,2,2
28711,2,2
290964,2,2
34277,2,2
17547,2,2
69490,2,2
163202,2,2
194860,2,2
257957,2,2
10641,2,2
84441,2,2
263626,2,2
148721,2,2
155653,2,2
167053,2,1
237103,2,2
40476,2,2
230035,2,1
18579,2,2
145658,2,2
181468,2,2
91571,2,2
76690,2,2
118412,2,2
142681,2,1
98552,2,1
127249,2,2
163271,2,2
288415,2,2
152137,2,1
35421,2,2
254,2,2
247027,2,2
241686,2,2
176187,2,2
219616,2,2
125625,2,2
150444,2,2
263841,2,2
262352,2,2
115467,2,2
88139,2,2
73866,2,2
188919,2,1
181005,2,2
273623,2,2
255389,2,2
83201,2,2
116129,2,2
237542,2,2
223135,2,2
4939,2,2
194071,2,5
40337,2,3
243515,2,2
107468,2,0
119528,2,2
245558,2,2
88987,2,1
211502,2,2
24491,2,2
252762,2,2
228197,2,2
194388,2,2
79779,2,2
94812,2,2
213911,2,1
1687,2,2
246727,2,2
177318,2,2
255444,2,2
227953,2,2
291986,2,2
222958,2,2
58260,2,2
91666,2,2
80294,2,2
67622,2,2
254658,2,2
56118,2,2
164430,2,2
255898,2,2
175407,2,2
216135,2,2
64966,2,2
229397,2,2
265308,2,1
189025,2,2
92882,2,2
57075,2,2
118072,2,2
184220,2,2
220829,2,2
196106,2,2
222825,2,1
84983,2,2
10798,2,2
8345,2,2
142412,2,2
220825,2,2
264876,2,2
40494,2,2
184311,2,2
136730,2,2
194735,2,2
76074,2,2
167716,2,2
167136,2,2
238951,2,2
217440,2,2
249263,2,2
145134,2,2
251327,2,2
172340,2,2
19749,2,2
27294,2,7
213178,2,1
242860,2,2
213915,2,2
246933,2,2
221407,2,2
120796,2,2
14172,2,2
108363,2,2
65458,2,3
96546,2,2
154366,2,2
38361,2,2
75565,2,2
201931,2,2
248723,2,2
78917,2,2
211379,2,2
73512,2,2
248115,2,2
115323,2,2
25308,2,2
10653,2,2
67865,2,1
222181,2,2
237976,2,2
66747,2,2
244024,2,2
214909,2,2
162215,2,2
151677,2,2
272291,2,2
213650,2,1
36150,2,1
180928,2,2
135505,2,2
123367,2,2
29929,2,2
76382,2,2
154111,2,2
25256,2,2
151438,2,2
174971,2,2
60573,2,2
215120,2,1
123103,2,1
186662,2,2
251284,2,2
265286,2,2
138879,2,2
288076,2,2
254305,2,2
178483,2,2
192571,2,2
21428,2,5
184323,2,2
218411,2,2
239879,2,2
630,2,2
188126,2,2
153565,2,2
205888,2,1
14224,2,2
93932,2,2
222075,2,2
53845,2,2
128017,2,2
235330,2,2
140830,2,2
26715,2,2
2521,2,2
241837,2,2
268764,2,2
278743,2,2
7889,2,2
128977,2,2
206217,2,2
108402,2,2
36345,2,2
268398,2,2
10579,2,2
194395,2,3
178179,2,2
247384,2,2
229600,2,2
265575,2,2
265491,2,2
246983,2,2
204127,2,2
21500,2,2
14887,2,2
9752,2,2
100839,2,3
16738,2,2
14415,2,5
130599,2,2
91211,2,2
260167,2,2
58533,2,7
248592,2,2
104039,2,2
265732,2,2
55322,2,2
2807,2,2
224521,2,5
263984,2,2
252619,2,2
158867,2,2
136473,2,2
22946,2,2
204463,2,2
94838,2,2
59727,2,2
12979,2,2
193660,2,2
59632,2,2
109390,2,2
187946,2,2
7305,2,2
76982,2,2
271943,2,2
121200,2,2
170739,2,2
183463,2,2
9605,2,2
263647,2,2
261613,2,2
124321,2,5
264577,2,2
118112,2,5
273821,2,2
208278,2,2
211733,2,2
40914,2,1
159410,2,2
262957,2,2
234363,2,2
267219,2,3
145030,2,2
62229,2,2
183877,2,2
175738,2,2
14256,2,1
258541,2,2
141331,2,2
266444,2,2
101865,2,1
54634,2,7
187696,2,2
169426,2,2
272622,2,2
136941,2,2
256902,2,2
170982,2,2
112977,2,1
258035,2,2
139332,2,2
20583,2,2
28103,2,2
66764,2,2
44351,2,2
105740,2,2
263601,2,2
119262,2,2
71281,2,2
215765,2,2
30139,2,2
265931,2,1
238949,2,2
100000,2,2
11481,2,2
260748,2,2
204770,2,2
199,2,2
57780,2,2
119320,2,1
187242,2,2
81595,2,1
247202,2,2
193673,2,2
31856,2,2
267165,2,2
20330,2,2
190949,2,2
163826,2,0
264314,2,0
263277,2,2
246407,2,2
49726,2,2
172533,2,1
279212,2,2
284336,2,2
136406,2,5
257340,2,5
239324,2,2
133717,2,2
291923,2,2
210409,2,2
277577,2,2
235465,2,2
119080,2,2
92720,2,2
58678,2,2
277502,2,1
154535,2,2
44942,2,2
83730,2,5
196921,2,2
251080,2,2
48303,2,2
235759,2,2
75935,2,2
51452,2,2
162183,2,2
229059,2,2
121059,2,2
148777,2,2
53318,2,2
140493,2,2
131518,2,2
260595,2,2
265543,2,2
262241,2,2
184585,2,2
109075,2,2
163727,2,1
143631,2,2
167391,2,2
250056,2,2
111814,2,2
228071,2,2
208348,2,2
185793,2,2
170559,2,2
33843,2,2
36031,2,1
67962,2,2
273324,2,2
224349,2,2
41879,2,2
273109,2,1
44382,2,2
251462,2,2
135914,2,2
149369,2,7
153947,2,2
132225,2,2
83645,2,2
33640,2,2
154592,2,2
108131,2,1
256382,2,2
212148,2,2
222089,2,2
111505,2,1
192830,2,2
63135,2,1
235790,2,1
40684,2,1
268163,2,2
175544,2,2
92738,2,2
44868,2,2
155788,2,2
84501,2,1
61466,2,2
173200,2,2
228268,2,2
38048,2,2
48770,2,2
270543,2,2
273882,2,2
178264,2,2
74647,2,2
263516,2,2
109889,2,1
279492,2,0
51905,2,2
229262,2,2
262312,2,2
73253,2,2
264115,2,2
38676,2,2
135963,2,2
201877,2,2
157427,2,2
252218,2,2
60659,2,2
169026,2,2
271968,2,1
6543,2,1
71655,2,2
126875,2,2
151463,2,1
181901,2,2
112721,2,1
151177,2,2
205831,2,2
127008,2,2
83915,2,2
33560,2,2
173376,2,2
155340,2,2
260955,2,2
72448,2,2
249638,2,2
153159,2,2
120877,2,5
209994,2,2
260179,2,2
31859,2,7
262004,2,2
48496,2,2
81958,2,2
36305,2,2
138427,2,2
139616,2,1
68690,2,2
178237,2,2
35633,2,2
11711,2,2
29911,2,2
95229,2,2
220774,2,2
266386,2,2
95841,2,2
137752,2,2
255909,2,2
265932,2,2
251221,2,2
272479,2,1
215298,2,2
109083,2,2
184771,2,2
49849,2,2
152093,2,2
257584,2,2
190674,2,2
237966,2,2
263540,2,2
206116,2,2
100340,2,1
120790,2,2
16228,2,2
116606,2,2
44473,2,2
236267,2,1
115742,2,2
151492,2,2
30098,2,1
2821,2,2
127283,2,2
266797,2,2
58621,2,2
262772,2,2
101384,2,2
291579,2,2
233732,2,0
273449,2,2
170603,2,1
96890,2,2
81550,2,2
57524,2,2
25515,2,2
144098,2,2
4370,2,2
2230,2,7
275529,2,2
87542,2,2
213686,2,2
249654,2,1
269906,2,2
170661,2,2
841,2,1
173210,2,2
129697,2,2
177833,2,1
129353,2,1
112145,2,2
266743,2,2
70426,2,2
58595,2,2
136948,2,2
96056,2,2
142549,2,1
247702,2,2
77780,2,7
92381,2,2
249658,2,2
197916,2,2
272530,2,2
266344,2,2
211896,2,1
187753,2,2
154109,2,1
174890,2,2
142339,2,2
35672,2,1
91762,2,2
79328,2,2
101177,2,2
69251,2,1
188647,2,2
21323,2,1
86152,2,2
199748,2,2
213337,2,1
143309,2,2
215056,2,2
103256,2,2
159326,2,2
134463,2,2
286269,2,2
80442,2,2
257837,2,2
207901,2,1
273653,2,2
3737,3,1
3123,3,1
143370,3,3
92983,3,1
122442,3,3
26706,3,3
253367,3,1
268735,3,3
161496,3,3
207761,3,3
41833,3,3
200426,3,6
28671,3,3
90955,3,1
168841,3,6
185982,3,3
19292,3,3
199353,3,3
186998,3,3
134529,3,3
23260,3,1
33940,3,3
194740,3,3
11448,3,6
195903,3,3
162057,3,3
68825,3,3
22432,3,3
100911,3,3
149445,3,6
70090,3,3
71946,3,3
56376,3,3
179879,3,3
122718,3,7
84047,3,3
131558,3,3
224100,3,6
232627,3,6
97240,3,3
292927,3,3
13767,3,3
249158,3,7
206622,3,3
110566,3,0
40030,3,3
117982,3,3
58415,3,3
62152,3,3
38869,3,4
256378,3,3
1927,3,3
162529,3,3
32064,3,3
123840,3,3
76457,3,6
50002,3,3
274304,3,3
159050,3,3
108449,3,3
20809,3,3
27198,3,3
205420,3,3
18403,3,3
235736,3,3
181564,3,3
38058,3,3
200261,3,3
35222,3,3
237419,3,1
48102,3,3
74903,3,3
143026,3,3
228453,3,3
118847,3,1
197890,3,3
45291,3,3
57267,3,5
197158,3,3
68434,3,6
241162,3,3
23217,3,0
224150,3,3
223362,3,7
138633,3,7
106329,3,3
181869,3,3
245375,3,3
178568,3,3
33562,3,3
134257,3,3
30614,3,3
38537,3,3
126600,3,3
15943,3,3
10051,3,3
96474,3,3
213432,3,3
262121,3,3
30446,3,3
231650,3,3
59252,3,3
168890,3,3
77524,3,6
67495,3,3
195830,3,4
29819,3,3
37992,3,6
47658,3,3
129440,3,3
173011,3,7
187252,3,3
154249,3,3
33811,3,0
211348,3,7
179422,3,6
235922,3,3
12042,3,3
108817,3,3
228479,3,3
76532,3,3
167623,3,3
8386,3,0
45268,3,1
43749,3,3
124640,3,3
6950,3,3
162697,3,3
59244,3,7
175728,3,3
132752,3,3
141589,3,0
145328,3,1
73395,3,3
37460,3,3
91234,3,3
274125,3,3
42107,3,3
133580,3,7
44409,3,3
34603,3,3
51077,3,3
141567,3,4
95311,3,0
128354,3,6
44696,3,3
229524,3,3
201098,3,3
234697,3,3
76845,3,6
245475,3,3
105351,3,6
203193,3,3
286241,3,3
130908,3,3
244697,3,3
194160,3,3
79536,3,3
23861,3,1
254778,3,3
3872,3,7
75987,3,3
30441,3,3
118974,3,1
77626,3,3
197849,3,3
96058,3,3
120722,3,7
234628,3,3
54953,3,3
233165,3,3
10507,3,3
35680,3,5
123096,3,6
41576,3,3
153078,3,3
113975,3,3
97608,3,3
11487,3,3
159141,3,6
62819,3,3
38576,3,3
221210,3,3
164397,3,3
122880,3,6
39388,3,3
213475,3,3
241988,3,6
269992,3,6
131119,3,3
220754,3,0
205790,3,3
38870,3,4
71184,3,3
46284,3,3
152436,3,3
13330,3,3
158310,3,3
207227,3,3
199024,3,6
113892,3,3
2742,3,3
225771,3,1
229080,3,3
172064,3,7
36585,3,3
12886,3,3
200802,3,1
213260,3,3
172023,3,3
261758,3,3
220085,3,3
15151,3,3
66768,3,3
49203,3,3
54703,3,3
95510,3,6
238744,3,3
70499,3,6
174714,3,6
156440,3,6
112282,3,5
152206,3,3
240630,3,3
244231,3,3
154184,3,6
13143,3,3
185732,3,7
49710,3,3
131626,3,3
106468,3,3
27900,3,3
183419,3,3
182172,3,3
211641,3,3
7424,3,7
55012,3,3
158818,3,3
62861,3,3
283075,3,3
38446,3,3
64086,3,3
75881,3,3
283409,3,0
93566,3,7
265620,3,0
238906,3,1
72099,3,7
14003,3,7
70046,3,0
23326,3,3
277659,3,5
34926,3,7
210951,3,3
109093,3,3
120081,3,3
206007,3,3
240213,3,5
30801,3,3
172301,3,3
119338,3,6
114832,3,6
107346,3,0
184258,3,1
268373,3,7
255530,3,4
149929,3,3
233773,3,3
97270,3,3
45179,3,6
92478,3,3
206646,3,3
81801,3,6
255680,3,3
158791,3,3
34126,3,3
186157,3,6
65560,3,4
181557,3,3
6977,3,3
207155,3,1
113769,3,3
86258,3,6
57866,3,3
249614,3,3
84719,3,3
143800,3,3
88385,3,3
260786,3,7
14950,3,3
208084,3,3
88717,3,3
208646,3,6
199422,3,3
84872,3,3
145669,3,3
82443,3,6
23389,3,3
78781,3,3
266168,3,3
211666,3,6
160469,3,5
110629,3,3
223975,3,3
150478,3,3
24272,3,3
181981,3,3
54661,3,3
263481,3,3
100377,3,3
13089,3,4
226555,3,3
173876,3,0
96108,3,3
47829,3,3
152948,3,3
204911,3,3
175157,3,3
269243,3,1
108564,3,3
212303,3,3
53800,3,6
112832,3,3
150596,3,3
244956,3,3
14945,3,6
283695,3,3
21848,3,4
97131,3,3
15834,3,3
25390,3,3
46444,3,3
2326,3,7
40222,3,3
34314,3,3
123101,3,3
208182,3,3
157338,3,3
114980,3,3
4369,3,1
89417,3,7
95917,3,6
97841,3,4
232749,3,3
12582,3,3
41444,3,3
92324,3,3
91479,3,3
100035,3,3
71047,3,3
89177,3,4
291194,3,0
164603,3,3
222270,3,3
107431,3,3
128554,3,4
165371,3,3
258580,3,7
293488,3,3
233277,3,3
234959,3,7
70907,3,3
151596,3,3
17550,3,0
111561,3,3
54726,3,7
138539,3,3
236929,3,3
50162,3,3
177721,3,3
10364,3,0
68239,3,3
104078,3,3
15029,3,1
185345,3,3
213193,3,4
163248,3,3
13863,3,3
60282,3,3
117148,3,3
82599,3,3
28688,3,3
27660,3,3
217611,3,6
285982,3,3
149623,3,6
176995,3,3
242706,3,3
55630,3,0
226108,3,7
87304,3,1
20252,3,3
138867,3,3
113302,3,6
262179,3,7
218177,3,3
10858,3,3
48425,3,3
284127,3,3
150137,3,3
52853,3,3
164804,3,3
243052,3,3
284154,3,5
154639,3,7
229375,3,6
166460,3,3
107163,3,3
131783,3,3
117701,3,0
16605,3,3
54142,3,3
76286,3,3
255535,3,7
52823,3,3
230001,3,3
69475,3,5
85855,3,3
182353,3,3
164125,3,3
106479,3,3
88746,3,3
65180,3,3
177252,3,3
70695,3,7
159188,3,4
26944,3,6
192796,3,1
118172,3,3
72264,3,7
85296,3,6
285521,3,3
212652,3,3
177162,3,3
110842,3,3
293323,3,1
142833,3,6
56417,3,3
227800,3,3
260551,3,3
17349,3,3
25700,3,3
23146,3,3
257904,3,7
65740,3,1
58006,3,3
105923,3,3
199355,3,6
140180,3,0
56660,3,3
15282,3,3
70094,3,3
107550,3,3
78866,3,3
234583,3,3
200028,3,6
157478,3,3
178742,3,0
65107,3,3
166854,3,6
164970,3,5
33133,3,3
198929,3,3
162139,3,3
78906,3,6
209558,3,7
65625,3,3
17943,3,3
183751,3,3
227234,3,3
4005,3,3
54468,3,6
164722,3,3
109943,3,3
76737,3,6
48363,3,3
114129,3,3
151337,3,6
22095,3,3
275111,3,7
57679,3,3
14204,3,6
68158,3,7
25525,3,3
110436,3,3
140169,3,1
20510,3,3
191452,3,3
255025,3,3
266687,3,4
66657,3,3
186678,3,2
108076,3,3
264044,3,3
155127,3,5
264470,3,3
85931,3,3
273191,3,6
34434,3,4
22042,3,3
150289,3,3
250403,3,3
216317,3,7
171552,3,3
96570,3,6
32639,3,3
203341,3,3
87750,3,6
134085,3,3
140494,3,3
55427,3,3
28572,3,3
236379,3,6
191451,3,3
51849,3,7
62757,3,3
80051,3,3
74736,3,0
13680,3,3
217081,3,7
11025,3,6
285890,3,3
176848,3,3
160867,3,0
225699,3,7
258392,3,3
98920,3,3
70043,3,6
142172,3,5
215635,3,3
122232,3,3
197334,3,7
208817,3,3
33485,3,3
293935,3,3
135983,3,6
135287,3,6
118779,3,3
233947,3,3
227930,3,1
170075,3,6
200376,3,3
120047,3,3
155479,3,1
35098,3,3
13403,3,3
142669,3,3
77226,3,3
259844,3,3
240583,3,3
234207,3,3
71038,3,3
157605,3,6
226871,3,3
41230,3,1
436,3,3
193060,3,3
198884,3,3
92364,3,3
268465,3,6
116545,3,3
50478,3,1
122983,3,3
47513,3,3
211945,3,3
227576,3,3
148668,3,3
85537,3,3
153676,3,3
175046,3,0
19312,3,3
62989,3,3
168892,3,3
96443,3,3
278033,3,7
16836,3,3
90394,3,3
173921,3,3
165430,3,3
145133,3,1
97460,3,3
57325,3,6
148332,3,3
108979,3,3
224229,3,3
67578,3,3
176558,3,7
29859,3,3
40906,3,6
155122,3,3
229996,3,3
150030,3,3
136660,3,3
53058,3,3
86139,3,6
88818,3,3
108388,3,3
119203,3,3
102979,3,1
68822,3,0
212407,3,0
39976,3,3
250945,3,3
228491,3,0
117373,3,3
2762,3,7
91547,3,3
216992,3,7
267566,3,3
260480,3,3
257683,3,3
141737,3,0
116731,3,3
258328,3,6
34613,3,3
80874,3,3
20374,3,3
161176,3,1
254839,3,3
56837,3,3
26371,3,5
186896,3,4
217243,3,3
174492,3,6
254322,3,7
98523,3,3
116455,3,6
19697,3,4
52711,3,3
100350,3,7
163467,3,6
57135,3,3
247651,3,7
235872,3,3
109733,3,1
145041,3,3
198659,3,3
213304,3,3
188652,3,1
4911,3,3
16867,3,6
230160,3,3
49181,3,3
231662,3,6
211239,3,3
242923,3,3
166341,3,3
61462,3,3
275833,3,3
20632,3,3
216445,3,0
212710,3,3
143400,3,3
84094,3,6
91217,3,3
81116,3,3
136286,3,3
205740,3,3
13373,3,3
153583,3,3
86678,3,3
127410,3,6
7331,3,3
181516,3,3
154471,3,3
71976,3,3
222813,3,7
101079,3,3
160322,3,3
113662,3,3
128235,3,3
249940,3,4
199644,3,6
179951,3,5
37809,3,3
266404,3,4
209578,3,3
110086,3,3
148793,3,3
126558,3,6
228873,3,3
39327,3,4
283766,3,1
245485,3,7
238867,3,1
8734,3,4
121860,3,0
8832,3,3
161999,3,3
81986,3,3
207356,3,3
126415,3,3
226907,3,3
238893,3,7
205927,3,3
16387,3,3
131782,3,7
235247,3,3
140675,3,3
145103,3,3
135340,3,3
293631,3,3
244635,3,3
178602,3,3
225676,3,3
228869,3,3
193722,3,6
280222,3,3
47898,3,6
177185,3,7
111723,3,3
44865,3,3
127291,3,3
91112,3,3
93480,3,3
285771,3,3
259630,3,3
176821,3,3
222857,3,3
207003,3,6
185328,3,3
171961,3,3
184859,3,3
57276,3,3
198926,3,3
85249,3,3
292743,3,1
132606,3,3
185139,3,3
134212,3,3
239403,3,3
69125,3,6
134279,3,3
228057,3,3
272895,3,3
220416,3,1
173780,3,3
89028,3,3
275203,3,3
75940,3,6
241858,3,3
117945,3,3
1050,3,3
239462,3,3
85600,3,3
124534,3,3
252170,3,3
882,3,6
127350,3,3
219887,3,3
273381,3,3
36424,3,3
173963,3,4
150638,3,3
106542,3,3
116599,3,3
213385,3,3
23027,3,3
208449,3,5
84426,3,3
234870,3,6
179983,3,1
174533,3,3
208899,3,3
1005,3,0
203545,3,3
184876,3,1
63856,3,3
155000,3,3
46445,3,3
109631,3,3
58689,3,3
187748,3,1
76146,3,3
230892,3,3
128709,3,3
118718,3,3
249340,3,0
198691,3,3
87704,3,3
117588,3,6
88272,3,0
212556,3,7
127935,3,3
27535,3,3
204615,3,6
262310,3,3
114245,3,3
253032,3,4
167328,3,3
107370,3,6
122927,3,7
96887,3,3
175594,3,3
102188,3,3
9662,3,4
283476,3,3
201745,3,6
86092,3,3
46546,3,3
219025,3,3
258353,3,4
125649,3,6
190873,3,3
226252,3,3
143486,3,5
171340,3,3
251613,3,7
78630,3,3
140049,3,7
17501,3,3
269234,3,3
231678,3,1
169153,3,3
265587,3,7
108907,3,7
62235,3,7
22211,3,3
107563,3,3
88339,3,3
132352,3,3
58954,3,3
177678,3,3
152324,3,6
40854,3,3
140159,3,3
50640,3,3
232746,3,3
89527,3,3
89600,3,3
219806,3,6
183828,3,7
80557,3,3
31381,3,0
144558,3,3
117591,3,1
107056,3,3
103605,3,3
160720,3,7
183930,3,3
154615,3,3
277207,3,6
93671,3,3
115549,3,3
109490,3,3
232192,3,3
61268,3,3
50321,3,3
191688,3,3
33286,3,3
261867,3,3
246384,3,7
157549,3,3
35248,3,3
47636,3,3
35485,3,3
210806,3,3
250808,3,7
139174,3,3
134394,3,1
125549,3,3
236695,3,3
195985,3,3
263452,3,1
5266,3,4
73498,3,3
194503,3,3
109781,3,3
86177,3,3
163941,3,3
154146,3,3
281729,3,3
175740,3,3
222306,3,3
14644,3,3
79052,3,3
119895,3,3
46087,3,3
113124,3,3
266094,3,5
30964,3,3
51145,3,7
53931,3,4
66360,3,3
222998,3,7
17598,3,4
111242,3,3
119247,3,3
56770,3,3
143055,3,1
206980,3,6
88264,3,3
1909,3,0
56297,3,1
142812,3,3
31537,3,1
234255,3,3
169404,3,4
141168,3,3
124177,3,6
206594,3,3
180563,3,3
36460,3,0
165023,3,3
84066,3,3
127693,3,3
53907,3,3
124158,3,3
113628,3,3
122310,3,3
65136,3,3
85083,3,6
256476,3,3
82048,3,3
15543,3,3
141491,3,3
264563,3,5
154926,3,3
154278,3,3
204065,3,3
52692,3,6
207399,3,3
129152,3,3
175172,3,3
67747,3,3
126036,3,6
181887,3,3
158487,3,3
71470,3,3
189058,3,1
214034,3,3
217302,3,3
152308,3,3
135458,3,6
1813,3,6
236401,3,3
153185,3,3
187159,3,3
95242,3,3
148829,3,3
285382,3,3
228917,3,3
176262,3,3
107045,3,1
252242,3,3
278041,3,3
134676,3,7
265835,3,7
144799,3,6
187249,3,3
188114,3,3
216398,3,3
106410,3,3
10779,3,3
103587,3,3
176643,3,3
241796,3,3
56969,3,3
130910,3,3
159043,3,7
48443,3,7
143277,3,3
157470,3,1
286402,3,3
126838,3,3
164733,3,3
117135,3,3
234732,3,3
47739,3,3
234097,3,3
238398,3,5
161696,3,3
220907,3,7
181304,3,7
171241,3,3
115597,3,3
214627,3,6
219314,3,6
188670,3,3
173426,3,3
165717,3,3
110526,3,3
85385,3,6
119441,3,6
157496,3,3
197038,3,3
67292,3,6
247632,3,3
245587,3,3
61767,3,3
156356,3,3
4341,3,3
236502,3,1
28123,3,3
229309,3,3
26669,3,3
242812,3,3
282556,3,3
162240,3,3
49661,3,1
81048,3,3
65538,3,3
134160,3,3
258826,3,3
176451,3,3
201351,3,3
10901,3,3
41836,3,3
230440,3,3
130784,3,3
74075,3,3
225218,3,3
40458,3,1
35510,3,3
36813,3,5
223423,3,3
169164,3,3
167279,3,1
284611,3,3
171913,3,6
234647,3,0
19269,3,3
156175,3,6
62884,3,3
25956,3,0
221614,3,3
241795,3,0
198921,3,3
232920,3,3
23148,3,6
55456,3,3
151712,3,3
138666,3,0
217738,3,3
71474,3,6
186715,3,3
175987,3,3
2321,3,3
261382,3,7
150365,3,3
241578,3,3
139546,3,3
19313,3,3
68688,3,1
166230,3,7
295270,3,1
26801,3,6
136410,3,3
76663,3,7
156609,3,1
188522,3,1
34844,3,3
161956,3,3
47141,3,3
4347,3,6
2508,3,3
209449,3,3
81892,3,3
264861,3,4
57756,3,3
206604,3,3
30541,3,7
241792,3,3
37967,3,3
242560,3,3
277433,3,5
291366,3,3
187864,3,4
113202,3,4
277154,3,0
180006,3,3
212313,3,3
33623,3,3
114725,3,3
2181,3,0
125553,3,0
245579,3,1
43768,3,1
88574,3,3
57875,3,0
144025,3,3
209817,3,3
200603,3,4
166098,3,1
142621,3,3
253768,3,1
97119,3,3
203740,3,3
125316,3,3
73911,3,3
135930,3,6
184042,3,3
65845,3,3
133110,3,3
109627,3,6
82639,3,3
197810,3,3
125220,3,3
285551,3,4
96077,3,3
95848,3,7
33725,3,3
252159,3,4
207873,3,3
181238,3,3
225938,3,3
19131,3,3
83393,3,3
159077,3,3
23517,3,3
243816,3,3
55886,3,0
281716,3,6
121231,3,3
17337,3,3
39538,3,3
92447,3,3
70932,3,3
163275,3,3
126132,3,3
145222,3,3
109740,3,3
248177,3,3
17111,3,4
148019,3,1
177431,3,3
181539,3,6
257224,3,0
79640,3,3
32654,3,3
35875,3,3
265277,3,3
260386,3,3
459,3,1
150065,3,3
186635,3,3
196478,3,3
291460,3,3
208056,3,3
153232,3,3
108566,3,0
169227,3,3
165295,3,7
282716,3,3
133794,3,3
50639,3,1
259043,3,3
69630,3,3
236013,3,6
125711,3,1
69488,3,6
125643,3,4
127077,3,5
131146,3,3
208358,3,3
182008,3,3
177689,3,1
291545,3,3
212967,3,3
93559,3,3
207456,3,3
190840,3,3
137702,3,3
85925,3,3
159838,3,3
205356,3,6
55852,3,3
57169,3,3
98688,3,6
290405,3,3
117546,3,3
103479,3,3
264078,3,3
26961,3,3
229484,3,3
196593,3,6
212589,3,1
23675,3,6
107764,3,6
26378,3,3
111485,3,3
215772,3,1
216052,3,3
119349,3,3
59958,3,3
262771,3,5
209939,3,3
105783,3,3
234777,3,3
181247,3,3
266939,3,3
117326,3,3
83538,3,3
134512,3,3
201293,3,7
166372,3,3
31947,3,6
222034,3,3
173964,3,3
171348,3,3
77624,3,3
216303,3,3
238403,3,3
251512,3,7
259521,3,3
261618,3,3
49575,3,3
155825,3,3
176135,3,3
201172,3,3
264227,3,3
152005,3,6
237122,3,3
54920,3,3
172793,3,3
63859,3,3
222124,3,3
28214,3,3
187813,3,3
198280,3,3
142789,3,3
137347,3,1
35369,3,3
64593,3,3
223017,3,3
30898,3,3
125899,3,3
98540,3,3
130408,3,0
271989,3,3
8741,3,3
228234,3,6
16455,3,3
235704,3,3
191819,3,3
105893,3,3
111683,3,3
37823,3,3
169057,3,3
92370,3,3
256652,3,4
200437,3,3
79130,3,3
8027,3,3
267298,3,3
79745,3,3
65187,3,3
225053,3,3
180063,3,3
210438,3,3
66793,3,4
14621,3,3
156250,3,7
132838,3,3
38674,3,7
189005,3,3
90977,3,7
264566,3,7
210811,3,3
191873,3,3
19753,3,3
16425,3,3
84781,3,3
8651,3,3
184573,3,3
218327,3,3
260511,3,0
7713,3,3
249162,3,1
216946,3,3
87032,3,3
142194,3,3
8194,3,3
184997,3,7
164086,3,3
166752,3,3
179646,3,3
230830,3,3
47921,3,3
155542,3,3
194097,3,3
50242,3,3
192735,3,3
86909,3,3
136331,3,3
154510,3,3
205808,3,3
37398,3,3
48785,3,3
271019,3,1
7290,3,3
137188,3,3
91662,3,1
173350,3,0
156546,3,1
207762,3,3
45320,3,7
161930,3,6
239869,3,1
140771,3,3
148615,3,3
173910,3,1
10872,3,7
121349,3,3
121575,3,3
269062,3,3
97554,3,3
184406,3,6
175789,3,3
135550,3,3
46073,3,7
68978,3,3
80495,3,3
32596,3,0
124509,3,3
22881,3,3
152108,3,3
99010,3,3
231022,3,3
122330,3,3
179482,3,3
105751,3,6
110387,3,3
235375,3,7
278817,3,7
165681,3,1
49145,3,3
214602,3,6
56099,3,3
237245,3,3
126748,3,3
125179,3,6
57890,3,3
228247,3,3
79239,3,3
191320,3,3
205858,3,3
28035,3,3
45629,3,3
188166,3,3
33800,3,3
96280,3,1
78527,3,3
67862,3,6
5027,3,3
193565,3,3
213293,3,6
21854,3,3
68711,3,3
241113,3,7
100039,3,3
283812,3,3
236922,3,3
63367,3,3
52205,3,3
227055,3,3
234927,3,3
208799,3,3
89215,3,3
137771,3,3
76863,3,0
125783,3,3
152404,3,3
231217,3,3
129979,3,3
169244,3,0
130656,3,3
231518,3,1
49785,3,3
85814,3,7
9642,3,1
10803,3,3
194619,3,3
283339,3,3
64101,3,3
194463,3,3
239875,3,6
285801,3,3
212364,3,6
83152,3,5
30103,3,3
27204,3,7
126326,3,3
89084,3,1
166439,3,3
198737,3,3
228015,3,1
38422,3,3
237107,3,4
133330,3,3
58772,3,3
163645,3,3
28074,3,3
7948,3,3
188355,3,5
2592,3,3
4764,3,7
16442,3,3
58076,3,4
92322,3,1
219683,3,3
174459,3,3
128300,3,3
79851,3,3
75263,3,3
200424,3,3
257808,3,7
232838,3,3
36580,3,3
240477,3,1
84232,3,3
46603,3,3
177214,3,3
57353,3,3
262068,3,3
35922,3,3
138679,3,0
128121,3,7
275352,3,6
33178,3,3
139939,3,6
76122,3,7
178757,3,3
58046,3,3
200109,3,3
148270,3,3
203858,3,6
131114,3,3
171550,3,3
156802,3,7
237020,3,1
236603,3,3
2756,3,3
34228,3,3
11339,3,3
206751,3,3
93110,3,3
132486,3,3
81652,3,6
155487,3,7
253947,3,7
17521,3,3
195284,3,7
212207,3,3
173031,3,0
98429,3,6
8656,3,3
163254,3,6
161780,3,3
97360,3,1
163337,3,6
166265,3,5
150648,3,3
230948,3,4
76859,3,3
25805,3,3
158601,3,0
98738,3,3
16118,3,7
214731,3,3
54209,3,6
234391,3,3
228032,3,3
182187,3,1
36571,3,3
265908,3,3
152496,3,3
119290,3,3
128967,3,3
82759,3,3
56952,3,3
177111,3,3
166147,3,3
205977,3,3
291887,3,3
157404,3,3
89380,3,3
210683,3,3
35224,3,3
63828,3,3
9239,3,3
90054,3,3
159300,3,6
97090,3,3
172692,3,6
4980,3,3
108,3,6
178309,3,3
193744,3,1
243999,3,5
185167,3,3
222285,3,6
237274,3,3
77961,3,6
81465,3,3
176477,3,3
27298,3,6
137102,3,6
144649,3,6
16739,3,7
109245,3,3
243552,3,3
115034,3,3
98052,3,1
257367,3,4
64646,3,3
76194,3,7
100628,3,3
259206,3,6
89639,3,0
207954,3,1
211584,3,3
122837,3,3
18219,3,3
89976,3,3
110754,3,3
235933,3,5
156386,3,3
120697,3,3
223349,3,7
101590,3,3
154478,3,3
181600,3,7
51144,3,3
32449,3,1
46899,3,3
39547,3,3
179927,3,1
122322,3,3
156393,3,6
13683,3,3
17553,3,1
175578,3,6
172417,3,3
109556,3,0
86642,3,6
155593,3,3
272670,3,1
152261,3,1
155688,3,3
115158,3,6
125097,3,3
210640,3,7
138554,3,3
22077,3,3
143652,3,3
84281,3,3
136092,3,4
62346,3,3
155647,3,6
51339,3,3
209700,3,3
52650,3,7
155770,3,3
163692,3,6
194965,3,7
181629,3,0
15677,3,4
71992,3,3
233525,3,3
166232,3,3
244228,3,3
80151,3,3
144635,3,3
224824,3,3
255658,3,4
177922,3,4
172423,3,6
23995,3,6
32926,3,3
226983,3,5
1976,3,3
224337,3,3
222064,3,5
135792,3,5
155224,3,3
65209,3,7
288512,3,3
33130,3,3
92186,3,3
103184,3,3
242736,3,3
117805,3,3
62514,3,0
34785,3,3
158421,3,3
12158,3,3
197180,3,3
216543,3,6
260931,3,3
127216,3,3
9259,3,6
284842,3,3
263684,3,1
176243,3,3
22703,3,3
252578,3,7
63649,3,3
217606,3,3
212232,3,3
97842,4,5
47789,4,6
163494,4,5
238318,4,7
155331,4,4
65988,4,1
112178,4,4
57783,4,6
141117,4,7
130787,4,0
49921,4,4
268243,4,5
135652,4,4
239128,4,0
212089,4,4
46671,4,4
65120,4,5
107598,4,5
192269,4,3
41745,4,7
32867,4,4
259177,4,4
49101,4,4
262967,4,4
222327,4,5
277120,4,0
262081,4,2
188816,4,7
145323,4,1
157059,4,5
27592,4,2
41804,4,4
8398,4,7
14388,4,4
229324,4,3
156198,4,4
207652,4,5
169896,4,4
258785,4,4
174816,4,4
59448,4,4
191561,4,1
20452,4,4
282927,4,4
59605,4,4
2636,4,6
1591,4,3
98268,4,1
199941,4,3
260208,4,5
230947,4,1
171795,4,7
56424,4,4
62140,4,4
65020,4,4
45162,4,4
100699,4,4
261773,4,7
176358,4,3
77060,4,4
235657,4,4
20054,4,5
77052,4,4
252908,4,2
264420,4,0
168912,4,4
272036,4,4
234781,4,4
135602,4,4
70060,4,4
69370,4,4
30841,4,4
261588,4,4
270397,4,4
27405,4,4
251118,4,4
256873,4,4
167460,4,4
187640,4,4
171572,4,4
260536,4,4
263508,4,4
272240,4,2
207149,4,4
63305,4,6
205939,4,4
3683,4,4
205436,4,3
136324,4,0
152737,4,4
30853,4,0
100561,4,4
65396,4,7
283293,4,0
132100,4,4
28502,4,7
88796,4,1
94990,4,4
72842,4,6
273325,4,7
176348,4,4
190658,4,4
37929,4,4
100425,4,4
151106,4,4
61791,4,0
177942,4,4
253897,4,4
168133,4,0
118954,4,4
263268,4,5
251983,4,4
265668,4,4
183705,4,4
233809,4,4
149523,4,4
248741,4,5
105801,4,4
89033,4,4
263116,4,4
224699,4,3
42294,4,4
249995,4,2
200714,4,4
6869,4,6
92096,4,1
172383,4,4
291211,4,7
100079,4,4
231492,4,6
195227,4,4
96492,4,7
58495,4,5
200871,4,4
26984,4,4
81006,4,4
172355,4,0
270146,4,4
270187,4,4
40400,4,7
248252,4,2
83345,4,6
88583,4,5
228024,4,4
110450,4,4
144701,4,4
261976,4,0
76955,4,4
11011,4,7
19648,4,4
240772,4,4
10586,4,7
165535,4,4
75946,4,4
272380,4,4
256821,4,4
241637,4,4
187893,4,5
15500,4,2
59966,4,4
144242,4,4
173408,4,6
177671,4,0
74408,4,0
281601,4,4
34316,4,0
39331,4,4
238296,4,4
160025,4,0
139083,4,5
110652,4,7
170757,4,3
176063,4,4
218256,4,5
262112,4,4
185725,4,5
256030,4,4
75094,4,4
238372,4,4
66387,4,4
261853,4,4
277013,4,1
181490,4,4
233340,4,4
193503,4,5
11250,4,4
176474,4,0
261460,4,4
234619,4,4
205142,4,4
71408,4,4
162736,4,4
95831,4,3
83514,4,6
263080,4,2
229294,4,4
156368,4,4
71623,4,4
148899,4,2
27462,4,4
53396,4,1
156215,4,4
264437,4,2
65204,4,4
120219,4,2
128080,4,4
26490,4,0
171376,4,4
291512,4,4
48996,4,0
128950,4,4
166755,4,4
270362,4,7
7581,4,4
183867,4,4
127689,4,1
206868,4,6
230417,4,4
66414,4,4
54745,4,0
239108,4,4
247196,4,4
270198,4,4
255259,4,4
179537,4,4
265555,4,4
158004,4,4
223769,4,4
103467,4,4
255491,4,4
259329,4,0
54872,4,1
27371,4,3
246745,4,4
260869,4,2
241625,4,4
33330,4,6
278912,4,6
254828,4,4
246401,4,5
184083,4,4
268826,4,2
227629,4,3
79725,4,2
51510,4,5
259046,4,0
271995,4,0
181591,4,4
210183,4,4
58412,4,7
11362,4,4
233747,4,5
173513,4,6
257728,4,2
213157,4,5
247458,4,3
241114,4,4
272756,4,7
178130,4,5
179252,4,4
11119,4,0
14072,4,7
7608,4,7
262893,4,1
198458,4,4
243294,4,4
272095,4,0
151615,4,5
68085,4,1
270167,4,4
191235,4,4
200026,4,3
250100,4,2
273400,4,5
153828,4,7
149092,4,5
116739,4,4
258775,4,5
155966,4,4
195135,4,5
49566,4,0
270872,4,4
75608,4,6
228766,4,4
241433,4,3
286616,4,2
22343,4,3
277948,4,3
221931,4,4
18974,4,4
1276,4,7
44681,4,4
117833,4,4
46487,4,4
291959,4,5
198265,4,7
69738,4,4
118057,4,4
74638,4,4
125070,4,4
90657,4,4
37393,4,5
32399,4,5
249849,4,4
105768,4,4
174969,4,4
142100,4,4
239745,4,5
90946,4,5
214433,4,4
15616,4,0
82522,4,2
292589,4,7
286651,4,4
260860,4,4
215972,4,4
244288,4,6
154237,4,5
148227,4,4
141283,4,6
84028,4,5
258620,4,4
175291,4,7
90285,4,4
97058,4,4
176903,4,4
271749,4,2
254878,4,7
218062,4,4
119909,4,4
69221,4,5
259643,4,6
287509,4,4
31325,4,2
101481,4,6
69041,4,7
26643,4,4
76435,4,0
256583,4,4
245,4,6
165078,4,4
204142,4,4
185909,4,5
249828,4,4
110008,4,4
131996,4,4
80353,4,4
274766,4,7
294960,4,5
85246,4,7
255077,4,7
195947,4,4
114239,4,4
100679,4,5
193229,4,4
166028,4,6
273548,4,4
257140,4,4
177390,4,4
90773,4,0
260100,4,4
48060,4,5
22720,4,4
73089,4,4
156775,4,4
269139,4,4
272879,4,5
234562,4,4
164230,4,2
188436,4,5
56464,4,5
242900,4,4
271862,4,2
196412,4,3
159711,4,4
44533,4,3
239354,4,4
136439,4,2
84833,4,4
252125,4,1
133815,4,6
27159,4,6
263006,4,4
123271,4,7
271517,4,6
270080,4,0
114673,4,4
272758,4,7
85225,4,0
260171,4,4
95929,4,6
259300,4,4
221810,4,4
32318,4,7
89448,4,0
71413,4,4
58780,4,4
67579,4,7
82587,4,5
265497,4,4
164121,4,5
294500,4,7
25423,4,3
271521,4,3
53633,4,4
265456,4,4
209438,4,4
265223,4,0
293097,4,2
245889,4,7
243313,4,7
136200,4,4
47589,4,4
218237,4,4
66040,4,3
295214,4,0
151755,4,5
32875,4,3
141585,4,5
7169,4,4
275865,4,0
18606,4,4
269178,4,4
266733,4,4
225899,4,4
172517,4,3
170866,4,0
165562,4,4
67743,4,4
30335,4,6
259089,4,4
248570,4,4
36539,4,7
13489,4,1
274217,4,2
250222,4,4
36769,4,6
224454,4,1
58419,4,4
142850,4,4
134119,4,4
61096,4,4
127297,4,4
259130,4,4
59443,4,5
287784,4,4
158462,4,7
266082,4,1
227349,4,4
249093,4,7
149515,4,4
214606,4,4
224631,4,7
201698,4,7
60221,4,4
102463,4,2
17955,4,4
257190,4,4
108999,4,6
232155,4,5
245793,4,4
52220,4,4
6714,4,4
41705,4,7
58692,4,7
88386,4,4
11019,4,5
235284,4,3
223622,4,6
252518,4,4
242293,4,7
50939,4,7
112260,4,4
5087,4,7
165680,4,4
170243,4,4
38643,4,7
218913,4,4
249764,4,4
97596,4,3
1186,4,7
110405,4,5
178063,4,4
83340,4,4
85579,4,5
44759,4,5
26883,4,4
227659,4,0
11476,4,0
253535,4,4
261055,4,4
137368,4,4
78579,4,1
231237,4,4
161702,4,5
122140,4,0
196608,4,2
262168,4,5
153688,4,1
203762,4,4
249169,4,4
206400,4,4
293690,4,2
176967,4,5
7477,4,7
274732,4,4
295025,4,4
283340,4,4
99078,4,5
228452,4,4
98782,4,0
67402,4,4
185681,4,4
789,4,4
12027,4,6
175118,4,0
76445,4,4
127761,4,6
256087,4,4
213901,4,6
158297,4,4
187922,4,4
255878,4,4
101960,4,2
198962,4,4
203129,4,4
193645,4,4
56961,4,7
218986,4,4
167646,4,4
28570,4,5
204034,4,7
113050,4,2
181243,4,4
282618,4,4
255703,4,4
138259,4,4
125794,4,0
120875,4,4
123463,4,0
254099,4,7
269143,4,4
155498,4,3
128628,4,4
17517,4,4
138503,4,3
49858,4,4
231314,4,4
188392,4,4
268595,4,4
86178,4,4
94852,4,4
295059,4,4
89229,4,7
259894,4,4
238106,4,5
268704,4,7
255637,4,7
38064,4,3
69233,4,4
177067,4,4
76182,4,4
186138,4,4
23919,4,5
113922,4,4
201040,4,1
95797,4,4
245321,4,4
190471,4,4
20269,4,4
139879,4,0
8777,4,4
260489,4,7
270616,4,5
270085,4,4
166307,4,4
228458,4,7
99380,4,6
31320,4,7
254871,4,7
266732,4,4
26049,4,4
214569,4,4
133709,4,4
94943,4,4
153055,4,4
209186,4,0
270122,4,4
218302,4,4
51965,4,4
247618,4,4
109965,4,3
125402,4,4
251345,4,4
1934,4,4
72979,4,4
187234,4,3
250207,4,7
69627,4,4
54964,4,4
172727,4,4
110561,4,0
168888,4,4
24405,4,4
84829,4,6
115171,4,4
246628,4,4
140801,4,5
129862,4,4
238061,4,4
90456,4,4
259790,4,4
159183,4,7
289684,4,0
34095,4,0
197379,4,5
244268,4,4
170491,4,0
125958,4,7
86993,4,2
119455,4,4
138201,4,4
115043,4,7
209132,4,4
203809,4,4
258674,4,4
210110,4,5
196511,4,5
161787,4,6
194878,4,4
154519,4,7
253249,4,4
181789,4,7
94219,4,3
90472,4,4
39788,4,4
275581,4,2
260275,4,4
191390,4,7
2492,4,0
105703,4,4
74741,4,5
271475,4,4
94780,4,5
101229,4,2
165662,4,4
133059,4,4
248236,4,2
205126,4,4
132358,4,1
125378,4,6
224828,4,3
81112,4,4
125217,4,7
267217,4,4
205463,4,4
19147,4,5
267747,4,4
273568,4,4
251568,4,4
212399,4,4
119166,4,4
60425,4,7
51250,4,5
227284,4,4
252961,4,4
93719,4,2
181998,4,5
14334,4,7
63257,4,4
207281,4,5
87578,4,7
70537,4,4
79526,4,4
25180,4,4
280725,4,4
159404,4,0
253770,4,4
181992,4,4
154570,4,7
258261,4,4
267575,4,7
250891,4,2
24207,4,4
114994,4,4
284963,4,6
36144,4,4
201434,4,4
31344,4,6
231750,4,5
294661,4,2
207126,4,7
138441,4,4
232371,4,5
208286,4,4
86462,4,4
33694,4,4
246356,4,4
186103,4,4
166114,4,6
16942,4,4
126463,4,4
130490,4,4
163196,4,7
255758,4,7
209203,4,0
238413,4,4
63884,4,7
6875,4,4
254498,4,4
226832,4,4
137816,4,4
107794,4,7
259631,4,4
240146,4,7
65188,4,4
271319,4,4
119308,4,4
162798,4,6
258025,4,5
32864,4,4
80193,4,6
264425,4,4
209395,4,4
273700,4,7
261177,4,7
195898,4,4
196871,4,4
80838,4,5
44985,4,5
64910,4,4
116551,4,4
51728,4,6
14041,4,4
122018,4,5
69043,4,4
261026,4,4
261810,4,4
181809,4,4
258332,4,4
254171,4,6
27259,4,4
266085,4,4
257001,4,0
129822,4,7
139260,4,4
83908,4,5
60767,4,7
196496,4,3
173299,4,4
227526,4,0
10486,4,5
294045,4,4
186402,4,4
96368,4,4
150079,4,4
262021,4,0
182051,4,2
290856,4,4
254672,4,0
157697,4,7
254307,4,4
205413,4,4
137497,4,4
23654,4,2
73143,4,4
56920,4,4
128016,4,4
30109,4,2
90695,4,4
41775,4,4
258666,4,4
30156,4,3
108519,4,6
270909,4,4
10003,4,4
246153,4,7
60377,4,4
188328,4,4
173672,4,4
107602,4,4
258741,4,4
143526,4,4
179791,4,4
237816,4,4
133477,4,4
77927,4,6
113672,4,4
63261,4,4
22641,4,4
165666,4,4
106579,4,4
20389,4,4
206040,4,5
41291,4,6
117384,4,0
248302,4,3
126095,4,4
14133,4,4
60267,4,4
266882,4,5
58222,4,6
89287,4,4
269352,4,1
212147,4,7
51215,4,5
150954,4,6
21447,4,4
80239,4,6
68959,4,4
36473,4,4
229617,4,7
11161,4,4
254651,4,5
62252,4,0
178220,4,4
271584,4,5
161218,4,1
222989,4,1
15882,4,4
44731,4,0
239737,4,2
138389,4,4
208206,4,4
115939,4,4
9577,4,7
260922,4,4
120526,4,4
191709,4,4
206409,4,6
127194,4,7
143532,4,5
255632,4,5
226025,4,4
263182,4,2
11189,4,4
205777,4,4
45300,4,6
273118,4,6
141539,4,7
230570,4,4
20932,4,4
167942,4,5
156152,4,6
263100,4,3
174294,4,5
274938,4,4
94930,4,2
115303,4,4
185640,4,7
12333,4,0
263077,4,5
53941,4,4
28804,4,4
128913,4,4
13977,4,4
108998,4,5
29835,4,4
69926,4,7
285668,4,4
253806,4,2
253709,4,4
126131,4,4
266285,4,4
205801,4,4
76730,4,4
184780,4,7
57566,4,4
57786,4,4
80329,4,0
137403,4,4
79979,4,4
160464,4,3
260013,4,0
229085,4,4
227778,4,2
26377,4,4
49122,4,4
1578,4,4
105605,4,6
56310,4,4
264083,4,4
85053,4,4
285880,4,6
195661,4,4
254237,4,2
109680,4,0
201776,4,1
173971,4,3
260141,4,4
111503,4,5
118478,4,4
111567,4,4
140760,4,0
88009,4,4
133594,4,3
36843,4,4
267564,4,4
271817,4,4
259741,4,4
82590,4,4
109678,4,4
149427,4,0
244036,4,7
258073,4,4
255076,4,4
260151,4,4
557,4,5
112972,4,4
59619,4,6
31276,4,4
226812,4,5
178221,4,4
144097,4,4
168799,4,6
52833,4,6
214953,4,6
248598,4,4
81951,4,4
238643,4,4
76056,4,5
236185,4,3
14393,4,5
53946,4,4
282082,4,4
132295,4,4
62632,4,1
273777,4,4
251413,4,4
170576,4,4
7732,4,4
119643,4,4
129186,4,4
134115,4,4
213727,4,5
220395,4,4
17334,4,0
106781,4,3
28179,4,4
246097,4,4
236025,4,6
222445,4,4
16014,4,4
77160,4,5
259997,4,7
114501,4,3
11209,4,5
227993,4,6
183748,4,0
189226,4,5
142468,4,4
246904,4,4
76602,4,4
229710,4,4
59805,4,7
113169,4,5
267171,4,0
263703,4,4
173193,4,4
267306,4,2
255917,4,4
251542,4,2
157688,4,4
120300,4,4
140742,4,4
139018,4,0
232182,4,0
18838,4,4
36254,4,0
220193,4,4
120807,4,6
74326,4,4
67986,4,4
257336,4,7
16949,4,4
254786,4,4
247373,4,2
214152,4,4
106920,4,1
114117,4,5
82397,4,0
209646,4,5
224525,4,3
285901,4,4
66100,4,5
73273,4,2
263728,4,2
114993,4,5
191465,4,5
201051,4,4
247087,4,2
284695,4,4
109047,4,4
184273,4,4
282552,4,5
181308,4,4
69155,4,4
224948,4,2
108914,4,4
68136,4,4
231288,4,4
223635,4,4
131320,4,4
236211,4,1
116178,4,4
40326,4,4
193170,4,3
165581,4,7
253083,4,4
90145,4,4
232040,4,6
199525,4,7
25857,4,4
140267,4,7
247024,4,4
196516,4,7
210920,4,6
263174,4,4
33741,4,4
245807,4,4
257154,4,4
57690,4,4
256281,4,4
110702,4,2
270527,4,4
49142,4,4
128278,4,4
124668,4,1
151793,4,4
124566,4,4
220104,4,1
98164,4,4
7627,4,1
132247,4,4
192229,4,6
90984,4,7
91803,4,6
212512,4,7
22907,4,4
75709,4,4
71400,4,7
47110,4,4
65607,4,4
11028,4,7
246340,4,7
99146,4,7
52899,4,5
149518,4,3
150046,4,7
275451,4,4
58555,4,5
191788,4,0
119100,4,4
251110,4,7
156658,4,4
125131,4,4
38068,4,4
37474,4,5
96636,4,4
23315,4,4
260459,4,4
90177,4,7
61573,4,4
119718,4,6
32509,4,6
253203,4,4
32079,4,4
268485,4,7
273621,4,4
175165,4,4
193271,4,4
235477,4,4
27740,4,4
235688,4,4
263735,4,4
70822,4,4
264989,4,7
213891,4,5
97305,4,5
177681,4,4
186516,4,4
8523,4,4
32715,4,5
259144,4,4
255101,4,7
265547,4,7
7136,4,4
283008,4,4
263800,4,4
260256,4,4
160659,4,5
113285,4,7
156789,4,4
220775,4,7
272902,4,4
93954,4,3
81320,4,4
254783,4,4
263752,4,4
153181,4,7
99510,4,4
74211,4,6
51576,4,7
230260,4,4
163184,4,4
169925,4,4
116780,4,5
111162,4,4
258927,4,5
11181,4,5
112764,4,0
28093,4,4
243581,4,7
232687,4,4
256007,4,2
254721,4,4
39799,4,4
260140,4,2
41854,4,2
6767,4,4
17086,4,4
263214,4,4
185010,4,4
72304,4,7
123142,4,4
225793,4,3
222967,4,1
237868,4,7
109835,4,7
255780,4,4
33973,4,7
291316,4,4
55750,4,5
272934,4,4
273500,4,4
20791,4,7
267979,4,4
209640,4,4
213955,4,4
107735,4,2
93021,4,2
53488,4,0
131625,4,7
255404,4,1
106777,4,4
270880,4,4
118160,4,4
94586,4,4
127756,4,3
127290,4,3
78192,4,4
158576,4,4
220991,4,7
18796,4,7
20127,4,4
80896,4,7
58812,4,4
174341,4,4
211218,4,4
228094,4,4
27485,4,4
86024,4,7
244668,4,4
261637,4,4
5525,4,3
249751,4,4
285848,4,4
193113,4,4
247708,4,4
247435,4,0
150116,4,5
191218,4,0
272455,4,2
256012,4,4
23848,4,3
73745,4,5
163292,4,1
195507,4,4
131319,4,4
266068,4,2
241250,4,4
161822,4,7
59643,4,4
73367,4,4
239750,4,4
171245,4,0
58524,5,5
40173,5,5
52876,5,5
264386,5,5
90596,5,6
230517,5,5
159108,5,4
261054,5,5
201876,5,5
173761,5,5
96350,5,5
40565,5,5
164489,5,5
224486,5,5
188623,5,5
98879,5,5
239167,5,7
132038,5,6
230964,5,5
31981,5,5
133597,5,5
197582,5,0
137122,5,4
149921,5,5
246657,5,5
72301,5,5
34169,5,5
197018,5,4
260790,5,4
100577,5,5
58055,5,5
257029,5,5
216367,5,5
116825,5,5
16101,5,5
157345,5,5
149300,5,5
218389,5,5
85768,5,5
185013,5,6
13144,5,5
265589,5,4
256445,5,5
259781,5,2
4313,5,5
240156,5,5
102619,5,4
257910,5,5
109830,5,5
169028,5,3
38378,5,5
53846,5,5
113082,5,5
82591,5,5
250189,5,5
221426,5,5
125052,5,5
233670,5,5
211756,5,5
222373,5,5
136017,5,4
132457,5,4
61112,5,5
254700,5,5
198688,5,1
125993,5,2
222437,5,5
167576,5,5
88350,5,4
210248,5,5
256603,5,5
121246,5,5
218990,5,0
259194,5,7
273279,5,5
212143,5,5
195441,5,5
223416,5,5
81084,5,5
162959,5,5
168535,5,5
28606,5,5
279139,5,4
241737,5,4
230319,5,5
283696,5,6
265989,5,0
290894,5,5
215737,5,4
169989,5,5
70686,5,5
75213,5,4
261805,5,5
250027,5,7
93188,5,5
201379,5,4
127403,5,5
54707,5,5
10807,5,5
148249,5,5
230424,5,5
190957,5,5
111113,5,5
181204,5,4
210102,5,5
63646,5,5
93734,5,5
4187,5,5
74370,5,3
71505,5,5
263536,5,7
122359,5,5
257852,5,5
1555,5,5
113189,5,5
270169,5,5
79626,5,4
87932,5,5
205469,5,7
164541,5,5
244689,5,5
256182,5,5
13490,5,5
27300,5,4
194620,5,5
82204,5,5
262790,5,5
167666,5,5
195701,5,5
64937,5,5
247082,5,5
175134,5,5
264903,5,5
68927,5,5
36105,5,3
31895,5,5
261531,5,5
127713,5,5
269281,5,5
237605,5,6
6967,5,5
95195,5,4
176516,5,5
109029,5,5
37170,5,6
137168,5,5
155145,5,4
257075,5,0
149472,5,4
272654,5,5
112221,5,5
74532,5,4
94310,5,3
186269,5,5
86022,5,5
259159,5,5
246963,5,2
117989,5,4
47828,5,5
81404,5,2
273151,5,0
273504,5,5
75536,5,4
180558,5,5
265718,5,5
97612,5,5
222527,5,3
23500,5,7
38828,5,5
274365,5,5
62577,5,5
141131,5,5
225347,5,5
113598,5,5
114440,5,5
47931,5,5
103448,5,0
280268,5,5
209037,5,2
156211,5,5
82937,5,5
68487,5,5
211783,5,5
218889,5,5
217711,5,5
178354,5,5
81755,5,5
101848,5,5
160846,5,0
238994,5,5
54525,5,5
83424,5,5
257598,5,5
247935,5,5
179662,5,5
145316,5,4
175349,5,5
173673,5,5
256670,5,5
116932,5,5
276602,5,5
120660,5,5
187093,5,2
276819,5,5
30928,5,7
83550,5,5
110189,5,4
270492,5,5
76812,5,4
41157,5,5
105747,5,4
203367,5,5
125209,5,5
156903,5,5
111102,5,5
209099,5,0
154002,5,5
204607,5,5
21239,5,5
75863,5,5
13707,5,5
31427,5,5
54122,5,5
256391,5,5
258334,5,2
273770,5,5
144524,5,7
33751,5,5
163060,5,4
135905,5,5
95154,5,5
212889,5,5
177378,5,5
185815,5,3
117122,5,5
251349,5,5
269652,5,5
136381,5,2
187103,5,5
181163,5,5
154963,5,5
19861,5,5
1561,5,4
259102,5,3
260321,5,5
232660,5,5
139827,5,5
7971,5,5
125126,5,5
54573,5,5
208405,5,4
195161,5,5
99748,5,5
41242,5,5
163996,5,5
95253,5,5
125155,5,0
150564,5,5
258097,5,7
125357,5,2
15925,5,5
211823,5,5
115022,5,5
142293,5,0
198649,5,7
223377,5,5
216566,5,5
151387,5,6
207127,5,4
99463,5,5
251458,5,5
39099,5,5
55451,5,5
121345,5,5
39034,5,5
111150,5,5
242156,5,5
115081,5,5
138227,5,5
246835,5,4
238862,5,5
90023,5,3
69336,5,5
249326,5,4
10742,5,5
98869,5,5
63387,5,5
221638,5,4
43659,5,5
257365,5,4
20241,5,5
267210,5,5
106039,5,5
149983,5,5
26417,5,5
125874,5,5
194134,5,7
286769,5,7
121259,5,5
119333,5,5
30241,5,4
210121,5,5
266689,5,5
149982,5,5
71234,5,5
222728,5,5
244758,5,5
10015,5,5
259458,5,0
40665,5,5
32083,5,5
285120,5,5
102708,5,5
267274,5,5
20920,5,5
259771,5,5
240950,5,7
97320,5,5
189284,5,5
252864,5,5
192012,5,5
201049,5,5
249336,5,5
270017,5,5
169984,5,2
31964,5,5
236241,5,0
137781,5,5
53858,5,5
203289,5,4
52602,5,5
5294,5,5
138183,5,0
231362,5,5
155964,5,5
73949,5,5
181642,5,6
46104,5,5
139552,5,5
173666,5,5
45908,5,5
155765,5,5
267014,5,2
30938,5,7
187314,5,5
89930,5,4
187963,5,5
154137,5,0
108373,5,6
108954,5,5
221993,5,5
86210,5,5
114372,5,0
47371,5,5
41963,5,4
177220,5,5
193813,5,5
237305,5,5
50752,5,5
160389,5,4
103297,5,5
235401,5,7
283503,5,5
86542,5,5
61858,5,5
212363,5,5
167675,5,5
254880,5,5
107400,5,7
239702,5,5
61149,5,3
43978,5,5
189351,5,5
68412,5,5
267944,5,2
251582,5,5
120116,5,0
255143,5,5
221076,5,5
118156,5,5
37703,5,5
137045,5,4
136043,5,5
225158,5,5
15606,5,3
172136,5,5
65233,5,4
38123,5,3
97500,5,5
36666,5,5
259172,5,5
263797,5,5
199602,5,5
61113,5,5
178819,5,4
110058,5,5
27645,5,5
97726,5,5
216366,5,5
270794,5,5
292215,5,5
108096,5,5
149811,5,5
7116,5,5
148025,5,5
205340,5,0
56148,5,4
75456,5,5
259690,5,5
273121,5,5
286389,5,4
288865,5,4
205936,5,5
30154,5,7
16705,5,5
195207,5,5
90169,5,5
74571,5,5
120156,5,5
138564,5,5
198721,5,5
154180,6,6
107243,6,6
72107,6,6
97239,6,6
278070,6,6
96486,6,6
149429,6,5
255805,6,5
83013,6,6
117014,6,6
196312,6,3
82037,6,6
24164,6,6
54844,6,6
188589,6,7
206267,6,6
14854,6,6
199372,6,6
40526,6,6
239392,6,6
53465,6,6
37610,6,6
22256,6,6
38786,6,6
22883,6,6
237794,6,6
144255,6,6
212613,6,6
4359,6,6
223756,6,4
192227,6,6
198523,6,6
24420,6,6
136834,6,6
133952,6,7
110078,6,6
58220,6,6
236036,6,6
206061,6,6
15780,6,6
60810,6,6
107050,6,6
26685,6,6
196706,6,6
232253,6,6
166434,6,6
113735,6,6
169396,6,6
227173,6,6
36683,6,6
119560,6,3
156857,6,6
109785,6,6
150143,6,6
236378,6,6
257935,6,6
209259,6,6
83990,6,6
103712,6,6
156312,6,6
20991,6,6
48207,6,6
9560,6,6
201152,6,6
286366,6,6
213619,6,6
40363,6,6
210337,6,6
177122,6,6
129056,6,6
12939,6,3
88949,6,6
42129,6,6
170254,6,6
158746,6,6
213481,6,7
54403,6,6
243200,6,6
207733,6,6
219859,6,6
132701,6,6
16614,6,6
292932,6,6
141935,6,0
155410,6,6
58264,6,3
203984,6,5
106015,6,6
134380,6,3
45327,6,6
142556,6,6
18970,6,6
283701,6,6
194840,6,6
245070,6,6
3101,6,6
236101,6,6
108083,6,6
49783,6,6
161424,6,6
40339,6,3
223947,6,6
18915,6,6
128066,6,6
50103,6,6
235772,6,6
76748,6,6
220488,6,6
58893,6,6
239526,6,7
23388,6,6
24191,6,6
271768,6,6
221689,6,6
287329,6,6
251986,6,6
31890,6,6
44703,6,6
83418,6,6
185429,6,6
632,6,6
238167,6,6
209217,6,6
179381,6,6
77117,6,6
198994,6,6
20203,6,6
87624,6,6
8049,6,6
176840,6,6
69243,6,3
47665,6,6
273554,6,6
139787,6,4
143466,6,6
35908,6,6
229145,6,6
224962,6,6
67956,6,4
102350,6,6
289757,6,6
22160,6,6
107058,6,6
155624,6,5
193262,6,6
226053,6,6
35447,6,6
63055,6,6
124150,6,6
225010,6,6
16752,6,0
53252,6,6
62883,6,6
289525,6,6
187709,6,3
47530,6,6
46995,6,6
151594,6,4
134303,6,6
195287,6,6
220910,6,6
204476,6,6
122660,6,6
201539,6,6
45130,6,6
234979,6,6
106634,6,6
237784,6,6
124160,6,6
174725,6,4
37724,6,6
34611,6,6
200857,6,6
45384,6,6
208999,6,6
33754,6,6
273776,6,4
250001,6,6
227522,6,6
215301,6,6
166715,6,6
243028,6,6
87522,6,6
156628,6,6
179569,6,6
97023,6,0
28919,6,6
118613,6,4
292881,6,6
36743,6,6
62305,6,6
276800,6,6
71405,6,4
74994,6,6
208366,6,6
63119,6,6
115322,6,6
86710,6,6
218757,6,6
219775,6,6
210621,6,6
66638,6,6
229894,6,0
24937,6,6
292198,6,6
155616,6,6
199542,6,6
67643,6,6
238277,6,6
94771,6,6
89605,6,6
59675,6,6
173654,6,6
280144,6,6
157810,6,6
117815,6,7
71980,6,6
34416,6,6
59735,6,6
191966,6,6
164319,6,6
214324,6,6
55538,6,6
16807,6,3
31149,6,6
229277,6,6
40479,6,6
2015,6,6
136102,6,6
157628,6,6
142960,6,6
84203,6,6
154816,6,6
129632,6,6
115508,6,6
152643,6,6
161655,6,6
150880,6,6
63618,6,6
18285,6,6
163414,6,6
110458,6,6
93980,6,6
155211,6,6
176569,6,6
49272,6,6
235849,6,6
237790,6,6
204311,6,6
3656,6,6
125898,6,6
184278,6,6
272931,6,4
127992,6,0
165714,6,6
260618,6,6
227291,6,6
212411,6,6
95763,6,6
252103,6,6
161373,6,6
221833,6,6
21197,6,6
197839,6,6
141772,6,6
20870,6,7
26236,6,6
48794,6,6
173186,6,6
108790,6,6
143458,6,6
261901,6,6
11319,6,6
154247,6,6
209331,6,6
213422,6,6
100022,6,7
186590,6,6
109475,6,6
51297,6,6
80251,6,6
55955,6,6
186604,6,6
238251,6,6
141351,6,6
164812,6,6
73224,6,6
195187,6,6
25690,6,6
174827,6,6
152527,6,7
246814,6,4
229825,6,6
173929,6,6
87142,6,6
39716,6,6
208783,6,6
252886,6,6
97516,6,6
39856,6,6
107734,6,6
203175,6,5
157472,6,6
86284,6,4
187707,6,7
179693,6,6
156448,6,6
169880,6,6
113713,6,6
118514,6,6
91300,6,6
83225,6,6
177925,6,6
239623,6,6
197257,6,6
31146,6,6
25106,6,6
17848,6,6
66792,6,6
85466,6,6
201557,6,6
258715,6,7
185309,6,6
188381,6,6
943,6,6
230592,6,6
85283,6,6
268586,6,4
16697,6,6
144677,6,7
11925,6,4
135125,6,6
54396,6,6
257966,6,6
204935,6,6
210327,6,6
209262,6,7
203711,6,6
91401,6,6
284981,6,6
194906,6,6
80723,6,6
229616,6,6
19074,6,6
258406,6,6
214426,6,6
72967,6,6
65166,6,6
113729,6,6
112793,6,6
76898,6,6
197763,6,6
96689,6,6
14568,6,6
134674,6,6
184592,6,6
108936,6,6
194843,6,6
232335,6,6
31402,6,6
138678,6,4
116363,6,6
270366,6,7
155464,6,6
13479,6,4
107003,6,6
272847,6,6
90436,6,6
167782,6,6
85923,6,6
63653,6,6
16846,6,6
244344,6,6
126752,6,6
56680,6,7
184568,6,6
153967,6,7
119875,6,6
294879,6,6
135196,6,6
35724,6,6
15666,6,3
220098,6,6
66147,6,6
140643,6,6
239140,6,6
160335,6,6
56254,6,6
183504,6,6
237949,6,6
95255,6,6
240085,6,6
50679,6,6
48958,6,6
166156,6,6
15658,6,6
53613,6,4
245774,6,6
179696,6,6
111456,6,6
153586,6,6
41103,6,7
157703,6,6
172658,6,6
91362,6,6
132303,6,6
70974,6,6
156956,6,6
7514,6,6
54386,6,6
164442,6,6
76652,6,7
198708,6,6
241431,6,6
154389,6,6
260979,6,7
116047,6,6
194303,6,6
272648,6,6
51579,6,6
69034,6,6
118880,6,6
116265,6,6
51384,6,6
91344,6,6
103195,6,6
69133,6,6
213884,6,6
141385,6,6
10315,6,6
92460,6,6
27400,6,6
200746,6,6
132368,6,6
100824,6,6
35764,6,6
57581,6,6
134567,6,6
125817,6,3
160199,6,0
70621,6,6
118033,6,3
178895,6,6
111038,6,0
95367,6,6
178979,6,6
137145,6,6
51660,6,6
76482,6,6
84639,6,6
241902,6,5
212515,6,6
117185,6,6
217402,6,7
196281,6,6
26370,6,6
240877,6,6
268203,6,6
158591,6,6
154907,6,4
79030,6,6
87255,6,6
98525,6,6
257159,6,4
113961,6,6
236837,6,4
179373,6,6
145125,6,6
207985,6,6
58250,6,6
233415,6,6
226617,6,6
36331,6,6
70540,6,0
274752,6,6
46597,6,5
130326,6,6
141005,6,6
126249,6,6
98761,6,6
176740,6,6
7891,6,6
209289,6,6
236653,6,6
119245,6,6
221300,6,6
186914,6,6
209814,6,6
209465,6,6
4540,6,6
2345,6,3
69810,6,6
106802,6,6
80337,6,6
77374,6,6
127461,6,3
280410,6,6
294039,6,6
128513,6,6
260723,6,6
195933,6,6
78021,6,6
17675,6,6
167677,6,6
44956,6,6
15055,6,6
248842,6,6
210695,6,6
163515,6,7
170789,6,6
241443,6,6
58762,6,5
165126,6,6
96508,6,6
78935,6,6
84342,6,6
46464,6,6
29988,6,6
41532,6,6
123955,6,6
176484,6,6
20150,6,6
174789,6,5
20697,6,6
232869,6,3
228686,6,6
186495,6,6
162169,6,6
88426,6,6
90737,6,6
92641,6,6
49824,6,6
213369,6,6
135796,6,6
19154,6,6
87914,6,6
177245,6,6
194265,6,6
91419,6,6
6524,6,6
17049,6,6
152143,6,6
26833,6,6
41320,6,6
19066,6,6
235333,6,6
137798,6,6
47398,6,6
79135,6,6
7356,6,6
49224,6,6
112284,6,6
154961,6,6
228839,6,6
150156,6,6
172647,6,6
179467,6,6
167722,6,6
37026,6,3
86305,6,6
122655,6,6
285052,6,6
170082,6,6
31392,6,6
277311,6,6
31593,6,6
36867,6,6
12168,6,6
92301,6,6
187555,6,6
10542,6,3
11856,6,6
160109,6,6
170475,6,6
137278,6,6
135628,6,6
136190,6,6
165988,6,6
144215,6,6
139521,6,6
165052,6,6
141182,6,6
217162,6,6
53670,6,6
199857,6,6
33804,6,6
154469,6,6
128021,6,6
250813,6,6
1465,6,6
173069,6,6
13571,6,6
57103,6,6
272065,6,6
137470,6,6
69037,6,4
222268,6,6
129892,6,6
107568,6,6
163227,6,6
175380,6,6
157491,6,6
43632,6,6
212345,6,6
229131,6,6
232085,6,6
152009,6,6
55487,6,6
17939,6,0
186300,6,6
47394,6,6
85595,6,6
225327,6,6
113689,6,6
195927,6,6
79499,6,6
85902,6,6
49501,6,6
97217,6,6
244669,6,6
88461,6,6
110144,6,6
28221,6,6
180687,6,6
166534,6,7
292207,6,6
254930,6,4
195730,6,6
116695,6,6
26918,6,6
20168,6,6
172563,6,6
264794,6,6
191768,6,6
88308,6,6
198437,6,4
88048,6,6
23625,6,6
10967,6,6
216438,6,6
2890,6,4
138993,6,7
44771,6,6
126074,6,6
72112,6,6
81426,6,5
236964,6,6
178577,6,6
200444,6,6
162539,6,4
82185,6,6
8806,6,6
143955,6,6
106924,6,6
69692,6,6
235517,6,0
156672,6,6
59161,6,6
208809,6,6
265218,6,4
207759,6,6
49190,6,6
243355,6,6
75462,6,6
160191,6,6
10306,6,6
256623,6,6
53742,6,6
225560,6,6
139504,6,6
30633,6,6
274619,6,6
193363,6,6
155756,6,6
150747,6,6
65850,6,6
105841,6,6
191828,6,6
173544,6,6
41069,6,6
151598,6,6
237471,6,6
224206,6,6
9832,6,6
26720,6,6
151708,6,4
182277,6,6
113185,6,6
63954,6,6
57703,6,6
218286,6,6
231726,6,6
109555,6,7
36915,6,6
37594,6,0
168995,6,6
112549,6,6
31704,6,6
135750,6,6
101362,6,6
121140,6,6
160152,6,6
16436,6,6
127082,6,6
175992,6,6
237511,6,6
226258,6,6
63612,6,6
229292,6,6
243446,6,6
190567,6,6
172604,6,6
159546,6,6
165847,6,6
38791,6,6
205646,6,6
151988,6,6
26635,6,6
177388,6,6
286884,6,3
103651,6,6
266126,6,6
245361,6,6
122092,6,6
229929,6,6
118471,6,6
224963,6,6
222699,6,6
213128,6,6
281902,6,6
167750,6,6
160467,6,6
208834,6,6
62973,6,6
221337,6,6
78419,6,6
78651,6,6
17556,6,6
41565,6,6
232175,6,4
103616,6,6
269397,6,6
195101,6,6
234164,6,6
76415,6,6
49831,6,6
152254,6,5
73818,6,6
212646,6,6
270732,6,6
149961,6,6
175602,6,6
37390,6,6
145105,6,6
73906,6,6
131720,6,6
278768,6,6
185109,6,6
173571,6,6
186837,6,6
223576,6,6
157310,6,6
67040,6,6
110363,6,6
32812,6,7
115392,6,6
163086,6,6
19644,6,6
184657,6,6
233354,6,6
15673,6,6
148399,6,6
127435,6,6
57133,6,6
154252,6,6
242003,6,4
122928,6,6
170059,6,6
122025,6,6
112937,6,6
176928,6,6
161756,6,4
16273,6,6
114386,6,6
25345,6,6
59668,6,6
81618,6,6
126211,6,6
187788,6,6
213767,6,6
41714,6,6
50802,6,6
234125,6,6
138257,6,6
83916,6,6
179845,6,6
2736,6,6
187190,6,6
51629,6,7
200575,6,6
238371,6,6
3356,6,6
198819,6,6
190546,6,6
187298,6,6
240096,6,6
108741,6,6
31610,6,6
55135,6,6
21631,6,6
184684,6,6
108213,6,6
68450,6,6
77388,6,7
218496,6,4
85561,6,0
11732,6,6
13473,6,6
221025,6,0
154862,6,6
153423,6,6
155544,6,6
221137,6,6
48722,6,6
3864,6,6
254861,6,6
199574,6,6
236913,6,6
271651,6,6
258960,6,6
244715,6,6
223006,6,6
96953,6,6
160668,6,6
100673,6,6
37655,6,6
133132,6,4
294626,6,6
106915,6,6
77365,6,6
120655,6,5
107745,6,6
231443,6,6
7606,6,6
289724,6,6
14959,6,3
269445,6,6
119876,6,6
28109,6,6
167668,6,6
126531,6,6
68173,6,7
125654,6,6
241078,6,6
279330,6,6
175642,6,6
8433,6,6
173897,6,6
190764,6,6
186326,6,6
116040,6,6
108216,6,6
227585,6,6
144861,6,6
155140,6,6
284217,6,6
8961,6,6
48766,6,6
262978,6,6
293189,6,6
15347,6,6
159472,6,6
269145,6,6
167769,6,6
154264,6,6
88143,6,6
33453,6,6
148558,6,6
3480,6,6
26466,6,6
48705,6,6
75872,6,6
176705,6,6
236908,6,3
260356,6,6
27939,6,6
89715,6,3
87576,6,6
180596,6,6
224116,6,0
32487,6,6
91335,6,6
248757,6,6
224890,6,6
235062,6,6
86226,6,6
13372,6,0
44930,6,6
271422,6,6
84926,6,6
79772,6,6
243914,6,6
148737,6,6
166667,6,6
207775,6,7
87106,6,6
215444,6,6
109297,6,6
62994,6,6
109914,6,6
39822,6,6
178841,6,6
288477,6,6
192716,6,6
137081,6,4
58701,6,7
196830,6,6
84864,6,6
235683,6,6
121481,6,6
170173,6,6
100843,6,6
139669,6,6
45925,6,6
63441,6,6
135537,6,6
112139,6,6
87583,6,6
176329,6,6
263738,6,6
65996,6,6
53256,6,6
84607,6,6
226052,6,6
157284,6,0
233351,6,6
91593,6,6
156514,6,7
28429,6,3
277507,6,0
229609,6,6
144730,6,4
200258,6,6
76573,6,6
95082,6,6
105467,6,6
261494,6,7
128625,6,6
44499,6,6
207080,6,6
177148,6,6
25687,6,6
95117,6,6
122695,6,6
58296,6,6
78772,6,6
95141,6,6
289409,6,6
77184,6,6
244991,6,6
158719,6,6
103148,6,6
51198,6,6
129260,6,6
228863,6,6
130533,6,6
159808,6,6
114365,6,6
26119,6,6
10947,6,7
45344,6,6
174779,6,6
214046,6,6
230456,6,6
291077,6,6
289819,6,6
25530,6,6
58118,6,6
73151,6,6
67707,6,6
219810,6,6
21334,6,3
237680,6,6
122510,6,6
170562,6,3
125043,6,6
241155,6,6
239446,6,6
27717,6,6
79582,6,6
79394,6,6
204154,6,6
293376,6,6
78528,6,6
214711,6,6
65177,6,6
59847,6,6
36799,6,6
274967,6,6
133903,6,6
137719,6,6
196494,6,6
263469,6,6
63694,6,6
197759,6,6
181515,6,7
165668,6,6
154933,6,6
3298,6,6
53386,6,7
236138,6,6
129861,6,6
8991,6,6
123314,6,6
255034,6,6
111819,6,6
185295,6,6
94741,6,7
109278,6,6
131875,6,6
2740,6,6
41986,6,6
136720,6,6
14021,6,6
26169,6,5
225584,6,6
178106,6,6
89896,6,0
259380,6,6
272392,6,6
35230,6,6
228298,6,6
35446,6,6
292861,6,6
105373,6,6
193816,6,6
290920,6,6
5183,6,6
122637,6,6
102944,6,6
206688,6,6
43668,6,6
185112,6,6
38197,6,6
166390,6,6
13292,6,7
268584,6,4
48850,6,6
20057,6,6
193702,6,6
218287,6,6
236667,6,6
68797,6,6
240502,6,6
34870,6,6
150025,6,7
137914,6,6
165161,6,6
218811,6,6
17999,6,6
25192,6,3
7423,6,6
8150,6,6
4656,6,3
96497,6,7
154048,6,6
112367,6,6
79724,6,6
21431,6,6
235814,6,6
95387,6,6
113409,6,6
211194,6,6
181730,6,6
121863,6,6
249356,6,6
71576,6,6
206587,6,6
156808,6,6
23272,6,6
24293,6,6
200766,6,6
20681,6,6
180940,6,6
32317,6,6
20310,6,6
200220,6,6
286658,6,6
51342,6,6
165319,6,6
35441,6,6
184596,6,6
127289,6,6
284562,6,7
62775,6,6
201213,6,6
113931,6,6
41723,6,6
230674,6,6
67022,6,6
162135,6,6
110855,6,6
239593,6,7
25852,6,3
177939,6,6
98181,6,6
70069,6,6
158547,6,7
174366,6,6
241986,6,3
242790,6,6
84979,6,6
163075,6,6
3353,6,6
145272,6,6
140134,6,6
125154,6,6
98886,6,4
73057,6,6
173585,6,6
3293,6,6
12691,6,6
74431,6,6
32727,6,3
176165,6,3
163891,6,6
130876,6,6
125311,6,6
124227,6,6
272896,6,6
223527,6,6
226136,6,6
84400,6,6
95794,6,6
78292,6,6
57755,6,6
25633,6,6
216866,6,6
226760,6,6
2904,6,6
110910,6,6
138469,6,6
152089,6,6
38287,6,6
206882,6,6
234876,6,6
87290,6,6
98298,6,6
117146,6,6
200566,6,6
257185,6,7
167474,6,6
108581,6,3
85631,6,6
78838,6,6
159669,6,6
62493,6,6
19126,6,6
107381,6,6
31051,6,6
76862,6,6
72925,6,6
26849,6,6
214361,6,6
87368,6,6
103808,6,6
201888,6,6
57803,6,6
149636,6,6
116531,6,6
45400,6,6
164959,6,6
143280,6,6
208665,6,6
80145,6,6
82702,6,6
248031,6,7
282560,6,4
67521,6,6
91392,6,6
40536,6,6
112113,6,6
220194,6,6
37916,6,6
13892,6,6
46735,6,6
174300,6,6
203292,6,6
152498,6,6
58784,6,6
818,6,6
218115,6,6
218632,6,5
84986,6,6
232316,6,6
85220,6,6
200968,6,6
137685,6,6
208979,6,6
176790,6,6
10075,6,6
44272,6,0
131856,6,6
81287,6,6
265383,6,7
187785,6,5
210289,6,6
235946,6,6
164510,6,0
248569,6,6
245443,6,6
51438,6,6
21435,6,6
92606,6,6
141310,6,6
189179,6,6
108677,6,6
139692,6,6
217230,6,6
163244,6,6
138543,6,6
24834,6,6
36149,6,6
55087,6,6
220726,6,3
135910,6,6
85543,6,6
245312,6,6
222996,6,6
46931,6,6
286410,6,4
182252,6,6
228862,6,6
46246,6,6
159825,6,6
205384,6,6
142216,6,6
157446,6,6
100151,6,6
160216,6,7
150792,6,6
50776,6,6
230872,6,6
149543,6,6
105960,6,6
52198,6,6
261175,6,6
278827,6,6
80090,6,6
265820,6,7
78404,6,3
60545,6,6
152644,6,6
140979,6,7
213424,6,6
175674,6,6
56115,6,4
131290,6,6
44258,6,6
164317,6,5
58140,6,6
170540,6,6
51808,6,6
232829,6,6
22277,6,6
76359,6,6
247874,6,6
20158,6,6
281606,6,7
219063,6,6
167530,6,6
163831,6,6
166279,6,6
196933,6,6
199684,6,6
21722,6,6
117671,6,6
229701,6,6
204638,6,6
9406,6,7
226503,6,3
57453,6,6
39423,6,6
155357,6,6
231856,6,6
92120,6,6
157068,6,6
49064,6,6
179688,6,6
12739,6,6
54711,6,6
15866,6,6
159429,6,6
69761,6,0
7847,6,6
4896,6,4
28418,6,6
89197,6,6
63904,6,6
47302,6,6
132575,6,6
175439,6,6
25237,6,6
125672,6,4
18532,6,6
184230,6,6
34022,6,4
31009,6,6
101538,6,6
210851,6,6
143874,6,6
91665,6,0
69851,6,6
260757,6,7
125868,6,6
62064,6,6
166948,6,6
199421,6,6
42034,6,6
242098,6,6
187340,6,6
229538,6,6
265593,6,6
182131,6,6
198118,6,6
238111,6,6
245395,6,6
135418,6,6
176733,6,4
119016,6,6
110305,6,3
13184,6,6
239891,6,6
191322,6,6
284553,6,6
145439,6,6
200598,6,6
65886,6,6
233227,6,6
232025,6,6
223056,6,6
149194,6,6
65263,6,6
237354,6,6
235916,6,6
76274,6,6
224707,6,6
240072,6,6
32392,6,6
110794,6,6
233225,6,6
174449,6,6
18479,6,6
286529,6,6
265617,6,6
174264,6,6
158419,6,0
220074,6,5
168560,6,6
38757,6,6
118560,6,0
122037,6,6
132230,6,6
155717,6,6
47890,6,6
138088,6,6
165278,6,6
62545,6,6
35589,6,6
231358,6,6
83231,6,6
112616,6,6
15544,6,6
121130,6,6
56550,6,6
270754,6,6
111013,6,6
215344,6,6
194900,6,6
142626,6,6
108567,6,6
37787,6,6
233388,6,6
68882,6,6
105376,6,6
280542,6,6
35018,6,6
269519,6,3
181509,6,6
292578,6,6
58799,6,6
237535,6,6
36422,6,6
59977,6,4
193242,6,6
97711,6,6
156075,6,6
154365,6,6
152376,6,6
200557,6,6
106010,6,3
224108,6,4
96644,6,0
48784,6,6
168183,6,6
38738,6,6
6582,6,6
185697,6,6
194181,6,6
125057,6,6
236198,6,6
162819,6,6
128145,6,6
177374,6,6
141888,6,6
222018,6,6
120832,6,6
213487,6,3
209378,6,6
178761,6,6
108599,6,6
51802,6,6
76098,6,6
142716,6,6
35469,6,7
88926,6,6
101899,6,6
65226,6,6
131482,6,4
78166,6,6
122905,6,6
293806,6,6
152279,6,6
117781,6,6
133063,6,6
117252,6,6
116681,6,6
58929,6,6
9640,6,6
257998,6,6
23046,6,6
101020,6,6
227887,6,6
235967,6,6
18189,6,3
17597,6,6
108413,6,6
55144,6,6
258660,6,3
73967,6,6
144226,6,6
213288,6,6
127705,6,7
281569,6,6
255744,6,6
192615,6,6
46387,6,3
195444,6,6
51063,6,6
43823,6,6
167625,6,6
150385,6,6
214318,6,6
56421,6,6
71529,6,6
108043,6,6
15958,6,6
27241,6,6
158488,6,0
156435,6,6
26958,6,6
209717,6,6
27440,6,3
55469,6,6
211367,6,6
37998,6,6
64767,6,6
136663,6,6
168916,6,6
185145,6,6
235379,6,6
115364,6,6
36005,6,4
98566,6,6
211818,6,6
209639,6,7
102762,6,6
45407,6,6
112850,6,6
71133,6,6
217124,6,6
5092,6,6
109410,6,6
184280,6,6
260507,6,6
86959,6,0
70649,6,6
205765,6,6
258923,6,6
57299,6,6
79226,6,6
239874,6,6
88507,6,6
8291,6,6
109971,6,0
198065,6,6
178144,6,6
54608,6,6
8293,6,6
171341,6,6
233234,6,6
46642,6,6
227586,6,6
245407,6,6
90286,6,7
123971,6,6
2757,6,6
150967,6,6
269676,6,4
61699,6,6
32200,6,6
188825,6,6
177749,6,0
138980,6,6
211475,6,0
204628,6,6
109255,6,6
247414,6,6
35950,6,6
7458,6,7
110169,6,3
15755,6,6
84063,6,6
281328,6,6
8673,6,6
229968,6,6
180925,6,6
92852,6,6
204650,6,6
287670,6,6
225054,6,6
151498,6,0
207059,6,6
182505,6,6
85300,6,7
244961,6,6
10663,6,6
136314,6,4
88381,6,6
42208,6,6
192365,6,6
68151,6,6
208403,6,6
79789,6,6
52969,6,6
41415,6,6
43991,6,6
239213,6,6
193734,6,6
76396,6,6
173719,6,6
246813,6,7
129760,6,6
64776,6,6
211635,6,4
22159,6,6
290420,6,6
128344,6,6
213373,6,7
182323,6,7
13736,6,6
58766,6,6
207767,6,6
192332,6,6
70557,6,6
58837,6,0
207483,6,6
153281,6,6
77556,6,6
231677,6,6
35003,6,6
283136,6,6
229289,6,6
19389,6,6
185143,6,6
76293,6,6
4696,6,6
229672,6,6
209417,6,6
679,6,6
222565,6,6
242999,6,6
184354,6,6
106083,6,4
71429,6,6
80321,6,6
288880,6,6
52577,6,6
272140,6,6
139740,6,6
163312,7,0
209919,7,7
259683,7,7
94183,7,0
123879,7,7
39140,7,7
246949,7,7
208388,7,2
187938,7,3
59661,7,7
18279,7,0
256839,7,7
79233,7,6
71836,7,2
230553,7,0
83134,7,7
74352,7,1
101280,7,7
25253,7,7
270112,7,1
27557,7,0
25595,7,7
30163,7,1
26211,7,4
49655,7,4
54391,7,7
272014,7,7
44375,7,7
251280,7,3
117313,7,7
249452,7,7
73861,7,7
7059,7,7
216085,7,7
160949,7,5
163272,7,7
53461,7,7
260982,7,3
144370,7,7
168003,7,4
141712,7,6
144733,7,7
137928,7,7
110308,7,7
84248,7,7
236990,7,7
239183,7,7
52016,7,0
128123,7,2
254415,7,7
28627,7,4
263778,7,0
145143,7,7
170315,7,7
46883,7,7
47884,7,7
19452,7,7
18304,7,0
47678,7,5
230016,7,7
212476,7,7
209723,7,7
266283,7,7
88881,7,7
192045,7,7
136574,7,7
105839,7,7
162068,7,7
293945,7,6
149291,7,7
178420,7,7
89577,7,7
215432,7,7
40036,7,0
148517,7,7
93737,7,3
195930,7,3
204696,7,0
263849,7,1
73981,7,7
175556,7,7
33347,7,6
66267,7,7
164158,7,7
166065,7,3
144245,7,4
217968,7,7
35275,7,7
261848,7,5
224639,7,7
199343,7,7
266538,7,1
12817,7,3
186366,7,7
184325,7,0
96323,7,7
155641,7,7
185667,7,7
259604,7,7
266718,7,7
265077,7,3
61861,7,7
181151,7,7
171132,7,2
118957,7,7
65460,7,6
125686,7,4
110710,7,7
289064,7,7
239873,7,7
110447,7,7
143332,7,7
244400,7,0
103618,7,0
110548,7,6
3732,7,3
293740,7,4
35129,7,7
57801,7,6
117439,7,7
170375,7,7
199902,7,3
107494,7,6
125344,7,7
31056,7,7
110097,7,7
249310,7,1
19757,7,6
237923,7,7
207774,7,5
211540,7,7
144622,7,0
59543,7,0
69207,7,4
269772,7,7
153109,7,7
25612,7,7
173242,7,7
158131,7,0
220505,7,7
54348,7,3
153447,7,4
182334,7,7
53560,7,7
110753,7,5
210047,7,7
204193,7,3
190647,7,7
247231,7,7
160129,7,5
41890,7,7
138990,7,0
2247,7,0
178799,7,7
88505,7,7
209908,7,7
44541,7,7
275426,7,7
133025,7,7
150789,7,0
16192,7,7
93471,7,7
269102,7,7
165733,7,4
109636,7,0
18594,7,7
206235,7,7
34980,7,3
111239,7,3
190960,7,7
18934,7,0
34540,7,3
186301,7,7
64161,7,7
61845,7,7
142543,7,5
20990,7,7
176327,7,4
135837,7,7
249878,7,7
218849,7,7
53880,7,7
51395,7,7
165828,7,7
17902,7,7
27738,7,7
179767,7,7
172610,7,7
76409,7,6
14558,7,7
122611,7,7
16534,7,4
41449,7,0
270405,7,7
238767,7,1
124915,7,5
74268,7,7
119922,7,7
205355,7,5
261095,7,5
259922,7,0
136442,7,7
173107,7,5
95919,7,7
74746,7,7
103526,7,7
238260,7,7
21345,7,7
121072,7,0
240953,7,7
49146,7,7
12842,7,1
263020,7,7
229150,7,7
251148,7,7
258195,7,4
291658,7,0
139265,7,0
62633,7,7
193467,7,4
206931,7,7
83195,7,7
203877,7,7
183986,7,7
109263,7,7
209440,7,7
3723,7,0
140600,7,7
280065,7,7
223251,7,7
168766,7,7
90038,7,7
214865,7,7
224751,7,7
85022,7,7
102835,7,7
18465,7,7
222190,7,7
242696,7,7
9003,7,7
39255,7,7
217921,7,3
120373,7,4
214187,7,7
71063,7,0
253287,7,0
232984,7,4
216400,7,7
81285,7,7
87187,7,2
41850,7,7
52142,7,7
195469,7,7
183709,7,7
266089,7,7
137838,7,4
179234,7,7
163178,7,7
178328,7,7
232427,7,7
114318,7,7
47837,7,7
197866,7,6
23484,7,7
262735,7,7
69190,7,7
245116,7,3
199717,7,3
229166,7,7
182144,7,7
26353,7,7
236333,7,2
76905,7,4
232780,7,7
134610,7,7
68357,7,1
285966,7,7
261217,7,7
154754,7,7
20563,7,7
144302,7,7
134311,7,7
151640,7,7
77673,7,7
228434,7,1
235359,7,0
257325,7,7
258257,7,4
283130,7,7
209582,7,7
198888,7,7
81703,7,4
172594,7,4
179922,7,3
128627,7,7
123243,7,7
264667,7,0
110355,7,4
46988,7,7
154648,7,1
54464,7,7
170010,7,7
134117,7,7
75984,7,7
108894,7,7
95730,7,6
73600,7,7
185354,7,7
295140,7,7
44790,7,7
139096,7,1
63160,7,7
126629,7,7
228098,7,7
125392,7,3
100075,7,1
85566,7,7
224701,7,7
152395,7,7
131226,7,7
8227,7,6
69966,7,7
243563,7,7
27794,7,3
223478,7,7
3314,7,0
195393,7,0
8701,7,0
161219,7,7
84195,7,7
213908,7,7
181283,7,7
86839,7,7
278628,7,7
206955,7,7
112456,7,3
186460,7,4
242182,7,0
4787,7,5
163080,7,5
36738,7,1
64680,7,3
126860,7,7
91120,7,7
11981,7,7
108681,7,6
118551,7,0
169766,7,7
240992,7,7
260501,7,7
223491,7,7
53279,7,0
9665,7,7
184224,7,7
24517,7,0
219367,7,7
240707,7,7
91265,7,7
158265,7,7
208602,7,7
160736,7,7
218097,7,7
152575,7,3
158885,7,7
218658,7,7
26360,7,7
201393,7,7
111094,7,7
85115,7,5
109057,7,0
40469,7,1
250003,7,7
188767,7,3
107727,7,7
261742,7,7
247539,7,4
270038,7,0
216041,7,0
58759,7,7
37423,7,6
221624,7,7
248693,7,7
242785,7,6
227448,7,7
55800,7,7
127288,7,7
129257,7,5
182024,7,7
237800,7,7
58810,7,4
265347,7,1
75171,7,0
193538,7,7
90661,7,4
112042,7,7
41001,7,7
254831,7,7
245642,7,7
64011,7,3
235436,7,7
133921,7,7
13900,7,6
160900,7,7
188561,7,5
88236,7,7
210869,7,0
49357,7,6
198728,7,0
207332,7,7
49823,7,7
58558,7,7
207531,7,7
7698,7,1
53859,7,3
266423,7,7
3575,7,7
218280,7,7
67601,7,3
46785,7,0
197420,7,4
176019,7,2
237514,7,6
247724,7,0
168537,7,7
236231,7,7
112523,7,4
218668,7,7
175259,7,2
267034,7,4
78469,7,7
107664,7,7
246647,7,7
166224,7,7
139509,7,3
10035,7,0
117225,7,6
44223,7,7
119124,7,7
84813,7,7
68545,7,7
120309,7,7
41528,7,7
229994,7,7
30310,7,7
260859,7,7
78848,7,7
19747,7,7
233936,7,7
3825,7,6
81830,7,5
245707,7,7
152804,7,7
95910,7,7
89802,7,7
263617,7,7
74077,7,7
26550,7,7
152264,7,7
124364,7,4
203250,7,7
133943,7,7
256539,7,4
829,7,7
190503,7,5
219141,7,7
239754,7,7
244326,7,1
83436,7,3
90356,7,7
153705,7,7
74191,7,4
149329,7,7
263290,7,7
254529,7,4
68892,7,7
184945,7,0
61800,7,7
216193,7,7
254918,7,3
264057,7,7
86728,7,6
172392,7,7
18396,7,7
32337,7,5
224770,7,4
66553,7,7
12223,7,7
185132,7,6
271636,7,1
263090,7,7
156421,7,3
46658,7,7
71256,7,7
100547,7,0
20385,7,7
264151,7,7
134046,7,7
23703,7,6
46534,7,7
205728,7,7
221642,7,7
101952,7,4
74409,7,6
181280,7,7
175649,7,7
261351,7,4
11385,7,7
266197,7,4
118462,7,7
213995,7,7
245066,7,7
9238,7,3
248872,7,7
27404,7,7
249800,7,2
87421,7,7
87649,7,7
23495,7,7
39457,7,0
53912,7,7
176332,7,7
159155,7,7
100562,7,7
236369,7,4
266432,7,7
265010,7,7
155190,7,7
79948,7,7
187272,7,7
212702,7,4
134889,7,4
230871,7,7
261058,7,7
80184,7,0
8235,7,7
293872,7,7
178425,7,7
241076,7,7
95750,7,7
47680,7,7
173113,7,5
45181,7,7
255356,7,7
216768,7,5
10443,7,2
213998,7,6
218737,7,0
57686,7,3
249228,7,5
186079,7,7
243807,7,7
127809,7,7
169932,7,0
225210,7,7
262116,7,3
251771,7,7
236275,7,7
158017,7,7
6925,7,7
176430,7,7
208085,7,7
158333,7,6
44188,7,0
51174,7,7
167403,7,3
217018,7,0
161995,7,7
282479,7,7
108403,7,4
183612,7,6
93454,7,7
79387,7,7
233847,7,7
96189,7,7
94358,7,7
73121,7,4
44345,7,5
163277,7,7
194675,7,7
170496,7,7
143222,7,7
254639,7,6
255562,7,4
219253,7,7
13054,7,0
258936,7,7
6720,7,0
103517,7,3
164908,7,4
129510,7,2
92651,7,7
80075,7,2
20019,7,7
17302,7,7
283356,7,7
153130,7,7
72224,7,0
265759,7,7
193019,7,7
220117,7,7
111731,7,0
77113,7,7
92143,7,7
221522,7,2
131733,7,7
266007,7,7
80310,7,7
261213,7,3
8851,7,7
253278,7,7
288020,7,7
133933,7,4
53958,7,7
243316,7,7
54643,7,7
139841,7,7
193282,7,7
186603,7,7
114570,7,7
233870,7,7
111043,7,7
58194,7,7
127954,7,7
127364,7,7
173247,7,7
223927,7,5
136066,7,7
267245,7,7
217436,7,0
13810,7,0
84013,7,7
187789,7,7
52831,7,7
114272,7,1
94224,7,7
18709,7,3
16167,7,7
21829,7,7
30394,7,7
179841,7,7
167038,7,4
37562,7,7
260537,7,7
241087,7,7
109152,7,7
138245,7,0
50623,7,7
84657,7,7
232450,7,4
34132,7,7
84568,7,7
251800,7,7
122746,7,7
96561,7,7
162491,7,3
130530,7,3
184643,7,7
198610,7,0
194376,7,3
23137,7,7
220668,7,7
270257,7,7
232642,7,7
158008,7,7
42302,7,7
163399,7,7
249361,7,4
83360,7,7
34628,7,7
26179,7,6
162297,7,5
50326,7,4
78744,7,0
74942,7,3
8786,7,7
223197,7,0
77270,7,7
289357,7,6
294553,7,7
171765,7,6
248179,7,7
251775,7,1
258849,7,7
163430,7,0
39340,7,0
271366,7,7
256660,7,7
166732,7,2
94020,7,7
211270,7,7
269329,7,1
223726,7,7
223048,7,5
167396,7,7
106576,7,7
148069,7,7
112880,7,7
120767,7,0
122601,7,7
165959,7,7
40672,7,0
224586,7,1
180556,7,7
214524,7,0
155772,7,7
68924,7,7
22871,7,7
172189,7,7
169669,7,7
267092,7,7
144277,7,7
152316,7,1
265737,7,7
68565,7,7
78647,7,5
103311,7,7
294812,7,7
194745,7,4
86076,7,7
265217,7,7
63275,7,7
259775,7,5
161788,7,7
255618,7,0
221396,7,7
20610,7,7
277173,7,0
153372,7,3
186128,7,7
262324,7,7
226878,7,7
74044,7,7
232160,7,6
35778,7,7
156815,7,7
96987,7,7
142303,7,7
118852,7,7
122941,7,7
247322,7,7
118253,7,7
293707,7,2
192575,7,7
58816,7,6
274751,7,0
224062,7,7
115797,7,6
185329,7,7
201417,7,0
151423,7,7
108068,7,1
164996,7,4
110460,7,7
137673,7,7
255980,7,7
227369,7,7
175946,7,7
154490,7,7
170850,7,0
285435,7,6
515,7,7
192371,7,7
201894,7,3
68415,7,7
220173,7,0
211125,7,1
30558,7,6
86313,7,7
263431,7,4
208582,7,7
168496,7,3
195739,7,6
30268,7,7
85018,7,5
292118,7,7
107747,7,7
124384,7,7
26428,7,7
171632,7,7
141127,7,7
163074,7,3
259221,7,1
161905,7,7
237631,7,7
264141,7,4
195976,7,7
114917,7,3
157554,7,7
109379,7,7
51099,7,7
223807,7,6
159978,7,7
142231,7,7
44288,7,7
171914,7,7
174808,7,7
278323,7,7
175735,7,4
64959,7,6
95709,7,3
234415,7,7
198055,7,7
234019,7,7
21035,7,7
50208,7,7
144802,7,7
268143,7,1
123965,7,7
49421,7,7
77752,7,7
268160,7,7
133516,7,7
200456,7,7
211552,7,7
106417,7,7
50256,7,7
265550,7,7
115577,7,1
12652,7,6
141674,7,1
150427,7,0
218452,7,7
264387,7,0
277128,7,7
240659,7,7
55551,7,7
259712,7,7
264919,7,0
222289,7,0
66589,7,7
205494,7,0
251508,7,4
248822,7,7
112670,7,0
153648,7,7
176890,7,6
251069,7,7
114973,7,7
85117,7,7
256656,7,7
211564,7,7
94583,7,3
127382,7,3
127426,7,7
44776,7,3
51439,7,0
155714,7,3
87443,7,5
110394,7,7
32975,7,7
233926,7,7
25286,7,0
227332,7,0
132199,7,3
201423,7,0
76823,7,4
293064,7,2
211434,7,7
150451,7,6
98150,7,3
37799,7,7
65945,7,7
253326,7,7
225815,7,7
95532,7,7
195606,7,7
115460,7,6
258181,7,7
123858,7,5
130661,7,7
155419,7,7
27190,7,7
69501,7,7
170158,7,3
266855,7,7
86854,7,0
265794,7,7
4115,7,7
211918,7,7
62374,7,7
289760,7,7
65143,7,1
77139,7,7
108314,7,3
83866,7,1
1619,7,7
276018,7,7
238766,7,7
120804,7,4
182043,7,6
218654,7,7
106736,7,7
256613,7,7
168224,7,7
165741,7,7
19256,7,7
218928,7,7
174437,7,2
66775,7,0
105693,7,7
84472,7,3
94799,7,7
213604,7,0
160429,7,7
165781,7,7
125919,7,7
194594,7,1
187711,7,7
64584,7,7
208238,7,7
41909,7,7
13760,7,6
114806,7,7
158866,7,7
97911,7,3
170213,7,7
59487,7,0
86917,7,4
243887,7,7
165245,7,7
37782,7,5
228309,7,7
269704,7,7
250803,7,0
98716,7,0
226548,7,7
121424,7,7
266829,7,5
236215,7,2
40883,7,3
210324,7,7
265523,7,7
115112,7,7
83248,7,7
5417,7,6
233986,7,7
231988,7,7
226490,7,7
171780,7,7
266480,7,7
64240,7,7
259408,7,0
90483,7,7
152155,7,3
86094,7,3
269826,7,3
244908,7,1
284297,7,7
36632,7,7
170495,7,7
173196,7,0
178744,7,7
137720,7,7
207288,7,1
192059,7,7
77918,7,7
89286,7,3
224736,7,7
238715,7,7
236657,7,0
151778,7,4
181347,7,3
210433,7,7
14590,7,7
256284,7,7
193144,7,2
27481,7,5
216804,7,0
119169,7,0
173406,7,3
273194,7,7
70890,7,7
175742,7,7
154421,7,7
227406,7,7
35659,7,6
150935,7,0
51908,7,7
73374,7,7
22054,7,6
86589,7,4
94891,7,7
184396,7,7
78924,7,5
31573,7,0
266900,7,7
39155,7,6
56483,7,7
195044,7,7
271406,7,6
45770,7,7
267039,7,7
131121,7,7
18511,7,7
264913,7,7
264450,7,7
223673,7,7
186220,7,7
240198,7,7
105953,7,1
135958,7,1
87328,7,7
91072,7,4
215998,7,7
98802,7,7
25478,7,1
39405,7,2
194283,7,7
288836,7,4
276220,7,4
17395,7,7
190679,7,3
118649,7,4
108448,7,7
73707,7,7
171042,7,7
162843,7,7
205973,7,7
139824,7,0
36851,7,7
3625,7,0
165568,7,7
258520,7,1
136602,7,7
77860,7,3
196913,7,0
204011,7,7
50905,7,7
50404,7,6
217543,7,7
283887,7,0
277979,7,7
213309,7,7
446,7,7
118215,7,3
67558,7,7
17945,7,7
92468,7,4
91299,7,7
183767,7,7
103459,7,5
194591,7,7
229436,7,7
129980,7,7
34480,7,7
271599,7,4
1151,7,7
273054,7,4
150358,7,7
31257,7,1
13957,7,2
88404,7,7
260434,7,7
246349,7,7
44335,7,7
95342,7,7
190718,7,7
77493,7,7
245222,7,7
214020,7,4
221207,7,7
212132,7,4
121352,7,7
272773,7,7
67619,7,7
257214,7,7
284029,7,7
52821,7,3
100385,7,7
5398,7,7
220180,7,4
68093,7,7
164247,7,4
11885,7,7
51889,7,6
249461,7,7
179092,7,7
241743,7,1
59327,7,7
61876,7,7
128719,7,0
203916,7,7
127560,7,7
200527,7,7
275427,7,7
246685,7,7
6872,7,7
257744,7,0
31868,7,7
151047,7,7
170569,7,7
180794,7,4
44395,7,7
201640,7,0
265049,7,7
71922,7,7
8225,7,7
263336,7,7
51993,7,7
142700,7,7
266379,7,7
267386,7,0
9111,7,7
248322,7,0
31749,7,7
63443,7,7
180663,7,6
150083,7,3
41938,7,7
59923,7,7
230988,7,7
123476,7,2
83790,7,7
253608,7,7
193294,7,7
204173,7,7
46449,7,7
91041,7,3
233424,7,6
236008,7,0
164385,7,7
65766,7,3
245677,7,7
32899,7,5
175869,7,7
136821,7,5
120277,7,7
10447,7,5
7049,7,3
77392,7,7
23052,7,7
10888,7,7
48813,7,7
268754,7,7
173811,7,7
247605,7,0
44069,7,1
247183,7,6
107250,7,6
28576,7,5
116336,7,7
55534,7,7
262971,7,7
35999,7,7
45610,7,7
114414,7,7
35595,7,7
274205,7,7
139214,7,0
154310,7,1
36090,7,4
94702,7,2
75164,7,3
138610,7,3
106704,7,7
57971,7,6
187954,7,7
168638,7,3
84274,7,7
249686,7,7
148631,7,7
133845,7,7
295052,7,0
4561,7,7
277595,7,7
4697,7,6
30715,7,0
104028,7,4
283707,7,6
33359,7,7
142754,7,0
108696,7,2
247040,7,7
178205,7,7
186948,7,7
244312,7,0
212292,7,1
38640,7,0
66579,7,7
31064,7,0
106661,7,2
196266,7,7
265371,7,7
231782,7,5
251279,7,7
268196,7,4
264175,7,7
87927,7,5
229878,7,1
248145,7,7
142533,7,7
292876,7,0
27013,7,7
291375,7,7
276015,7,0
77912,7,7
179010,7,5
273487,7,7
10079,7,7
164082,7,3
36220,7,2
258816,7,7
287552,7,7
249335,7,4
225772,7,7
32313,7,5
62335,7,7
238032,7,7
66198,7,7
256642,7,4
1857,7,7
17307,7,7
267791,7,6
86337,7,7
272536,7,4
38351,7,3
107542,7,6
31457,7,3
242607,7,7
264263,7,7
253044,7,7
165159,7,5
248509,7,7
83644,7,7
276986,7,7
109212,7,2
192500,7,4
232925,7,7
49163,7,3
40343,7,7
240624,7,7
267143,7,1
221838,7,7
42029,7,3
162042,7,0
131163,7,7
193769,7,7
181356,7,7
40970,7,7
218952,7,6
270632,7,5
119006,7,7
144361,7,0
141271,7,7
208630,7,3
245311,7,7
129020,7,4
14389,7,7
277632,7,7
140725,7,4
158259,7,7
390,7,0
76582,7,4
164358,7,7
98068,7,7
186395,7,7
241740,7,7
20390,7,0
240217,7,7
10155,7,7
148814,7,7
129508,7,7
55788,7,7
189008,7,7
241823,7,7
37235,7,7
248507,7,7
53053,7,6
274495,7,7
28313,7,7
76600,7,7
137837,7,5
174401,7,7
16715,7,7
17459,7,7
8850,7,4
203297,7,7
219258,7,7
62497,7,0
273293,7,7
17995,7,7
247584,7,4
222384,7,7
248013,7,5
170818,7,7
252017,7,7
224098,7,7
234656,7,7
102492,7,6
30881,7,7
113469,7,7
60760,7,7
271114,7,7
140021,7,6
58286,7,7
119842,7,7
21174,7,7
24788,7,7
294851,7,7
156714,7,6
153845,7,7
66128,7,7
61786,7,6
192354,7,7
58643,7,6
16420,7,7
108111,7,7
15580,7,7
188547,7,7
7752,7,7
243171,7,3
20846,7,7
137329,7,7
54314,7,7
243327,7,7
195719,7,0
161129,7,7
216685,7,7
241906,7,6
238718,7,7
117506,7,6
237484,7,0
5115,7,7
112809,7,7
249909,7,7
204130,7,7
179269,7,7
134440,7,7
20183,7,7
173469,7,7
120316,7,7
155144,7,4
85509,7,3
287908,7,6
183700,7,7
216270,7,7
138200,7,6
3170,7,7
211438,7,6
239721,7,6
168724,7,7
92446,7,7
262186,7,1
160544,7,3
55593,7,7
215879,7,7
215720,7,7
54385,7,7
253323,7,4
28369,7,7
41524,7,6
265408,7,7
186944,7,7
232623,7,4
245317,7,5
89570,7,3
135814,7,6
252478,7,7
130215,7,7
266712,7,1
48452,7,2
140357,7,7
289137,7,1
216739,7,0
193496,7,6
181245,7,3
164311,7,7
283166,7,7
270040,7,7
56921,7,3
252232,7,0
249315,7,7
5383,7,6
162150,7,2
249455,7,4
200159,7,7
76246,7,7
123838,7,7
267119,7,7
149637,7,7
254484,7,6
115683,7,7
201709,7,7
261356,7,4
75488,7,7
9131,7,7
238775,7,7
295093,7,7
46575,7,3
128465,7,7
154375,7,0
288319,7,7
263105,7,7
186949,7,5
139716,7,5
27398,7,7
180635,7,7
256080,7,4
206579,7,7
135717,7,7
12202,7,7
179459,7,7
260814,7,7
144404,7,7
123724,7,7
149723,7,7
82005,7,7
63483,7,4
152887,7,7
130400,7,3
172950,7,7
115961,7,7
21216,7,7
24984,7,7
163613,7,7
38439,7,3
58928,7,7
55027,7,0
290451,7,6
115545,7,7
251087,7,7
192130,7,7
247531,7,7
263347,7,7
23534,7,7
127826,7,7
197755,7,7
160844,7,7
162890,7,4
23402,7,4
263589,7,3
168381,7,7
94083,7,7
1474,7,7
239692,7,7
62467,7,0
165534,7,7
28456,7,3
183990,7,0
239914,7,7
73462,7,7
268459,7,7
21814,7,4
38614,7,7
260111,7,7
80614,7,7
36857,7,7
248826,7,7
163609,7,7
60010,7,0
128677,7,7
242783,7,3
155024,7,7
238966,7,3
165866,7,4
153749,7,7
88894,7,7
129821,7,0
97407,7,7
150632,7,7
169658,7,7
199458,7,3
109108,7,7
222163,7,7
114730,7,7
129306,7,7
168602,7,7
105744,7,4
8780,7,7
116321,7,7
260592,7,7
35255,7,7
77015,7,3
159199,7,7
159035,7,7
26141,7,7
240635,7,7
204923,7,7
22226,7,7
206917,7,7
26111,7,7
162001,7,7
12052,7,7
156668,7,7
227501,7,3
111654,7,1
48097,7,7
137286,7,1
239549,7,7
270824,7,7
46485,7,7
208918,7,3
196491,7,0
111875,7,6
66101,7,1
123386,7,7
293622,7,3
292598,7,7
74008,7,5
91985,7,7
224327,7,7
240649,7,6
120642,7,7
47051,7,0
52642,7,0
81984,7,7
154843,7,7
21818,7,4
4970,7,2
197991,7,7
149639,7,2
31499,7,7
276437,7,1
98400,7,6
112001,7,7
4559,7,7
100028,7,5
51826,7,6
194045,7,7
81020,7,7
68133,7,7
208149,7,4
134118,7,7
6946,7,0
91148,7,7
54443,7,0
228892,7,7
119119,7,7
115233,7,6
252854,7,7
1149,7,7
277488,7,7
150212,7,0
126560,7,7
141580,7,5
262920,7,4
203203,7,0
43719,7,7
247591,7,7
157714,7,2
141061,7,6
239743,7,0
243927,7,7
258410,7,2
70407,7,7
25081,7,6
171544,7,7
283366,7,0
1203,7,7
261658,7,7
198127,7,0
169124,7,7
108941,7,7
157599,7,0
190625,7,6
258329,7,3
47391,7,7
29839,7,7
133716,7,7
128576,7,1
85922,7,7
134838,7,7
192357,7,0
58765,7,7
19216,7,7
271505,7,3
98464,7,7
59637,7,7
166778,7,7
246714,7,2
171513,7,7
225784,7,7
119686,7,0
53103,7,3
91355,7,7
95258,7,7
107252,7,7
21532,7,7
272650,7,7
10740,7,7
76745,7,3
269297,7,7
67671,7,7
1257,7,7
60717,7,7
210222,7,7
204980,7,4
34924,7,7
123330,7,3
75144,7,7
240122,7,7
262732,7,7
277307,7,7
151692,7,6
251596,7,7
215101,7,7
169053,7,7
105426,7,1
160673,7,7
31462,7,6
